-- MySQL dump 10.13  Distrib 5.7.13, for linux-glibc2.5 (x86_64)
--
-- Host: localhost    Database: dikscheduling
-- ------------------------------------------------------
-- Server version	5.7.19-0ubuntu0.17.04.1

/*!40101 SET @OLD_CHARACTER_SET_CLIENT=@@CHARACTER_SET_CLIENT */;
/*!40101 SET @OLD_CHARACTER_SET_RESULTS=@@CHARACTER_SET_RESULTS */;
/*!40101 SET @OLD_COLLATION_CONNECTION=@@COLLATION_CONNECTION */;
/*!40101 SET NAMES utf8 */;
/*!40103 SET @OLD_TIME_ZONE=@@TIME_ZONE */;
/*!40103 SET TIME_ZONE='+00:00' */;
/*!40014 SET @OLD_UNIQUE_CHECKS=@@UNIQUE_CHECKS, UNIQUE_CHECKS=0 */;
/*!40014 SET @OLD_FOREIGN_KEY_CHECKS=@@FOREIGN_KEY_CHECKS, FOREIGN_KEY_CHECKS=0 */;
/*!40101 SET @OLD_SQL_MODE=@@SQL_MODE, SQL_MODE='NO_AUTO_VALUE_ON_ZERO' */;
/*!40111 SET @OLD_SQL_NOTES=@@SQL_NOTES, SQL_NOTES=0 */;

--
-- Table structure for table `Assembly`
--

DROP TABLE IF EXISTS `Assembly`;
/*!40101 SET @saved_cs_client     = @@character_set_client */;
/*!40101 SET character_set_client = utf8 */;
CREATE TABLE `Assembly` (
  `id` int(11) NOT NULL AUTO_INCREMENT,
  `name` varchar(255) NOT NULL,
  `lastActive` datetime DEFAULT NULL,
  `failureNumber` int(11) DEFAULT '0',
  `failureTime` int(11) DEFAULT '0',
  PRIMARY KEY (`id`)
) ENGINE=InnoDB AUTO_INCREMENT=126 DEFAULT CHARSET=utf8;
/*!40101 SET character_set_client = @saved_cs_client */;

--
-- Dumping data for table `Assembly`
--

LOCK TABLES `Assembly` WRITE;
/*!40000 ALTER TABLE `Assembly` DISABLE KEYS */;
INSERT INTO `Assembly` VALUES (1,'assembly1',NULL,0,0),(2,'assembly1',NULL,0,0),(3,'assembly2',NULL,0,0),(4,'assembly1',NULL,0,0),(5,'assembly2',NULL,0,0),(6,'a1',NULL,0,0),(7,'a2',NULL,0,0),(8,'a1',NULL,0,0),(9,'a2',NULL,0,0),(10,'a1',NULL,0,0),(11,'a2',NULL,0,0),(12,'a1',NULL,0,0),(13,'a1',NULL,0,0),(14,'a1',NULL,0,0),(15,'a1',NULL,0,0),(16,'a2',NULL,0,0),(17,'xcvxcv',NULL,0,0),(18,'a1',NULL,0,0),(19,'a2',NULL,0,0),(20,'a1',NULL,0,0),(21,'a2',NULL,0,0),(22,'a1',NULL,0,0),(23,'a2','2017-06-12 15:28:26',0,0),(24,'a1',NULL,0,0),(25,'a2',NULL,0,0),(26,'a1',NULL,0,0),(27,'a2',NULL,0,0),(28,'a1',NULL,0,0),(29,'a2',NULL,0,0),(30,'a1',NULL,0,0),(31,'a2',NULL,0,0),(32,'a1',NULL,0,0),(33,'a2',NULL,0,0),(34,'a1',NULL,0,0),(35,'a2',NULL,0,0),(36,'a1',NULL,0,0),(37,'a2',NULL,0,0),(38,'a1',NULL,0,0),(39,'a2',NULL,0,0),(40,'a1',NULL,0,0),(41,'a2',NULL,0,0),(42,'a1',NULL,0,0),(43,'a2',NULL,0,0),(44,'a1',NULL,0,0),(45,'a2',NULL,0,0),(46,'a1',NULL,0,0),(47,'a2',NULL,0,0),(48,'a1',NULL,0,0),(49,'a2',NULL,0,0),(50,'a1',NULL,0,0),(51,'a2',NULL,0,0),(52,'a1',NULL,0,0),(53,'a2',NULL,0,0),(54,'a1',NULL,0,0),(55,'a2',NULL,0,0),(56,'a1',NULL,0,0),(57,'a2',NULL,0,0),(58,'a1',NULL,0,0),(59,'a2',NULL,0,0),(60,'a1',NULL,0,0),(61,'a2',NULL,0,0),(62,'a1',NULL,0,0),(63,'a2',NULL,0,0),(64,'A1',NULL,0,0),(65,'a2',NULL,0,0),(66,'A3',NULL,0,0),(67,'A4',NULL,0,0),(68,'A5',NULL,0,0),(69,'A6',NULL,0,0),(70,'q',NULL,0,0),(71,'A1',NULL,0,0),(72,'a2',NULL,0,0),(73,'A3',NULL,0,0),(74,'A4',NULL,0,0),(75,'A5',NULL,0,0),(76,'A6',NULL,0,0),(77,'1',NULL,0,0),(78,'we',NULL,0,0),(79,'dfg',NULL,0,0),(80,'A1',NULL,0,0),(81,'a2',NULL,0,0),(82,'A3',NULL,0,0),(83,'A4',NULL,0,0),(84,'A5',NULL,0,0),(85,'A6',NULL,0,0),(86,'A1',NULL,0,0),(87,'a2',NULL,0,0),(88,'A3',NULL,0,0),(89,'A4',NULL,0,0),(90,'A5',NULL,0,0),(91,'A6',NULL,0,0),(92,'a1','2017-06-12 16:37:48',0,0),(93,'a2',NULL,0,0),(94,'a1','2017-06-13 10:52:21',0,0),(95,'a2','2017-06-13 10:52:18',0,0),(96,'A1','2017-06-17 10:28:55',0,0),(97,'a2','2017-06-17 10:28:56',0,0),(98,'A3','2017-06-17 10:28:55',0,0),(99,'A4','2017-06-17 10:28:55',0,0),(100,'A5','2017-06-17 10:28:51',0,0),(101,'A6','2017-06-17 10:28:55',0,0),(102,'a1','2017-07-18 13:14:02',0,0),(103,'a2','2017-07-18 13:14:00',0,0),(104,'A1','2017-07-24 23:22:35',0,0),(105,'a2','2017-07-24 23:22:37',0,0),(106,'A3','2017-07-24 23:22:35',0,0),(107,'A4','2017-07-24 23:22:37',0,0),(108,'A5','2017-07-24 23:22:37',0,0),(109,'A6','2017-07-24 23:22:34',0,0),(110,'A1','2017-07-22 11:13:39',0,0),(111,'a2','2017-07-22 11:13:41',0,0),(112,'A3','2017-07-22 11:13:39',0,0),(113,'A4','2017-07-22 11:13:37',0,0),(114,'A5','2017-07-22 11:13:40',0,0),(115,'A6','2017-07-22 11:13:37',0,0),(116,'a1',NULL,0,0),(117,'a2',NULL,0,0),(118,'a1','2017-07-25 14:05:08',2,20),(119,'a2','2017-07-25 14:05:08',3,45),(120,'A1','2017-07-25 15:40:39',2,20),(121,'a2','2017-07-25 15:40:41',2,20),(122,'A3','2017-07-25 15:40:40',2,20),(123,'A4','2017-07-25 15:40:39',2,20),(124,'A5','2017-07-25 15:40:40',2,20),(125,'A6','2017-07-25 15:40:40',2,20);
/*!40000 ALTER TABLE `Assembly` ENABLE KEYS */;
UNLOCK TABLES;

--
-- Table structure for table `Assembly_state`
--

DROP TABLE IF EXISTS `Assembly_state`;
/*!40101 SET @saved_cs_client     = @@character_set_client */;
/*!40101 SET character_set_client = utf8 */;
CREATE TABLE `Assembly_state` (
  `name` varchar(255) NOT NULL,
  PRIMARY KEY (`name`),
  UNIQUE KEY `name_UNIQUE` (`name`)
) ENGINE=InnoDB DEFAULT CHARSET=utf8;
/*!40101 SET character_set_client = @saved_cs_client */;

--
-- Dumping data for table `Assembly_state`
--

LOCK TABLES `Assembly_state` WRITE;
/*!40000 ALTER TABLE `Assembly_state` DISABLE KEYS */;
INSERT INTO `Assembly_state` VALUES ('In-Progress'),('NOT-WORKING'),('Stopped');
/*!40000 ALTER TABLE `Assembly_state` ENABLE KEYS */;
UNLOCK TABLES;

--
-- Table structure for table `Component`
--

DROP TABLE IF EXISTS `Component`;
/*!40101 SET @saved_cs_client     = @@character_set_client */;
/*!40101 SET character_set_client = utf8 */;
CREATE TABLE `Component` (
  `id` int(11) NOT NULL AUTO_INCREMENT,
  `name` varchar(255) NOT NULL,
  `last_active` datetime DEFAULT NULL,
  PRIMARY KEY (`id`)
) ENGINE=InnoDB AUTO_INCREMENT=140 DEFAULT CHARSET=utf8;
/*!40101 SET character_set_client = @saved_cs_client */;

--
-- Dumping data for table `Component`
--

LOCK TABLES `Component` WRITE;
/*!40000 ALTER TABLE `Component` DISABLE KEYS */;
INSERT INTO `Component` VALUES (1,'component1',NULL),(2,'componnt2',NULL),(3,'component1',NULL),(4,'componnt2',NULL),(5,'component1',NULL),(6,'componnt2',NULL),(7,'c1',NULL),(8,'c2',NULL),(9,'c1',NULL),(10,'c2',NULL),(11,'c1',NULL),(12,'c2',NULL),(13,'c1',NULL),(14,'c2',NULL),(15,'c1',NULL),(16,'c2',NULL),(17,'c1',NULL),(18,'c2',NULL),(19,'c1',NULL),(20,'c2',NULL),(21,'aawr',NULL),(22,'aawr',NULL),(23,'aawr3',NULL),(24,'aawr3',NULL),(25,'aawr3',NULL),(26,'sdfsdf',NULL),(27,'sdfsdf',NULL),(28,'sdfsdf',NULL),(29,'sdfsdf',NULL),(30,'sdfsdf',NULL),(31,'sdfsdf',NULL),(32,'sdfsdf',NULL),(33,'sdfsdf',NULL),(34,'c1',NULL),(35,'c2',NULL),(36,'c1',NULL),(37,'c2',NULL),(38,'c1',NULL),(39,'c2',NULL),(40,'c1',NULL),(41,'c2',NULL),(42,'c1',NULL),(43,'c2',NULL),(44,'c1',NULL),(45,'c2',NULL),(46,'c1',NULL),(47,'c2',NULL),(48,'c1',NULL),(49,'c2',NULL),(50,'c1',NULL),(51,'c2',NULL),(52,'c1',NULL),(53,'c2',NULL),(54,'c1',NULL),(55,'c2',NULL),(56,'c1',NULL),(57,'c2',NULL),(58,'c1',NULL),(59,'c2',NULL),(60,'c1',NULL),(61,'c2',NULL),(62,'c1',NULL),(63,'c2',NULL),(64,'c1',NULL),(65,'c2',NULL),(66,'c1',NULL),(67,'c2',NULL),(68,'c1',NULL),(69,'c2',NULL),(70,'c1',NULL),(71,'c2',NULL),(72,'c1',NULL),(73,'c2',NULL),(74,'c1',NULL),(75,'c2',NULL),(76,'c1',NULL),(77,'c2',NULL),(78,'c1',NULL),(79,'c2',NULL),(80,'Component1',NULL),(81,'Component1',NULL),(82,'Component1',NULL),(83,'Component1',NULL),(84,'Component1',NULL),(85,'q1','2017-06-01 14:20:59'),(86,'Component1',NULL),(87,'Component1',NULL),(88,'Component1',NULL),(89,'Component1',NULL),(90,'Component1',NULL),(91,'2',NULL),(92,'d',NULL),(93,'d',NULL),(94,'f',NULL),(95,'Component1',NULL),(96,'Component1',NULL),(97,'Component1',NULL),(98,'Component1',NULL),(99,'Component1',NULL),(100,'Component1','2017-06-06 13:59:05'),(101,'Component1','2017-06-06 13:59:02'),(102,'Component1','2017-06-06 13:59:03'),(103,'Component1','2017-06-06 13:59:02'),(104,'Component1','2017-06-06 13:59:02'),(105,'c1','2017-07-03 18:44:21'),(106,'c2','2017-06-10 00:21:38'),(107,'c1','2017-06-13 10:52:20'),(108,'c2','2017-06-13 10:52:17'),(109,'Component1','2017-06-17 10:28:56'),(110,'Component1','2017-06-17 10:28:56'),(111,'Component1','2017-06-17 10:28:56'),(112,'Component1','2017-06-17 10:28:55'),(113,'Component1','2017-06-17 10:28:50'),(114,'c1','2017-07-18 13:14:01'),(115,'c2','2017-07-18 13:13:59'),(116,'Component1','2017-07-24 23:09:20'),(117,'Component1','2017-07-24 23:09:37'),(118,'Component1','2017-07-24 23:09:50'),(119,'Component1','2017-07-24 23:10:08'),(120,'Component1','2017-07-24 23:10:21'),(121,'Component1','2017-07-22 11:02:56'),(122,'Component1','2017-07-22 11:03:39'),(123,'Component1','2017-07-22 11:04:18'),(124,'Component1','2017-07-22 11:05:02'),(125,'Component1','2017-07-22 11:05:40'),(126,'componentSet2','2017-07-22 11:06:19'),(127,'componentSet2','2017-07-22 11:07:04'),(128,'componentSet2','2017-07-22 11:07:22'),(129,'componentSet2','2017-07-22 11:07:45'),(130,'componentSet2','2017-07-22 11:08:05'),(131,'1',NULL),(132,'1',NULL),(133,'1','2017-07-25 14:03:25'),(134,'1','2017-07-25 14:02:48'),(135,'Component1','2017-07-25 15:29:00'),(136,'Component1','2017-07-25 15:30:10'),(137,'Component1','2017-07-25 15:31:02'),(138,'Component1','2017-07-25 15:31:21'),(139,'Component1','2017-07-25 15:31:38');
/*!40000 ALTER TABLE `Component` ENABLE KEYS */;
UNLOCK TABLES;

--
-- Table structure for table `Operation`
--

DROP TABLE IF EXISTS `Operation`;
/*!40101 SET @saved_cs_client     = @@character_set_client */;
/*!40101 SET character_set_client = utf8 */;
CREATE TABLE `Operation` (
  `id` int(11) NOT NULL AUTO_INCREMENT,
  `name` varchar(255) NOT NULL,
  PRIMARY KEY (`id`)
) ENGINE=InnoDB AUTO_INCREMENT=220 DEFAULT CHARSET=utf8;
/*!40101 SET character_set_client = @saved_cs_client */;

--
-- Dumping data for table `Operation`
--

LOCK TABLES `Operation` WRITE;
/*!40000 ALTER TABLE `Operation` DISABLE KEYS */;
INSERT INTO `Operation` VALUES (1,'A'),(2,'B'),(3,'C'),(4,'D'),(5,'A'),(6,'B'),(7,'C'),(8,'D'),(9,'A'),(10,'B'),(11,'C'),(12,'D'),(13,'fixed in Registration omdule'),(14,'o1'),(15,'o2'),(16,'o3'),(17,'fixed in Registration omdule'),(18,'o1'),(19,'o2'),(20,'o3'),(21,'fixed in Registration omdule'),(22,'o1'),(23,'o2'),(24,'o3'),(25,'fixed in Registration omdule'),(26,'o1'),(27,'o2'),(28,'o3'),(29,'fixed in Registration omdule'),(30,'o1'),(31,'o2'),(32,'o3'),(33,'fixed in Registration omdule'),(34,'o1'),(35,'o2'),(36,'o3'),(37,'fixed in Registration omdule'),(38,'o1'),(39,'o2'),(40,'o3'),(41,'fixed in Registration omdule'),(42,'fixed in Registration omdule'),(43,'asasf'),(44,'sdfsdf'),(45,'sdfsdf'),(46,'sdfds'),(47,'sdfsdffff'),(48,'eweee'),(49,'wwww'),(50,'fixed in Registration omdule'),(51,'o1'),(52,'o2'),(53,'o3'),(54,'fixed in Registration omdule'),(55,'o1'),(56,'o2'),(57,'o3'),(58,'fixed in Registration omdule'),(59,'o1'),(60,'o2'),(61,'o3'),(62,'fixed in Registration omdule'),(63,'o1'),(64,'o2'),(65,'o3'),(66,'fixed in Registration omdule'),(67,'o1'),(68,'o2'),(69,'o3'),(70,'fixed in Registration omdule'),(71,'o1'),(72,'o2'),(73,'o3'),(74,'fixed in Registration omdule'),(75,'o1'),(76,'o2'),(77,'o3'),(78,'fixed in Registration omdule'),(79,'o1'),(80,'o2'),(81,'o3'),(82,'fixed in Registration omdule'),(83,'o1'),(84,'o2'),(85,'o3'),(86,'fixed in Registration omdule'),(87,'o1'),(88,'o2'),(89,'o3'),(90,'fixed in Registration omdule'),(91,'o1'),(92,'o2'),(93,'o3'),(94,'fixed in Registration omdule'),(95,'o1'),(96,'o2'),(97,'o3'),(98,'fixed in Registration omdule'),(99,'o1'),(100,'o2'),(101,'o3'),(102,'fixed in Registration omdule'),(103,'o1'),(104,'o2'),(105,'o3'),(106,'fixed in Registration omdule'),(107,'o1'),(108,'o2'),(109,'o3'),(110,'fixed in Registration omdule'),(111,'o1'),(112,'o2'),(113,'o3'),(114,'fixed in Registration omdule'),(115,'o1'),(116,'o2'),(117,'o3'),(118,'fixed in Registration omdule'),(119,'o1'),(120,'o2'),(121,'o3'),(122,'fixed in Registration omdule'),(123,'o1'),(124,'o2'),(125,'o3'),(126,'fixed in Registration omdule'),(127,'o1'),(128,'o2'),(129,'o3'),(130,'fixed in Registration omdule'),(131,'o1'),(132,'o2'),(133,'o3'),(134,'fixed in Registration omdule'),(135,'o1'),(136,'o2'),(137,'o3'),(138,'fixed in Registration omdule'),(139,'o1'),(140,'o2'),(141,'o3'),(142,'op1'),(143,'op2'),(144,'op3'),(145,'op4'),(146,'op5'),(147,'op6'),(148,'q1'),(149,'w1'),(150,'op1'),(151,'op2'),(152,'op3'),(153,'op4'),(154,'op5'),(155,'op6'),(156,'fixed in Registration omdule'),(157,'2'),(158,'3'),(159,'fixed in Registration omdule'),(160,'dsf'),(161,'fixed in Registration omdule'),(162,'dfg'),(163,'fixed in Registration omdule'),(164,'op1'),(165,'op2'),(166,'op3'),(167,'op4'),(168,'op5'),(169,'op6'),(170,'op1'),(171,'op2'),(172,'op3'),(173,'op4'),(174,'op5'),(175,'op6'),(176,'fixed in Registration omdule'),(177,'o1'),(178,'o2'),(179,'o3'),(180,'fixed in Registration omdule'),(181,'o1'),(182,'o2'),(183,'o3'),(184,'op1'),(185,'op2'),(186,'op3'),(187,'op4'),(188,'op5'),(189,'op6'),(190,'fixed in Registration omdule'),(191,'o1'),(192,'o2'),(193,'o3'),(194,'op1'),(195,'op2'),(196,'op3'),(197,'op4'),(198,'op5'),(199,'op6'),(200,'op1'),(201,'op2'),(202,'op3'),(203,'op4'),(204,'op5'),(205,'op6'),(206,'fixed in Registration omdule'),(207,'2'),(208,'3'),(209,'4'),(210,'fixed in Registration omdule'),(211,'2'),(212,'3'),(213,'4'),(214,'op1'),(215,'op2'),(216,'op3'),(217,'op4'),(218,'op5'),(219,'op6');
/*!40000 ALTER TABLE `Operation` ENABLE KEYS */;
UNLOCK TABLES;

--
-- Table structure for table `SimulationAssemblyMap`
--

DROP TABLE IF EXISTS `SimulationAssemblyMap`;
/*!40101 SET @saved_cs_client     = @@character_set_client */;
/*!40101 SET character_set_client = utf8 */;
CREATE TABLE `SimulationAssemblyMap` (
  `simulation_id` int(11) NOT NULL,
  `assembly_id` int(11) NOT NULL,
  `url` varchar(255) DEFAULT NULL,
  KEY `fk_SimulationAssemblyMap_1` (`assembly_id`),
  KEY `fk_SimulationAssemblyMap_2_idx` (`simulation_id`),
  CONSTRAINT `fk_SimulationAssemblyMap_1` FOREIGN KEY (`assembly_id`) REFERENCES `Assembly` (`id`) ON DELETE NO ACTION ON UPDATE NO ACTION,
  CONSTRAINT `fk_SimulationAssemblyMap_2` FOREIGN KEY (`simulation_id`) REFERENCES `simulation` (`id`) ON DELETE NO ACTION ON UPDATE NO ACTION
) ENGINE=InnoDB DEFAULT CHARSET=utf8;
/*!40101 SET character_set_client = @saved_cs_client */;

--
-- Dumping data for table `SimulationAssemblyMap`
--

LOCK TABLES `SimulationAssemblyMap` WRITE;
/*!40000 ALTER TABLE `SimulationAssemblyMap` DISABLE KEYS */;
INSERT INTO `SimulationAssemblyMap` VALUES (1,2,NULL),(2,4,'http://localhost:8081'),(2,5,'http://localhost:8082'),(3,6,NULL),(3,7,NULL),(4,8,NULL),(4,9,NULL),(5,10,NULL),(5,11,NULL),(9,15,NULL),(9,16,NULL),(11,17,NULL),(12,18,NULL),(12,19,NULL),(13,20,NULL),(13,21,NULL),(14,22,NULL),(14,23,NULL),(15,24,NULL),(15,25,NULL),(16,26,NULL),(16,27,NULL),(17,28,NULL),(17,29,NULL),(18,30,NULL),(18,31,NULL),(19,32,NULL),(19,33,NULL),(20,34,NULL),(20,35,NULL),(21,36,NULL),(21,37,NULL),(22,38,NULL),(22,39,NULL),(23,40,NULL),(23,41,NULL),(24,42,NULL),(24,43,NULL),(25,44,NULL),(25,45,NULL),(26,46,NULL),(26,47,NULL),(27,48,NULL),(27,49,NULL),(28,50,NULL),(28,51,NULL),(29,52,NULL),(29,53,NULL),(30,54,NULL),(30,55,NULL),(31,56,NULL),(31,57,NULL),(32,58,NULL),(32,59,NULL),(33,60,NULL),(33,61,NULL),(34,62,'http://localhost:8082'),(34,63,'http://localhost:8083'),(35,64,'http://localhost:8085'),(35,65,'http://localhost:8086'),(35,66,'http://localhost:8087'),(35,67,'http://localhost:8088'),(35,68,'http://localhost:8089'),(35,69,'http://localhost:8090'),(36,70,'http://localhost:8080'),(37,71,'http://localhost:8085'),(37,72,'http://localhost:8086'),(37,73,'http://localhost:8087'),(37,74,'http://localhost:8088'),(37,75,'http://localhost:8089'),(37,76,'http://localhost:8090'),(38,77,'http://localhost:8081'),(39,78,NULL),(40,79,NULL),(42,80,'http://localhost:8085'),(42,81,'http://localhost:8086'),(42,82,'http://localhost:8087'),(42,83,'http://localhost:8088'),(42,84,'http://localhost:8089'),(42,85,'http://localhost:8090'),(43,86,'http://localhost:8085'),(43,87,'http://localhost:8086'),(43,88,'http://localhost:8087'),(43,89,'http://localhost:8088'),(43,90,'http://localhost:8089'),(43,91,'http://localhost:8090'),(44,92,'http://localhost:8080'),(44,93,'http://localhost:8081'),(45,94,'http://localhost:8082'),(45,95,'http://localhost:8083'),(46,96,'http://localhost:8085'),(46,97,'http://localhost:8086'),(46,98,'http://localhost:8087'),(46,99,'http://localhost:8088'),(46,100,'http://localhost:8089'),(46,101,'http://localhost:8090'),(47,102,'http://localhost:8082'),(47,103,'http://localhost:8083'),(48,104,'http://localhost:8085'),(48,105,'http://localhost:8086'),(48,106,'http://localhost:8087'),(48,107,'http://localhost:8088'),(48,108,'http://localhost:8089'),(48,109,'http://localhost:8090'),(49,110,'http://localhost:8090'),(49,111,'http://localhost:8091'),(49,112,'http://localhost:8092'),(49,113,'http://localhost:8093'),(49,114,'http://localhost:8094'),(49,115,'http://localhost:8095'),(52,116,NULL),(52,117,NULL),(53,118,'http://localhost:8082'),(53,119,'http://localhost:8083'),(54,120,'http://localhost:8085'),(54,121,'http://localhost:8086'),(54,122,'http://localhost:8087'),(54,123,'http://localhost:8088'),(54,124,'http://localhost:8089'),(54,125,'http://localhost:8090');
/*!40000 ALTER TABLE `SimulationAssemblyMap` ENABLE KEYS */;
UNLOCK TABLES;

--
-- Table structure for table `assembly_operation_mapping`
--

DROP TABLE IF EXISTS `assembly_operation_mapping`;
/*!40101 SET @saved_cs_client     = @@character_set_client */;
/*!40101 SET character_set_client = utf8 */;
CREATE TABLE `assembly_operation_mapping` (
  `assembly_id` int(11) NOT NULL,
  `operation_id` int(11) NOT NULL,
  `operation_time` int(11) NOT NULL,
  `status` varchar(255) NOT NULL,
  KEY `fk_assembly_operation_mapping_1` (`assembly_id`),
  KEY `fk_assembly_operation_mapping_2_idx` (`operation_id`),
  CONSTRAINT `fk_assembly_operation_mapping_1` FOREIGN KEY (`assembly_id`) REFERENCES `Assembly` (`id`) ON DELETE CASCADE ON UPDATE CASCADE,
  CONSTRAINT `fk_assembly_operation_mapping_2` FOREIGN KEY (`operation_id`) REFERENCES `Operation` (`id`) ON DELETE NO ACTION ON UPDATE NO ACTION
) ENGINE=InnoDB DEFAULT CHARSET=utf8;
/*!40101 SET character_set_client = @saved_cs_client */;

--
-- Dumping data for table `assembly_operation_mapping`
--

LOCK TABLES `assembly_operation_mapping` WRITE;
/*!40000 ALTER TABLE `assembly_operation_mapping` DISABLE KEYS */;
INSERT INTO `assembly_operation_mapping` VALUES (4,11,1,'free'),(4,9,1,'free'),(4,10,1,'free'),(5,12,1,'free'),(5,10,1,'free'),(15,37,20,'free'),(15,38,30,'free'),(16,38,23,'free'),(16,39,21,'free'),(16,40,20,'free'),(17,42,10,'free'),(17,43,10,'free'),(17,44,10,'free'),(17,45,10,'free'),(18,50,20,'free'),(18,51,30,'free'),(19,51,23,'free'),(19,52,21,'free'),(19,53,20,'free'),(20,54,20,'free'),(20,55,30,'free'),(21,55,23,'free'),(21,56,21,'free'),(21,57,20,'free'),(22,58,20,'free'),(22,59,30,'free'),(23,59,23,'free'),(23,60,21,'free'),(23,61,20,'free'),(24,62,20,'free'),(24,63,30,'free'),(25,63,23,'free'),(25,64,21,'free'),(25,65,20,'free'),(26,66,20,'free'),(26,67,30,'free'),(27,67,23,'free'),(27,68,21,'free'),(27,69,20,'free'),(28,70,20,'free'),(28,71,30,'free'),(29,71,23,'free'),(29,72,21,'free'),(29,73,20,'free'),(30,74,20,'free'),(30,75,30,'free'),(31,75,23,'free'),(31,76,21,'free'),(31,77,20,'free'),(32,78,20,'free'),(32,79,30,'free'),(33,79,23,'free'),(33,80,21,'free'),(33,81,20,'free'),(34,82,20,'free'),(34,83,30,'free'),(35,83,23,'free'),(35,84,21,'free'),(35,85,20,'free'),(36,86,20,'free'),(36,87,30,'free'),(37,87,23,'free'),(37,88,21,'free'),(37,89,20,'free'),(38,90,20,'free'),(38,91,30,'free'),(39,91,23,'free'),(39,92,21,'free'),(39,93,20,'free'),(40,94,20,'free'),(40,95,30,'free'),(41,95,23,'free'),(41,96,21,'free'),(41,97,20,'free'),(42,98,20,'free'),(42,99,30,'free'),(43,99,23,'free'),(43,100,21,'free'),(43,101,20,'free'),(44,102,20,'free'),(44,103,30,'free'),(45,103,23,'free'),(45,104,21,'free'),(45,105,20,'free'),(46,106,20,'free'),(46,107,30,'free'),(47,107,23,'free'),(47,108,21,'free'),(47,109,20,'free'),(48,110,20,'free'),(48,111,30,'free'),(49,111,23,'free'),(49,112,21,'free'),(49,113,20,'free'),(50,114,20,'free'),(50,115,30,'free'),(51,115,23,'free'),(51,116,21,'free'),(51,117,20,'free'),(52,118,20,'free'),(52,119,30,'free'),(53,119,23,'free'),(53,120,21,'free'),(53,121,20,'free'),(54,122,20,'free'),(54,123,30,'free'),(55,123,23,'free'),(55,124,21,'free'),(55,125,20,'free'),(56,126,20,'free'),(56,127,30,'free'),(57,127,23,'free'),(57,128,21,'free'),(57,129,20,'free'),(58,130,20,'free'),(58,131,30,'free'),(59,131,23,'free'),(59,132,21,'free'),(59,133,20,'free'),(60,134,20,'free'),(60,135,30,'free'),(61,135,23,'free'),(61,136,21,'free'),(61,137,20,'free'),(62,138,20,'free'),(62,139,30,'free'),(63,139,23,'free'),(63,140,21,'free'),(63,141,20,'free'),(64,142,18,'free'),(65,143,18,'free'),(65,144,6,'free'),(66,144,6,'free'),(67,145,8,'free'),(68,146,30,'free'),(68,147,37,'free'),(69,146,30,'free'),(69,147,37,'free'),(70,148,10,'free'),(70,149,10,'free'),(71,150,18,'free'),(72,151,18,'free'),(72,152,6,'free'),(73,152,6,'free'),(74,153,8,'free'),(75,154,30,'free'),(75,155,37,'free'),(76,154,30,'free'),(76,155,37,'free'),(77,156,10,'free'),(77,157,10,'free'),(77,158,10,'free'),(78,159,10,'free'),(78,160,10,'free'),(79,161,10,'free'),(79,162,10,'free'),(79,161,10,'free'),(80,164,18,'free'),(81,165,18,'free'),(81,166,6,'free'),(82,166,6,'free'),(83,167,8,'free'),(84,168,30,'free'),(84,169,37,'free'),(85,168,30,'free'),(85,169,37,'free'),(86,170,18,'free'),(87,171,18,'free'),(87,172,6,'free'),(88,172,6,'free'),(89,173,8,'free'),(90,174,30,'free'),(90,175,37,'free'),(91,174,30,'free'),(91,175,37,'free'),(92,176,20,'free'),(92,177,30,'free'),(93,177,23,'free'),(93,178,21,'free'),(93,179,20,'free'),(94,180,20,'free'),(94,181,30,'free'),(95,181,23,'free'),(95,182,21,'free'),(95,183,20,'free'),(96,184,18,'free'),(97,185,18,'free'),(97,186,6,'free'),(98,186,6,'free'),(99,187,8,'free'),(100,188,30,'free'),(100,189,37,'free'),(101,188,30,'free'),(101,189,37,'free'),(102,190,20,'free'),(102,191,30,'free'),(103,191,23,'free'),(103,192,21,'free'),(103,193,20,'free'),(104,194,18,'free'),(105,195,18,'free'),(105,196,6,'free'),(106,196,6,'free'),(107,197,8,'free'),(108,198,30,'free'),(108,199,37,'free'),(109,198,30,'free'),(109,199,37,'free'),(110,200,18,'free'),(111,201,18,'free'),(111,202,6,'free'),(112,202,6,'free'),(113,203,8,'free'),(114,204,30,'free'),(114,205,37,'free'),(115,204,30,'free'),(115,205,37,'free'),(116,207,21,'free'),(116,208,32,'free'),(117,207,23,'free'),(117,208,24,'free'),(117,209,25,'free'),(118,211,21,'free'),(118,212,32,'free'),(119,211,23,'free'),(119,212,24,'free'),(119,213,25,'free'),(120,214,18,'free'),(121,215,18,'free'),(121,216,6,'free'),(122,216,6,'free'),(123,217,8,'free'),(124,218,30,'free'),(124,219,37,'free'),(125,218,30,'free'),(125,219,37,'free');
/*!40000 ALTER TABLE `assembly_operation_mapping` ENABLE KEYS */;
UNLOCK TABLES;

--
-- Table structure for table `component_operation_mapping`
--

DROP TABLE IF EXISTS `component_operation_mapping`;
/*!40101 SET @saved_cs_client     = @@character_set_client */;
/*!40101 SET character_set_client = utf8 */;
CREATE TABLE `component_operation_mapping` (
  `component_id` int(11) NOT NULL,
  `operation_id` int(11) NOT NULL,
  `sequence` int(11) NOT NULL,
  KEY `fk_component_operation_mapping_1` (`component_id`),
  KEY `fk_component_operation_mapping_2` (`operation_id`),
  CONSTRAINT `fk_component_operation_mapping_1` FOREIGN KEY (`component_id`) REFERENCES `Component` (`id`) ON DELETE NO ACTION ON UPDATE NO ACTION,
  CONSTRAINT `fk_component_operation_mapping_2` FOREIGN KEY (`operation_id`) REFERENCES `Operation` (`id`) ON DELETE NO ACTION ON UPDATE NO ACTION
) ENGINE=InnoDB DEFAULT CHARSET=utf8;
/*!40101 SET character_set_client = @saved_cs_client */;

--
-- Dumping data for table `component_operation_mapping`
--

LOCK TABLES `component_operation_mapping` WRITE;
/*!40000 ALTER TABLE `component_operation_mapping` DISABLE KEYS */;
INSERT INTO `component_operation_mapping` VALUES (1,1,1),(1,2,2),(1,3,3),(1,4,4),(1,2,1),(1,1,2),(1,3,3),(1,4,4),(2,3,1),(2,4,2),(2,4,1),(2,3,2),(3,5,1),(3,6,2),(3,7,3),(3,8,4),(3,6,1),(3,5,2),(3,7,3),(3,8,4),(4,7,1),(4,8,2),(4,8,1),(4,7,2),(5,9,1),(5,10,2),(5,11,3),(5,12,4),(5,10,1),(5,9,2),(5,11,3),(5,12,4),(6,11,1),(6,12,2),(6,12,1),(6,11,2),(7,14,1),(7,15,2),(7,16,3),(7,15,1),(7,14,2),(7,16,3),(8,13,1),(8,14,2),(8,14,1),(8,13,2),(9,18,1),(9,19,2),(9,20,3),(9,19,1),(9,18,2),(9,20,3),(10,17,1),(10,18,2),(10,18,1),(10,17,2),(11,22,1),(11,23,2),(11,24,3),(11,23,1),(11,22,2),(11,24,3),(12,21,1),(12,22,2),(12,22,1),(12,21,2),(13,26,1),(13,27,2),(13,28,3),(13,27,1),(13,26,2),(13,28,3),(14,25,1),(14,26,2),(14,26,1),(14,25,2),(15,30,1),(15,31,2),(15,32,3),(15,31,1),(15,30,2),(15,32,3),(16,29,1),(16,30,2),(16,30,1),(16,29,2),(17,34,1),(17,35,2),(17,36,3),(17,35,1),(17,34,2),(17,36,3),(18,33,1),(18,34,2),(18,34,1),(18,33,2),(19,38,1),(19,39,2),(19,40,3),(19,39,1),(19,38,2),(19,40,3),(20,37,1),(20,38,2),(20,38,1),(20,37,2),(21,41,1),(21,41,2),(21,41,3),(22,41,1),(22,41,2),(22,41,3),(23,41,1),(23,41,2),(23,41,3),(24,41,1),(24,41,2),(24,41,3),(25,41,1),(25,41,2),(25,41,3),(26,42,1),(26,43,2),(26,49,3),(26,43,1),(26,42,2),(26,49,3),(27,42,1),(27,43,2),(27,49,3),(27,43,1),(27,42,2),(27,49,3),(28,42,1),(28,43,2),(28,49,3),(28,43,1),(28,42,2),(28,49,3),(29,42,1),(29,43,2),(29,49,3),(29,43,1),(29,42,2),(29,49,3),(30,42,1),(30,43,2),(30,49,3),(30,43,1),(30,42,2),(30,49,3),(31,42,1),(31,43,2),(31,49,3),(31,43,1),(31,42,2),(31,49,3),(32,42,1),(32,43,2),(32,49,3),(32,43,1),(32,42,2),(32,49,3),(33,42,1),(33,43,2),(33,49,3),(33,43,1),(33,42,2),(33,49,3),(34,51,1),(34,52,2),(34,53,3),(34,52,1),(34,51,2),(34,53,3),(35,50,1),(35,51,2),(35,51,1),(35,50,2),(36,55,1),(36,56,2),(36,57,3),(36,56,1),(36,55,2),(36,57,3),(37,54,1),(37,55,2),(37,55,1),(37,54,2),(38,59,1),(38,60,2),(38,61,3),(38,60,1),(38,59,2),(38,61,3),(39,58,1),(39,59,2),(39,59,1),(39,58,2),(40,63,1),(40,64,2),(40,65,3),(40,64,1),(40,63,2),(40,65,3),(41,62,1),(41,63,2),(41,63,1),(41,62,2),(42,67,1),(42,68,2),(42,69,3),(42,68,1),(42,67,2),(42,69,3),(43,66,1),(43,67,2),(43,67,1),(43,66,2),(44,71,1),(44,72,2),(44,73,3),(44,72,1),(44,71,2),(44,73,3),(45,70,1),(45,71,2),(45,71,1),(45,70,2),(46,75,1),(46,76,2),(46,77,3),(46,76,1),(46,75,2),(46,77,3),(47,74,1),(47,75,2),(47,75,1),(47,74,2),(48,79,1),(48,80,2),(48,81,3),(48,80,1),(48,79,2),(48,81,3),(49,78,1),(49,79,2),(49,79,1),(49,78,2),(50,83,1),(50,84,2),(50,85,3),(50,84,1),(50,83,2),(50,85,3),(51,82,1),(51,83,2),(51,83,1),(51,82,2),(52,87,1),(52,88,2),(52,89,3),(52,88,1),(52,87,2),(52,89,3),(53,86,1),(53,87,2),(53,87,1),(53,86,2),(54,91,1),(54,92,2),(54,93,3),(54,92,1),(54,91,2),(54,93,3),(55,90,1),(55,91,2),(55,91,1),(55,90,2),(56,95,1),(56,96,2),(56,97,3),(56,96,1),(56,95,2),(56,97,3),(57,94,1),(57,95,2),(57,95,1),(57,94,2),(58,99,1),(58,100,2),(58,101,3),(58,100,1),(58,99,2),(58,101,3),(59,98,1),(59,99,2),(59,99,1),(59,98,2),(60,103,1),(60,104,2),(60,105,3),(60,104,1),(60,103,2),(60,105,3),(61,102,1),(61,103,2),(61,103,1),(61,102,2),(62,107,1),(62,108,2),(62,109,3),(62,108,1),(62,107,2),(62,109,3),(63,106,1),(63,107,2),(63,107,1),(63,106,2),(64,111,1),(64,112,2),(64,113,3),(64,112,1),(64,111,2),(64,113,3),(65,110,1),(65,111,2),(65,111,1),(65,110,2),(66,115,1),(66,116,2),(66,117,3),(66,116,1),(66,115,2),(66,117,3),(67,114,1),(67,115,2),(67,115,1),(67,114,2),(68,119,1),(68,120,2),(68,121,3),(68,120,1),(68,119,2),(68,121,3),(69,118,1),(69,119,2),(69,119,1),(69,118,2),(70,123,1),(70,124,2),(70,125,3),(70,124,1),(70,123,2),(70,125,3),(71,122,1),(71,123,2),(71,123,1),(71,122,2),(72,127,1),(72,128,2),(72,129,3),(72,128,1),(72,127,2),(72,129,3),(73,126,1),(73,127,2),(73,127,1),(73,126,2),(74,131,1),(74,132,2),(74,133,3),(74,132,1),(74,131,2),(74,133,3),(75,130,1),(75,131,2),(75,131,1),(75,130,2),(76,135,1),(76,136,2),(76,137,3),(76,136,1),(76,135,2),(76,137,3),(77,134,1),(77,135,2),(77,135,1),(77,134,2),(78,139,1),(78,140,2),(78,141,3),(78,140,1),(78,139,2),(78,141,3),(79,138,1),(79,139,2),(79,139,1),(79,138,2),(80,142,1),(80,143,2),(80,144,3),(80,145,4),(80,146,5),(80,147,6),(80,142,1),(80,143,2),(80,144,3),(80,145,4),(80,147,5),(80,146,6),(80,142,1),(80,143,2),(80,144,3),(80,146,4),(80,145,5),(80,147,6),(80,142,1),(80,143,2),(80,144,3),(80,147,4),(80,145,5),(80,146,6),(81,142,1),(81,143,2),(81,144,3),(81,145,4),(81,146,5),(81,147,6),(81,142,1),(81,143,2),(81,144,3),(81,145,4),(81,147,5),(81,146,6),(81,142,1),(81,143,2),(81,144,3),(81,146,4),(81,145,5),(81,147,6),(81,142,1),(81,143,2),(81,144,3),(81,147,4),(81,145,5),(81,146,6),(82,142,1),(82,143,2),(82,144,3),(82,145,4),(82,146,5),(82,147,6),(82,142,1),(82,143,2),(82,144,3),(82,145,4),(82,147,5),(82,146,6),(82,142,1),(82,143,2),(82,144,3),(82,146,4),(82,145,5),(82,147,6),(82,142,1),(82,143,2),(82,144,3),(82,147,4),(82,145,5),(82,146,6),(83,142,1),(83,143,2),(83,144,3),(83,145,4),(83,146,5),(83,147,6),(83,142,1),(83,143,2),(83,144,3),(83,145,4),(83,147,5),(83,146,6),(83,142,1),(83,143,2),(83,144,3),(83,146,4),(83,145,5),(83,147,6),(83,142,1),(83,143,2),(83,144,3),(83,147,4),(83,145,5),(83,146,6),(84,142,1),(84,143,2),(84,144,3),(84,145,4),(84,146,5),(84,147,6),(84,142,1),(84,143,2),(84,144,3),(84,145,4),(84,147,5),(84,146,6),(84,142,1),(84,143,2),(84,144,3),(84,146,4),(84,145,5),(84,147,6),(84,142,1),(84,143,2),(84,144,3),(84,147,4),(84,145,5),(84,146,6),(85,148,1),(85,149,2),(86,150,1),(86,151,2),(86,152,3),(86,153,4),(86,154,5),(86,155,6),(86,150,1),(86,151,2),(86,152,3),(86,153,4),(86,155,5),(86,154,6),(86,150,1),(86,151,2),(86,152,3),(86,154,4),(86,153,5),(86,155,6),(86,150,1),(86,151,2),(86,152,3),(86,155,4),(86,153,5),(86,154,6),(87,150,1),(87,151,2),(87,152,3),(87,153,4),(87,154,5),(87,155,6),(87,150,1),(87,151,2),(87,152,3),(87,153,4),(87,155,5),(87,154,6),(87,150,1),(87,151,2),(87,152,3),(87,154,4),(87,153,5),(87,155,6),(87,150,1),(87,151,2),(87,152,3),(87,155,4),(87,153,5),(87,154,6),(88,150,1),(88,151,2),(88,152,3),(88,153,4),(88,154,5),(88,155,6),(88,150,1),(88,151,2),(88,152,3),(88,153,4),(88,155,5),(88,154,6),(88,150,1),(88,151,2),(88,152,3),(88,154,4),(88,153,5),(88,155,6),(88,150,1),(88,151,2),(88,152,3),(88,155,4),(88,153,5),(88,154,6),(89,150,1),(89,151,2),(89,152,3),(89,153,4),(89,154,5),(89,155,6),(89,150,1),(89,151,2),(89,152,3),(89,153,4),(89,155,5),(89,154,6),(89,150,1),(89,151,2),(89,152,3),(89,154,4),(89,153,5),(89,155,6),(89,150,1),(89,151,2),(89,152,3),(89,155,4),(89,153,5),(89,154,6),(90,150,1),(90,151,2),(90,152,3),(90,153,4),(90,154,5),(90,155,6),(90,150,1),(90,151,2),(90,152,3),(90,153,4),(90,155,5),(90,154,6),(90,150,1),(90,151,2),(90,152,3),(90,154,4),(90,153,5),(90,155,6),(90,150,1),(90,151,2),(90,152,3),(90,155,4),(90,153,5),(90,154,6),(91,156,1),(91,157,2),(91,158,3),(91,157,1),(91,156,2),(91,158,3),(92,159,1),(92,160,2),(92,160,1),(92,159,2),(93,159,1),(93,160,2),(93,160,1),(93,159,2),(94,161,1),(94,162,2),(94,161,3),(95,164,1),(95,165,2),(95,166,3),(95,167,4),(95,168,5),(95,169,6),(95,164,1),(95,165,2),(95,166,3),(95,167,4),(95,169,5),(95,168,6),(95,164,1),(95,165,2),(95,166,3),(95,168,4),(95,167,5),(95,169,6),(95,164,1),(95,165,2),(95,166,3),(95,169,4),(95,167,5),(95,168,6),(96,164,1),(96,165,2),(96,166,3),(96,167,4),(96,168,5),(96,169,6),(96,164,1),(96,165,2),(96,166,3),(96,167,4),(96,169,5),(96,168,6),(96,164,1),(96,165,2),(96,166,3),(96,168,4),(96,167,5),(96,169,6),(96,164,1),(96,165,2),(96,166,3),(96,169,4),(96,167,5),(96,168,6),(97,164,1),(97,165,2),(97,166,3),(97,167,4),(97,168,5),(97,169,6),(97,164,1),(97,165,2),(97,166,3),(97,167,4),(97,169,5),(97,168,6),(97,164,1),(97,165,2),(97,166,3),(97,168,4),(97,167,5),(97,169,6),(97,164,1),(97,165,2),(97,166,3),(97,169,4),(97,167,5),(97,168,6),(98,164,1),(98,165,2),(98,166,3),(98,167,4),(98,168,5),(98,169,6),(98,164,1),(98,165,2),(98,166,3),(98,167,4),(98,169,5),(98,168,6),(98,164,1),(98,165,2),(98,166,3),(98,168,4),(98,167,5),(98,169,6),(98,164,1),(98,165,2),(98,166,3),(98,169,4),(98,167,5),(98,168,6),(99,164,1),(99,165,2),(99,166,3),(99,167,4),(99,168,5),(99,169,6),(99,164,1),(99,165,2),(99,166,3),(99,167,4),(99,169,5),(99,168,6),(99,164,1),(99,165,2),(99,166,3),(99,168,4),(99,167,5),(99,169,6),(99,164,1),(99,165,2),(99,166,3),(99,169,4),(99,167,5),(99,168,6),(100,170,1),(100,171,2),(100,172,3),(100,173,4),(100,174,5),(100,175,6),(100,170,1),(100,171,2),(100,172,3),(100,173,4),(100,175,5),(100,174,6),(100,170,1),(100,171,2),(100,172,3),(100,174,4),(100,173,5),(100,175,6),(100,170,1),(100,171,2),(100,172,3),(100,175,4),(100,173,5),(100,174,6),(101,170,1),(101,171,2),(101,172,3),(101,173,4),(101,174,5),(101,175,6),(101,170,1),(101,171,2),(101,172,3),(101,173,4),(101,175,5),(101,174,6),(101,170,1),(101,171,2),(101,172,3),(101,174,4),(101,173,5),(101,175,6),(101,170,1),(101,171,2),(101,172,3),(101,175,4),(101,173,5),(101,174,6),(102,170,1),(102,171,2),(102,172,3),(102,173,4),(102,174,5),(102,175,6),(102,170,1),(102,171,2),(102,172,3),(102,173,4),(102,175,5),(102,174,6),(102,170,1),(102,171,2),(102,172,3),(102,174,4),(102,173,5),(102,175,6),(102,170,1),(102,171,2),(102,172,3),(102,175,4),(102,173,5),(102,174,6),(103,170,1),(103,171,2),(103,172,3),(103,173,4),(103,174,5),(103,175,6),(103,170,1),(103,171,2),(103,172,3),(103,173,4),(103,175,5),(103,174,6),(103,170,1),(103,171,2),(103,172,3),(103,174,4),(103,173,5),(103,175,6),(103,170,1),(103,171,2),(103,172,3),(103,175,4),(103,173,5),(103,174,6),(104,170,1),(104,171,2),(104,172,3),(104,173,4),(104,174,5),(104,175,6),(104,170,1),(104,171,2),(104,172,3),(104,173,4),(104,175,5),(104,174,6),(104,170,1),(104,171,2),(104,172,3),(104,174,4),(104,173,5),(104,175,6),(104,170,1),(104,171,2),(104,172,3),(104,175,4),(104,173,5),(104,174,6),(105,177,1),(105,178,2),(105,179,3),(105,178,1),(105,177,2),(105,179,3),(106,176,1),(106,177,2),(106,177,1),(106,176,2),(107,181,1),(107,182,2),(107,183,3),(107,182,1),(107,181,2),(107,183,3),(108,180,1),(108,181,2),(108,181,1),(108,180,2),(109,184,1),(109,185,2),(109,186,3),(109,187,4),(109,188,5),(109,189,6),(109,184,1),(109,185,2),(109,186,3),(109,187,4),(109,189,5),(109,188,6),(109,184,1),(109,185,2),(109,186,3),(109,188,4),(109,187,5),(109,189,6),(109,184,1),(109,185,2),(109,186,3),(109,189,4),(109,187,5),(109,188,6),(110,184,1),(110,185,2),(110,186,3),(110,187,4),(110,188,5),(110,189,6),(110,184,1),(110,185,2),(110,186,3),(110,187,4),(110,189,5),(110,188,6),(110,184,1),(110,185,2),(110,186,3),(110,188,4),(110,187,5),(110,189,6),(110,184,1),(110,185,2),(110,186,3),(110,189,4),(110,187,5),(110,188,6),(111,184,1),(111,185,2),(111,186,3),(111,187,4),(111,188,5),(111,189,6),(111,184,1),(111,185,2),(111,186,3),(111,187,4),(111,189,5),(111,188,6),(111,184,1),(111,185,2),(111,186,3),(111,188,4),(111,187,5),(111,189,6),(111,184,1),(111,185,2),(111,186,3),(111,189,4),(111,187,5),(111,188,6),(112,184,1),(112,185,2),(112,186,3),(112,187,4),(112,188,5),(112,189,6),(112,184,1),(112,185,2),(112,186,3),(112,187,4),(112,189,5),(112,188,6),(112,184,1),(112,185,2),(112,186,3),(112,188,4),(112,187,5),(112,189,6),(112,184,1),(112,185,2),(112,186,3),(112,189,4),(112,187,5),(112,188,6),(113,184,1),(113,185,2),(113,186,3),(113,187,4),(113,188,5),(113,189,6),(113,184,1),(113,185,2),(113,186,3),(113,187,4),(113,189,5),(113,188,6),(113,184,1),(113,185,2),(113,186,3),(113,188,4),(113,187,5),(113,189,6),(113,184,1),(113,185,2),(113,186,3),(113,189,4),(113,187,5),(113,188,6),(114,191,1),(114,192,2),(114,193,3),(114,192,1),(114,191,2),(114,193,3),(115,190,1),(115,191,2),(115,191,1),(115,190,2),(116,194,1),(116,195,2),(116,196,3),(116,197,4),(116,198,5),(116,199,6),(116,194,1),(116,195,2),(116,196,3),(116,197,4),(116,199,5),(116,198,6),(116,194,1),(116,195,2),(116,196,3),(116,198,4),(116,197,5),(116,199,6),(116,194,1),(116,195,2),(116,196,3),(116,199,4),(116,197,5),(116,198,6),(117,194,1),(117,195,2),(117,196,3),(117,197,4),(117,198,5),(117,199,6),(117,194,1),(117,195,2),(117,196,3),(117,197,4),(117,199,5),(117,198,6),(117,194,1),(117,195,2),(117,196,3),(117,198,4),(117,197,5),(117,199,6),(117,194,1),(117,195,2),(117,196,3),(117,199,4),(117,197,5),(117,198,6),(118,194,1),(118,195,2),(118,196,3),(118,197,4),(118,198,5),(118,199,6),(118,194,1),(118,195,2),(118,196,3),(118,197,4),(118,199,5),(118,198,6),(118,194,1),(118,195,2),(118,196,3),(118,198,4),(118,197,5),(118,199,6),(118,194,1),(118,195,2),(118,196,3),(118,199,4),(118,197,5),(118,198,6),(119,194,1),(119,195,2),(119,196,3),(119,197,4),(119,198,5),(119,199,6),(119,194,1),(119,195,2),(119,196,3),(119,197,4),(119,199,5),(119,198,6),(119,194,1),(119,195,2),(119,196,3),(119,198,4),(119,197,5),(119,199,6),(119,194,1),(119,195,2),(119,196,3),(119,199,4),(119,197,5),(119,198,6),(120,194,1),(120,195,2),(120,196,3),(120,197,4),(120,198,5),(120,199,6),(120,194,1),(120,195,2),(120,196,3),(120,197,4),(120,199,5),(120,198,6),(120,194,1),(120,195,2),(120,196,3),(120,198,4),(120,197,5),(120,199,6),(120,194,1),(120,195,2),(120,196,3),(120,199,4),(120,197,5),(120,198,6),(121,200,1),(121,201,2),(121,202,3),(121,203,4),(121,204,5),(121,205,6),(121,200,1),(121,201,2),(121,202,3),(121,203,4),(121,205,5),(121,204,6),(121,200,1),(121,201,2),(121,202,3),(121,204,4),(121,203,5),(121,205,6),(121,200,1),(121,201,2),(121,202,3),(121,205,4),(121,203,5),(121,204,6),(122,200,1),(122,201,2),(122,202,3),(122,203,4),(122,204,5),(122,205,6),(122,200,1),(122,201,2),(122,202,3),(122,203,4),(122,205,5),(122,204,6),(122,200,1),(122,201,2),(122,202,3),(122,204,4),(122,203,5),(122,205,6),(122,200,1),(122,201,2),(122,202,3),(122,205,4),(122,203,5),(122,204,6),(123,200,1),(123,201,2),(123,202,3),(123,203,4),(123,204,5),(123,205,6),(123,200,1),(123,201,2),(123,202,3),(123,203,4),(123,205,5),(123,204,6),(123,200,1),(123,201,2),(123,202,3),(123,204,4),(123,203,5),(123,205,6),(123,200,1),(123,201,2),(123,202,3),(123,205,4),(123,203,5),(123,204,6),(124,200,1),(124,201,2),(124,202,3),(124,203,4),(124,204,5),(124,205,6),(124,200,1),(124,201,2),(124,202,3),(124,203,4),(124,205,5),(124,204,6),(124,200,1),(124,201,2),(124,202,3),(124,204,4),(124,203,5),(124,205,6),(124,200,1),(124,201,2),(124,202,3),(124,205,4),(124,203,5),(124,204,6),(125,200,1),(125,201,2),(125,202,3),(125,203,4),(125,204,5),(125,205,6),(125,200,1),(125,201,2),(125,202,3),(125,203,4),(125,205,5),(125,204,6),(125,200,1),(125,201,2),(125,202,3),(125,204,4),(125,203,5),(125,205,6),(125,200,1),(125,201,2),(125,202,3),(125,205,4),(125,203,5),(125,204,6),(126,200,1),(126,201,2),(126,202,3),(126,203,4),(126,204,5),(126,205,6),(126,200,1),(126,201,2),(126,202,3),(126,203,4),(126,205,5),(126,204,6),(126,200,1),(126,201,2),(126,202,3),(126,204,4),(126,203,5),(126,205,6),(126,200,1),(126,201,2),(126,202,3),(126,205,4),(126,203,5),(126,204,6),(127,200,1),(127,201,2),(127,202,3),(127,203,4),(127,204,5),(127,205,6),(127,200,1),(127,201,2),(127,202,3),(127,203,4),(127,205,5),(127,204,6),(127,200,1),(127,201,2),(127,202,3),(127,204,4),(127,203,5),(127,205,6),(127,200,1),(127,201,2),(127,202,3),(127,205,4),(127,203,5),(127,204,6),(128,200,1),(128,201,2),(128,202,3),(128,203,4),(128,204,5),(128,205,6),(128,200,1),(128,201,2),(128,202,3),(128,203,4),(128,205,5),(128,204,6),(128,200,1),(128,201,2),(128,202,3),(128,204,4),(128,203,5),(128,205,6),(128,200,1),(128,201,2),(128,202,3),(128,205,4),(128,203,5),(128,204,6),(129,200,1),(129,201,2),(129,202,3),(129,203,4),(129,204,5),(129,205,6),(129,200,1),(129,201,2),(129,202,3),(129,203,4),(129,205,5),(129,204,6),(129,200,1),(129,201,2),(129,202,3),(129,204,4),(129,203,5),(129,205,6),(129,200,1),(129,201,2),(129,202,3),(129,205,4),(129,203,5),(129,204,6),(130,200,1),(130,201,2),(130,202,3),(130,203,4),(130,204,5),(130,205,6),(130,200,1),(130,201,2),(130,202,3),(130,203,4),(130,205,5),(130,204,6),(130,200,1),(130,201,2),(130,202,3),(130,204,4),(130,203,5),(130,205,6),(130,200,1),(130,201,2),(130,202,3),(130,205,4),(130,203,5),(130,204,6),(131,207,1),(131,208,2),(131,208,1),(131,209,2),(131,206,1),(131,208,2),(132,207,1),(132,208,2),(132,208,1),(132,209,2),(132,206,1),(132,208,2),(133,211,1),(133,212,2),(133,212,1),(133,213,2),(133,210,1),(133,212,2),(134,211,1),(134,212,2),(134,212,1),(134,213,2),(134,210,1),(134,212,2),(135,214,1),(135,215,2),(135,216,3),(135,217,4),(135,218,5),(135,219,6),(135,214,1),(135,215,2),(135,216,3),(135,217,4),(135,219,5),(135,218,6),(135,214,1),(135,215,2),(135,216,3),(135,218,4),(135,217,5),(135,219,6),(135,214,1),(135,215,2),(135,216,3),(135,219,4),(135,217,5),(135,218,6),(136,214,1),(136,215,2),(136,216,3),(136,217,4),(136,218,5),(136,219,6),(136,214,1),(136,215,2),(136,216,3),(136,217,4),(136,219,5),(136,218,6),(136,214,1),(136,215,2),(136,216,3),(136,218,4),(136,217,5),(136,219,6),(136,214,1),(136,215,2),(136,216,3),(136,219,4),(136,217,5),(136,218,6),(137,214,1),(137,215,2),(137,216,3),(137,217,4),(137,218,5),(137,219,6),(137,214,1),(137,215,2),(137,216,3),(137,217,4),(137,219,5),(137,218,6),(137,214,1),(137,215,2),(137,216,3),(137,218,4),(137,217,5),(137,219,6),(137,214,1),(137,215,2),(137,216,3),(137,219,4),(137,217,5),(137,218,6),(138,214,1),(138,215,2),(138,216,3),(138,217,4),(138,218,5),(138,219,6),(138,214,1),(138,215,2),(138,216,3),(138,217,4),(138,219,5),(138,218,6),(138,214,1),(138,215,2),(138,216,3),(138,218,4),(138,217,5),(138,219,6),(138,214,1),(138,215,2),(138,216,3),(138,219,4),(138,217,5),(138,218,6),(139,214,1),(139,215,2),(139,216,3),(139,217,4),(139,218,5),(139,219,6),(139,214,1),(139,215,2),(139,216,3),(139,217,4),(139,219,5),(139,218,6),(139,214,1),(139,215,2),(139,216,3),(139,218,4),(139,217,5),(139,219,6),(139,214,1),(139,215,2),(139,216,3),(139,219,4),(139,217,5),(139,218,6);
/*!40000 ALTER TABLE `component_operation_mapping` ENABLE KEYS */;
UNLOCK TABLES;

--
-- Table structure for table `component_processing_state`
--

DROP TABLE IF EXISTS `component_processing_state`;
/*!40101 SET @saved_cs_client     = @@character_set_client */;
/*!40101 SET character_set_client = utf8 */;
CREATE TABLE `component_processing_state` (
  `componentId` int(11) NOT NULL,
  `simulationId` int(11) NOT NULL,
  `sequenceNum` int(11) NOT NULL,
  `operationId` int(11) NOT NULL,
  `start_time` datetime NOT NULL,
  `end_time` datetime DEFAULT NULL,
  `assemblyId` int(11) NOT NULL,
  `status` varchar(45) NOT NULL,
  `failWaitTime` int(11) DEFAULT NULL,
  `actualOperationTime` int(11) NOT NULL,
  PRIMARY KEY (`componentId`,`simulationId`,`assemblyId`,`operationId`,`sequenceNum`,`start_time`)
) ENGINE=InnoDB DEFAULT CHARSET=utf8;
/*!40101 SET character_set_client = @saved_cs_client */;

--
-- Dumping data for table `component_processing_state`
--

LOCK TABLES `component_processing_state` WRITE;
/*!40000 ALTER TABLE `component_processing_state` DISABLE KEYS */;
INSERT INTO `component_processing_state` VALUES (116,48,0,194,'2017-07-24 23:06:16','2017-07-24 23:06:35',104,'finished',0,18),(116,48,1,195,'2017-07-24 23:06:38','2017-07-24 23:06:56',105,'finished',0,18),(116,48,2,196,'2017-07-24 23:06:58','2017-07-24 23:07:05',106,'finished',0,6),(116,48,4,197,'2017-07-24 23:07:50','2017-07-24 23:07:58',107,'finished',0,8),(116,48,3,199,'2017-07-24 23:07:09','2017-07-24 23:07:46',108,'finished',0,37),(116,48,5,198,'2017-07-24 23:08:51','2017-07-24 23:09:21',109,'finished',0,30),(117,48,0,194,'2017-07-24 23:06:38','2017-07-24 23:06:56',104,'finished',0,18),(117,48,1,195,'2017-07-24 23:06:58','2017-07-24 23:07:17',105,'finished',0,18),(117,48,2,196,'2017-07-24 23:07:19','2017-07-24 23:07:25',106,'finished',0,6),(117,48,4,197,'2017-07-24 23:08:10','2017-07-24 23:08:18',107,'finished',0,8),(117,48,5,198,'2017-07-24 23:09:11','2017-07-24 23:09:41',108,'finished',0,30),(117,48,3,199,'2017-07-24 23:07:29','2017-07-24 23:08:07',109,'finished',0,37),(118,48,0,194,'2017-07-24 23:06:58','2017-07-24 23:07:17',104,'finished',0,18),(118,48,1,195,'2017-07-24 23:07:19','2017-07-24 23:07:37',105,'finished',0,18),(118,48,2,196,'2017-07-24 23:07:40','2017-07-24 23:07:46',106,'finished',0,6),(118,48,4,197,'2017-07-24 23:08:31','2017-07-24 23:08:39',107,'finished',0,8),(118,48,3,199,'2017-07-24 23:07:50','2017-07-24 23:08:27',108,'finished',0,37),(118,48,5,198,'2017-07-24 23:09:21','2017-07-24 23:09:52',109,'finished',0,30),(119,48,0,194,'2017-07-24 23:07:19','2017-07-24 23:07:37',104,'finished',0,18),(119,48,1,195,'2017-07-24 23:07:40','2017-07-24 23:07:58',105,'finished',0,18),(119,48,2,196,'2017-07-24 23:08:00','2017-07-24 23:08:06',106,'finished',0,6),(119,48,4,197,'2017-07-24 23:08:51','2017-07-24 23:08:59',107,'finished',0,8),(119,48,5,198,'2017-07-24 23:09:42','2017-07-24 23:10:12',108,'finished',0,30),(119,48,3,199,'2017-07-24 23:08:10','2017-07-24 23:08:47',109,'finished',0,37),(120,48,0,194,'2017-07-24 23:07:40','2017-07-24 23:07:58',104,'finished',0,18),(120,48,1,195,'2017-07-24 23:08:00','2017-07-24 23:08:18',105,'finished',0,18),(120,48,2,196,'2017-07-24 23:08:20','2017-07-24 23:08:27',105,'finished',0,6),(120,48,4,197,'2017-07-24 23:09:11','2017-07-24 23:09:19',107,'finished',0,8),(120,48,3,199,'2017-07-24 23:08:31','2017-07-24 23:09:08',108,'finished',0,37),(120,48,5,198,'2017-07-24 23:09:52','2017-07-24 23:10:22',109,'finished',0,30),(133,53,1,212,'2017-07-25 14:02:53','2017-07-25 14:03:29',118,'finished',4,32),(133,53,0,211,'2017-07-25 14:01:42','2017-07-25 14:02:28',119,'finished',31,23),(134,53,0,211,'2017-07-25 14:01:52','2017-07-25 14:02:14',118,'finished',0,21),(134,53,1,212,'2017-07-25 14:02:18','2017-07-25 14:02:50',118,'finished',0,32),(135,54,0,214,'2017-07-25 15:26:53','2017-07-25 15:27:11',120,'finished',0,18),(135,54,1,215,'2017-07-25 15:27:13','2017-07-25 15:27:31',121,'finished',0,18),(135,54,2,216,'2017-07-25 15:27:33','2017-07-25 15:27:39',121,'finished',0,6),(135,54,4,217,'2017-07-25 15:28:24','2017-07-25 15:28:32',123,'finished',0,8),(135,54,5,218,'2017-07-25 15:28:34','2017-07-25 15:29:04',124,'finished',0,30),(135,54,3,219,'2017-07-25 15:27:43','2017-07-25 15:28:21',124,'finished',0,37),(136,54,0,214,'2017-07-25 15:27:13','2017-07-25 15:27:31',120,'finished',0,18),(136,54,1,215,'2017-07-25 15:27:43','2017-07-25 15:28:05',121,'finished',3,18),(136,54,2,216,'2017-07-25 15:28:09','2017-07-25 15:28:15',121,'finished',0,6),(136,54,4,217,'2017-07-25 15:29:10','2017-07-25 15:29:18',123,'finished',0,8),(136,54,3,218,'2017-07-25 15:28:19','2017-07-25 15:29:05',125,'finished',16,30),(136,54,5,219,'2017-07-25 15:29:20','2017-07-25 15:30:13',125,'finished',16,37),(137,54,0,214,'2017-07-25 15:27:33','2017-07-25 15:27:51',120,'finished',0,18),(137,54,1,215,'2017-07-25 15:28:19','2017-07-25 15:28:37',121,'finished',0,18),(137,54,2,216,'2017-07-25 15:28:39','2017-07-25 15:28:48',121,'finished',3,6),(137,54,3,217,'2017-07-25 15:28:49','2017-07-25 15:28:57',123,'finished',0,8),(137,54,4,218,'2017-07-25 15:29:04','2017-07-25 15:29:35',124,'finished',0,30),(137,54,5,219,'2017-07-25 15:30:25','2017-07-25 15:31:02',124,'finished',0,37),(138,54,0,214,'2017-07-25 15:27:54','2017-07-25 15:28:12',120,'finished',0,18),(138,54,1,215,'2017-07-25 15:28:54','2017-07-25 15:29:13',121,'finished',0,18),(138,54,2,216,'2017-07-25 15:29:15','2017-07-25 15:29:21',121,'finished',0,6),(138,54,3,217,'2017-07-25 15:29:25','2017-07-25 15:29:33',123,'finished',0,8),(138,54,4,218,'2017-07-25 15:29:35','2017-07-25 15:30:19',124,'finished',14,30),(138,54,5,219,'2017-07-25 15:30:45','2017-07-25 15:31:23',125,'finished',0,37),(139,54,0,214,'2017-07-25 15:28:14','2017-07-25 15:28:32',120,'finished',0,18),(139,54,1,215,'2017-07-25 15:29:25','2017-07-25 15:29:43',121,'finished',0,18),(139,54,2,216,'2017-07-25 15:29:45','2017-07-25 15:29:51',121,'finished',0,6),(139,54,3,217,'2017-07-25 15:29:55','2017-07-25 15:30:03',123,'finished',0,8),(139,54,5,219,'2017-07-25 15:31:06','2017-07-25 15:31:43',124,'finished',0,37),(139,54,4,218,'2017-07-25 15:30:15','2017-07-25 15:30:45',125,'finished',0,30);
/*!40000 ALTER TABLE `component_processing_state` ENABLE KEYS */;
UNLOCK TABLES;

--
-- Table structure for table `component_state`
--

DROP TABLE IF EXISTS `component_state`;
/*!40101 SET @saved_cs_client     = @@character_set_client */;
/*!40101 SET character_set_client = utf8 */;
CREATE TABLE `component_state` (
  `name` varchar(255) NOT NULL,
  PRIMARY KEY (`name`),
  UNIQUE KEY `name_UNIQUE1` (`name`)
) ENGINE=InnoDB DEFAULT CHARSET=utf8;
/*!40101 SET character_set_client = @saved_cs_client */;

--
-- Dumping data for table `component_state`
--

LOCK TABLES `component_state` WRITE;
/*!40000 ALTER TABLE `component_state` DISABLE KEYS */;
/*!40000 ALTER TABLE `component_state` ENABLE KEYS */;
UNLOCK TABLES;

--
-- Table structure for table `simulation`
--

DROP TABLE IF EXISTS `simulation`;
/*!40101 SET @saved_cs_client     = @@character_set_client */;
/*!40101 SET character_set_client = utf8 */;
CREATE TABLE `simulation` (
  `id` int(11) NOT NULL AUTO_INCREMENT,
  `name` varchar(255) NOT NULL,
  `desc` varchar(500) DEFAULT NULL,
  `starttime` bigint(22) DEFAULT NULL,
  `endtime` bigint(22) DEFAULT NULL,
  PRIMARY KEY (`id`)
) ENGINE=InnoDB AUTO_INCREMENT=55 DEFAULT CHARSET=utf8;
/*!40101 SET character_set_client = @saved_cs_client */;

--
-- Dumping data for table `simulation`
--

LOCK TABLES `simulation` WRITE;
/*!40000 ALTER TABLE `simulation` DISABLE KEYS */;
INSERT INTO `simulation` VALUES (1,'simulation1','dummy simulation db entry',NULL,NULL),(2,'simulation1','dummy simulation db entry',NULL,NULL),(3,'abhi','test',NULL,NULL),(4,'abhi','test',NULL,NULL),(5,'abhi','test',NULL,NULL),(6,'abhi','test',NULL,NULL),(7,'abhi','test',NULL,NULL),(8,'abhi','test',NULL,NULL),(9,'abhi','test',NULL,NULL),(10,'','',NULL,NULL),(11,'','',NULL,NULL),(12,'abhi','test',NULL,NULL),(13,'abhi','test',NULL,NULL),(14,'abhi','test',NULL,NULL),(15,'abhi','test',NULL,NULL),(16,'abhi','test',NULL,NULL),(17,'abhi','test',NULL,NULL),(18,'abhi','test',NULL,NULL),(19,'abhi','test',NULL,NULL),(20,'abhi','test',NULL,NULL),(21,'abhi','test',NULL,NULL),(22,'abhi','test',NULL,NULL),(23,'abhi','test',NULL,NULL),(24,'abhi','test',NULL,NULL),(25,'abhi','test',NULL,NULL),(26,'abhi','test',NULL,NULL),(27,'abhi','test',NULL,NULL),(28,'abhi','test',NULL,NULL),(29,'abhi','test',NULL,NULL),(30,'abhi','test',NULL,NULL),(31,'abhi','test',NULL,NULL),(32,'abhi','test',NULL,NULL),(33,'abhi','test',NULL,NULL),(34,'abhi','test',NULL,NULL),(35,'Quantity5','scenarion 1',NULL,NULL),(36,'1','1',NULL,NULL),(37,'Quantity5','scenarion 1',NULL,NULL),(38,'2','2',NULL,NULL),(39,'sd','sd',NULL,NULL),(40,'dfg','df',NULL,NULL),(41,'','',NULL,NULL),(42,'Quantity5','scenarion 1',NULL,NULL),(43,'Quantity5','scenarion 1',NULL,NULL),(44,'abhi','test',NULL,NULL),(45,'abhi','test',NULL,NULL),(46,'Quantity5','scenarion 1',NULL,NULL),(47,'abhi2','test',1500376343091,1500376367000),(48,'Quantity5run12','scenarion 1',1500930371209,1500930622000),(49,'Quantity10','scenarion 2',1500714042783,1500714487000),(50,'q2Fauilure','zfsf',NULL,NULL),(51,'q2Fauilure','zfsf',NULL,NULL),(52,'q2Fauilure','zfsf',NULL,NULL),(53,'q2Fauilure','zfsf',1500984097109,1500984209000),(54,'Quantity5Failure','scenarion 1',1500989207582,1500989503000);
/*!40000 ALTER TABLE `simulation` ENABLE KEYS */;
UNLOCK TABLES;

--
-- Table structure for table `simulation_component_mapping`
--

DROP TABLE IF EXISTS `simulation_component_mapping`;
/*!40101 SET @saved_cs_client     = @@character_set_client */;
/*!40101 SET character_set_client = utf8 */;
CREATE TABLE `simulation_component_mapping` (
  `simulation_id` int(11) NOT NULL,
  `component_id` int(11) NOT NULL,
  `url` varchar(255) DEFAULT NULL,
  KEY `fk_simulation_component_mapping_1_idx` (`component_id`),
  KEY `fk_simulation_component_mapping_2_idx` (`simulation_id`),
  CONSTRAINT `fk_simulation_component_mapping_1` FOREIGN KEY (`component_id`) REFERENCES `Component` (`id`) ON DELETE NO ACTION ON UPDATE NO ACTION,
  CONSTRAINT `fk_simulation_component_mapping_2` FOREIGN KEY (`simulation_id`) REFERENCES `simulation` (`id`) ON DELETE NO ACTION ON UPDATE NO ACTION
) ENGINE=InnoDB DEFAULT CHARSET=utf8;
/*!40101 SET character_set_client = @saved_cs_client */;

--
-- Dumping data for table `simulation_component_mapping`
--

LOCK TABLES `simulation_component_mapping` WRITE;
/*!40000 ALTER TABLE `simulation_component_mapping` DISABLE KEYS */;
INSERT INTO `simulation_component_mapping` VALUES (1,3,NULL),(1,4,NULL),(2,5,'http://localhost:8080'),(2,6,NULL),(3,7,NULL),(3,8,NULL),(4,9,NULL),(4,10,NULL),(5,11,NULL),(5,12,NULL),(6,13,NULL),(6,14,NULL),(7,15,NULL),(7,16,NULL),(8,17,NULL),(8,18,NULL),(9,19,NULL),(9,20,NULL),(10,21,NULL),(10,22,NULL),(10,23,NULL),(10,24,NULL),(10,25,NULL),(11,26,NULL),(11,27,NULL),(11,28,NULL),(11,29,NULL),(11,30,NULL),(11,31,NULL),(11,32,NULL),(11,33,NULL),(12,34,NULL),(12,35,NULL),(13,36,NULL),(13,37,NULL),(14,38,NULL),(14,39,NULL),(15,40,NULL),(15,41,NULL),(16,42,NULL),(16,43,NULL),(17,44,NULL),(17,45,NULL),(18,46,NULL),(18,47,NULL),(19,48,NULL),(19,49,NULL),(20,50,NULL),(20,51,NULL),(21,52,NULL),(21,53,NULL),(22,54,NULL),(22,55,NULL),(23,56,NULL),(23,57,NULL),(24,58,NULL),(24,59,NULL),(25,60,NULL),(25,61,NULL),(26,62,NULL),(26,63,NULL),(27,64,NULL),(27,65,NULL),(28,66,NULL),(28,67,NULL),(29,68,NULL),(29,69,NULL),(30,70,NULL),(30,71,NULL),(31,72,NULL),(31,73,NULL),(32,74,NULL),(32,75,NULL),(33,76,NULL),(33,77,NULL),(34,78,'http://localhost:8080'),(34,79,'http://localhost:8081'),(35,80,'http://localhost:8080'),(35,81,'http://localhost:8081'),(35,82,'http://localhost:8082'),(35,83,'http://localhost:8083'),(35,84,'http://localhost:8084'),(36,85,'http://localhost:8080'),(37,86,'http://localhost:8080'),(37,87,'http://localhost:8081'),(37,88,'http://localhost:8082'),(37,89,'http://localhost:8083'),(37,90,'http://localhost:8084'),(38,91,'http://localhost:8080'),(39,92,NULL),(39,93,NULL),(40,94,NULL),(42,95,'http://localhost:8080'),(42,96,'http://localhost:8081'),(42,97,'http://localhost:8082'),(42,98,'http://localhost:8083'),(42,99,'http://localhost:8084'),(43,100,'http://localhost:8080'),(43,101,'http://localhost:8081'),(43,102,'http://localhost:8082'),(43,103,'http://localhost:8083'),(43,104,'http://localhost:8084'),(44,105,'http://localhost:8080'),(44,106,'http://localhost:8080'),(45,107,'http://localhost:8080'),(45,108,'http://localhost:8081'),(46,109,'http://localhost:8080'),(46,110,'http://localhost:8081'),(46,111,'http://localhost:8082'),(46,112,'http://localhost:8083'),(46,113,'http://localhost:8084'),(47,114,'http://localhost:8080'),(47,115,'http://localhost:8081'),(48,116,'http://localhost:8080'),(48,117,'http://localhost:8081'),(48,118,'http://localhost:8082'),(48,119,'http://localhost:8083'),(48,120,'http://localhost:8084'),(49,121,'http://localhost:8080'),(49,122,'http://localhost:8081'),(49,123,'http://localhost:8082'),(49,124,'http://localhost:8083'),(49,125,'http://localhost:8084'),(49,126,'http://localhost:8085'),(49,127,'http://localhost:8086'),(49,128,'http://localhost:8087'),(49,129,'http://localhost:8088'),(49,130,'http://localhost:8089'),(52,131,NULL),(52,132,NULL),(53,133,'http://localhost:8080'),(53,134,'http://localhost:8081'),(54,135,'http://localhost:8080'),(54,136,'http://localhost:8081'),(54,137,'http://localhost:8082'),(54,138,'http://localhost:8083'),(54,139,'http://localhost:8084');
/*!40000 ALTER TABLE `simulation_component_mapping` ENABLE KEYS */;
UNLOCK TABLES;
/*!40103 SET TIME_ZONE=@OLD_TIME_ZONE */;

/*!40101 SET SQL_MODE=@OLD_SQL_MODE */;
/*!40014 SET FOREIGN_KEY_CHECKS=@OLD_FOREIGN_KEY_CHECKS */;
/*!40014 SET UNIQUE_CHECKS=@OLD_UNIQUE_CHECKS */;
/*!40101 SET CHARACTER_SET_CLIENT=@OLD_CHARACTER_SET_CLIENT */;
/*!40101 SET CHARACTER_SET_RESULTS=@OLD_CHARACTER_SET_RESULTS */;
/*!40101 SET COLLATION_CONNECTION=@OLD_COLLATION_CONNECTION */;
/*!40111 SET SQL_NOTES=@OLD_SQL_NOTES */;

-- Dump completed on 2017-07-25 15:53:58
