CREATE DATABASE  IF NOT EXISTS `dikscheduling` /*!40100 DEFAULT CHARACTER SET latin1 */;
USE `dikscheduling`;
-- MySQL dump 10.13  Distrib 5.7.19, for Linux (x86_64)
--
-- Host: localhost    Database: dikscheduling
-- ------------------------------------------------------
-- Server version	5.7.19-0ubuntu0.16.04.1

/*!40101 SET @OLD_CHARACTER_SET_CLIENT=@@CHARACTER_SET_CLIENT */;
/*!40101 SET @OLD_CHARACTER_SET_RESULTS=@@CHARACTER_SET_RESULTS */;
/*!40101 SET @OLD_COLLATION_CONNECTION=@@COLLATION_CONNECTION */;
/*!40101 SET NAMES utf8 */;
/*!40103 SET @OLD_TIME_ZONE=@@TIME_ZONE */;
/*!40103 SET TIME_ZONE='+00:00' */;
/*!40014 SET @OLD_UNIQUE_CHECKS=@@UNIQUE_CHECKS, UNIQUE_CHECKS=0 */;
/*!40014 SET @OLD_FOREIGN_KEY_CHECKS=@@FOREIGN_KEY_CHECKS, FOREIGN_KEY_CHECKS=0 */;
/*!40101 SET @OLD_SQL_MODE=@@SQL_MODE, SQL_MODE='NO_AUTO_VALUE_ON_ZERO' */;
/*!40111 SET @OLD_SQL_NOTES=@@SQL_NOTES, SQL_NOTES=0 */;

--
-- Table structure for table `Assembly`
--

DROP TABLE IF EXISTS `Assembly`;
/*!40101 SET @saved_cs_client     = @@character_set_client */;
/*!40101 SET character_set_client = utf8 */;
CREATE TABLE `Assembly` (
  `id` int(11) NOT NULL AUTO_INCREMENT,
  `name` varchar(255) NOT NULL,
  `lastActive` datetime DEFAULT NULL,
  `failureNumber` int(11) DEFAULT '0',
  `failureTime` int(11) DEFAULT '0',
  `ifFailAllowed` tinyint(1) DEFAULT NULL,
  PRIMARY KEY (`id`)
) ENGINE=InnoDB AUTO_INCREMENT=206 DEFAULT CHARSET=utf8;
/*!40101 SET character_set_client = @saved_cs_client */;

--
-- Dumping data for table `Assembly`
--

LOCK TABLES `Assembly` WRITE;
/*!40000 ALTER TABLE `Assembly` DISABLE KEYS */;
INSERT INTO `Assembly` VALUES (1,'assembly1',NULL,0,0,NULL),(2,'assembly1',NULL,0,0,NULL),(3,'assembly2',NULL,0,0,NULL),(4,'assembly1',NULL,0,0,NULL),(5,'assembly2',NULL,0,0,NULL),(6,'a1',NULL,0,0,NULL),(7,'a2',NULL,0,0,NULL),(8,'a1',NULL,0,0,NULL),(9,'a2',NULL,0,0,NULL),(10,'a1',NULL,0,0,NULL),(11,'a2',NULL,0,0,NULL),(12,'a1',NULL,0,0,NULL),(13,'a1',NULL,0,0,NULL),(14,'a1',NULL,0,0,NULL),(15,'a1',NULL,0,0,NULL),(16,'a2',NULL,0,0,NULL),(17,'xcvxcv',NULL,0,0,NULL),(18,'a1',NULL,0,0,NULL),(19,'a2',NULL,0,0,NULL),(20,'a1',NULL,0,0,NULL),(21,'a2',NULL,0,0,NULL),(22,'a1',NULL,0,0,NULL),(23,'a2','2017-06-12 15:28:26',0,0,NULL),(24,'a1',NULL,0,0,NULL),(25,'a2',NULL,0,0,NULL),(26,'a1',NULL,0,0,NULL),(27,'a2',NULL,0,0,NULL),(28,'a1',NULL,0,0,NULL),(29,'a2',NULL,0,0,NULL),(30,'a1',NULL,0,0,NULL),(31,'a2',NULL,0,0,NULL),(32,'a1',NULL,0,0,NULL),(33,'a2',NULL,0,0,NULL),(34,'a1',NULL,0,0,NULL),(35,'a2',NULL,0,0,NULL),(36,'a1',NULL,0,0,NULL),(37,'a2',NULL,0,0,NULL),(38,'a1',NULL,0,0,NULL),(39,'a2',NULL,0,0,NULL),(40,'a1',NULL,0,0,NULL),(41,'a2',NULL,0,0,NULL),(42,'a1',NULL,0,0,NULL),(43,'a2',NULL,0,0,NULL),(44,'a1',NULL,0,0,NULL),(45,'a2',NULL,0,0,NULL),(46,'a1',NULL,0,0,NULL),(47,'a2',NULL,0,0,NULL),(48,'a1',NULL,0,0,NULL),(49,'a2',NULL,0,0,NULL),(50,'a1',NULL,0,0,NULL),(51,'a2',NULL,0,0,NULL),(52,'a1',NULL,0,0,NULL),(53,'a2',NULL,0,0,NULL),(54,'a1',NULL,0,0,NULL),(55,'a2',NULL,0,0,NULL),(56,'a1',NULL,0,0,NULL),(57,'a2',NULL,0,0,NULL),(58,'a1',NULL,0,0,NULL),(59,'a2',NULL,0,0,NULL),(60,'a1',NULL,0,0,NULL),(61,'a2',NULL,0,0,NULL),(62,'a1',NULL,0,0,NULL),(63,'a2',NULL,0,0,NULL),(64,'A1',NULL,0,0,NULL),(65,'a2',NULL,0,0,NULL),(66,'A3',NULL,0,0,NULL),(67,'A4',NULL,0,0,NULL),(68,'A5',NULL,0,0,NULL),(69,'A6',NULL,0,0,NULL),(70,'q',NULL,0,0,NULL),(71,'A1',NULL,0,0,NULL),(72,'a2',NULL,0,0,NULL),(73,'A3',NULL,0,0,NULL),(74,'A4',NULL,0,0,NULL),(75,'A5',NULL,0,0,NULL),(76,'A6',NULL,0,0,NULL),(77,'1',NULL,0,0,NULL),(78,'we',NULL,0,0,NULL),(79,'dfg',NULL,0,0,NULL),(80,'A1',NULL,0,0,NULL),(81,'a2',NULL,0,0,NULL),(82,'A3',NULL,0,0,NULL),(83,'A4',NULL,0,0,NULL),(84,'A5',NULL,0,0,NULL),(85,'A6',NULL,0,0,NULL),(86,'A1',NULL,0,0,NULL),(87,'a2',NULL,0,0,NULL),(88,'A3',NULL,0,0,NULL),(89,'A4',NULL,0,0,NULL),(90,'A5',NULL,0,0,NULL),(91,'A6',NULL,0,0,NULL),(92,'a1','2017-06-12 16:37:48',0,0,NULL),(93,'a2',NULL,0,0,NULL),(94,'a1','2017-06-13 10:52:21',0,0,NULL),(95,'a2','2017-06-13 10:52:18',0,0,NULL),(96,'A1','2017-06-17 10:28:55',0,0,NULL),(97,'a2','2017-06-17 10:28:56',0,0,NULL),(98,'A3','2017-06-17 10:28:55',0,0,NULL),(99,'A4','2017-06-17 10:28:55',0,0,NULL),(100,'A5','2017-06-17 10:28:51',0,0,NULL),(101,'A6','2017-06-17 10:28:55',0,0,NULL),(102,'a1','2017-07-18 13:14:02',0,0,NULL),(103,'a2','2017-07-18 13:14:00',0,0,NULL),(104,'A1','2017-07-24 23:22:35',0,0,NULL),(105,'a2','2017-07-24 23:22:37',0,0,NULL),(106,'A3','2017-07-24 23:22:35',0,0,NULL),(107,'A4','2017-07-24 23:22:37',0,0,NULL),(108,'A5','2017-07-24 23:22:37',0,0,NULL),(109,'A6','2017-07-24 23:22:34',0,0,NULL),(110,'A1','2017-07-22 11:13:39',0,0,NULL),(111,'a2','2017-07-22 11:13:41',0,0,NULL),(112,'A3','2017-07-22 11:13:39',0,0,NULL),(113,'A4','2017-07-22 11:13:37',0,0,NULL),(114,'A5','2017-07-22 11:13:40',0,0,NULL),(115,'A6','2017-07-22 11:13:37',0,0,NULL),(116,'a1',NULL,0,0,NULL),(117,'a2',NULL,0,0,NULL),(118,'a1','2017-08-01 09:58:40',2,20,NULL),(119,'a2','2017-08-01 09:58:43',3,45,NULL),(120,'A1','2017-07-25 15:40:39',2,20,NULL),(121,'a2','2017-07-25 15:40:41',2,20,NULL),(122,'A3','2017-07-25 15:40:40',2,20,NULL),(123,'A4','2017-07-25 15:40:39',2,20,NULL),(124,'A5','2017-07-25 15:40:40',2,20,NULL),(125,'A6','2017-07-25 15:40:40',2,20,NULL),(126,'A1',NULL,0,0,NULL),(127,'a2',NULL,0,0,NULL),(128,'A3',NULL,0,0,NULL),(129,'A6',NULL,0,0,NULL),(130,'A5',NULL,0,0,NULL),(131,'A4',NULL,0,0,NULL),(132,'A1',NULL,0,0,NULL),(133,'a2',NULL,0,0,NULL),(134,'A3',NULL,0,0,NULL),(135,'A6',NULL,0,0,NULL),(136,'A5',NULL,0,0,NULL),(137,'A4',NULL,0,0,NULL),(138,'A1',NULL,0,0,NULL),(139,'a2',NULL,0,0,NULL),(140,'A3',NULL,0,0,NULL),(141,'A6',NULL,0,0,NULL),(142,'A5',NULL,0,0,NULL),(143,'A4',NULL,0,0,NULL),(144,'a1','2017-08-01 10:20:06',2,20,NULL),(145,'a2','2017-08-01 10:20:06',3,45,NULL),(146,'a1','2017-08-01 10:43:41',2,20,NULL),(147,'a2','2017-08-01 10:43:42',3,45,NULL),(148,'dasd','2017-08-01 10:48:22',3,67,NULL),(149,'A1','2017-08-01 14:05:26',0,0,NULL),(150,'a2','2017-08-01 14:05:24',0,0,NULL),(151,'A3','2017-08-01 14:05:26',0,0,NULL),(152,'A6','2017-08-01 14:05:25',0,0,NULL),(153,'A5','2017-08-01 14:05:22',0,0,NULL),(154,'A4','2017-08-01 14:05:27',0,0,NULL),(155,'a1','2017-08-06 13:23:21',0,0,0),(156,'a2','2017-08-06 13:23:19',2,12,1),(157,'a3','2017-08-06 13:23:18',0,0,0),(158,'a1','2017-08-07 23:41:03',2,40,1),(159,'a2','2017-08-07 23:41:01',2,40,1),(160,'a1','2017-08-20 14:14:55',2,40,1),(161,'a2','2017-08-20 14:14:59',2,45,1),(162,'a3','2017-08-20 14:14:56',2,45,1),(163,'a4','2017-08-20 14:14:54',2,25,1),(164,'A1',NULL,0,0,1),(165,'a2',NULL,0,0,1),(166,'A3',NULL,0,0,1),(167,'A6',NULL,0,0,1),(168,'A5',NULL,0,0,1),(169,'A4',NULL,0,0,1),(170,'A1',NULL,0,0,1),(171,'a2',NULL,0,0,1),(172,'A3',NULL,0,0,1),(173,'A6',NULL,0,0,1),(174,'A5',NULL,0,0,1),(175,'A4',NULL,0,0,1),(176,'A1',NULL,0,0,1),(177,'a2',NULL,0,0,1),(178,'A3',NULL,0,0,1),(179,'A6',NULL,0,0,1),(180,'A5',NULL,0,0,1),(181,'A4',NULL,0,0,1),(182,'A1',NULL,0,0,1),(183,'a2',NULL,0,0,1),(184,'A3',NULL,0,0,1),(185,'A6',NULL,0,0,1),(186,'A5',NULL,0,0,1),(187,'A4',NULL,0,0,1),(188,'A1',NULL,0,0,1),(189,'a2',NULL,0,0,1),(190,'A3',NULL,0,0,1),(191,'A6',NULL,0,0,1),(192,'A5',NULL,0,0,1),(193,'A4',NULL,0,0,1),(194,'A1',NULL,0,0,1),(195,'a2',NULL,0,0,1),(196,'A3',NULL,0,0,1),(197,'A6',NULL,0,0,1),(198,'A5',NULL,0,0,1),(199,'A4',NULL,0,0,1),(200,'a1','2017-08-24 01:56:49',0,0,0),(201,'a2','2017-08-24 01:56:48',0,0,0),(202,'a3','2017-08-24 01:56:46',0,0,0),(203,'a4','2017-08-24 01:56:49',0,0,0),(204,'a5','2017-08-24 01:56:47',0,0,0),(205,'a6','2017-08-24 01:56:50',0,0,0);
/*!40000 ALTER TABLE `Assembly` ENABLE KEYS */;
UNLOCK TABLES;

--
-- Table structure for table `Assembly_state`
--

DROP TABLE IF EXISTS `Assembly_state`;
/*!40101 SET @saved_cs_client     = @@character_set_client */;
/*!40101 SET character_set_client = utf8 */;
CREATE TABLE `Assembly_state` (
  `name` varchar(255) NOT NULL,
  PRIMARY KEY (`name`),
  UNIQUE KEY `name_UNIQUE` (`name`)
) ENGINE=InnoDB DEFAULT CHARSET=utf8;
/*!40101 SET character_set_client = @saved_cs_client */;

--
-- Dumping data for table `Assembly_state`
--

LOCK TABLES `Assembly_state` WRITE;
/*!40000 ALTER TABLE `Assembly_state` DISABLE KEYS */;
INSERT INTO `Assembly_state` VALUES ('In-Progress'),('NOT-WORKING'),('Stopped');
/*!40000 ALTER TABLE `Assembly_state` ENABLE KEYS */;
UNLOCK TABLES;

--
-- Table structure for table `Component`
--

DROP TABLE IF EXISTS `Component`;
/*!40101 SET @saved_cs_client     = @@character_set_client */;
/*!40101 SET character_set_client = utf8 */;
CREATE TABLE `Component` (
  `id` int(11) NOT NULL AUTO_INCREMENT,
  `name` varchar(255) NOT NULL,
  `last_active` datetime DEFAULT NULL,
  PRIMARY KEY (`id`)
) ENGINE=InnoDB AUTO_INCREMENT=247 DEFAULT CHARSET=utf8;
/*!40101 SET character_set_client = @saved_cs_client */;

--
-- Dumping data for table `Component`
--

LOCK TABLES `Component` WRITE;
/*!40000 ALTER TABLE `Component` DISABLE KEYS */;
INSERT INTO `Component` VALUES (1,'component1',NULL),(2,'componnt2',NULL),(3,'component1',NULL),(4,'componnt2',NULL),(5,'component1',NULL),(6,'componnt2',NULL),(7,'c1',NULL),(8,'c2',NULL),(9,'c1',NULL),(10,'c2',NULL),(11,'c1',NULL),(12,'c2',NULL),(13,'c1',NULL),(14,'c2',NULL),(15,'c1',NULL),(16,'c2',NULL),(17,'c1',NULL),(18,'c2',NULL),(19,'c1',NULL),(20,'c2',NULL),(21,'aawr',NULL),(22,'aawr',NULL),(23,'aawr3',NULL),(24,'aawr3',NULL),(25,'aawr3',NULL),(26,'sdfsdf',NULL),(27,'sdfsdf',NULL),(28,'sdfsdf',NULL),(29,'sdfsdf',NULL),(30,'sdfsdf',NULL),(31,'sdfsdf',NULL),(32,'sdfsdf',NULL),(33,'sdfsdf',NULL),(34,'c1',NULL),(35,'c2',NULL),(36,'c1',NULL),(37,'c2',NULL),(38,'c1',NULL),(39,'c2',NULL),(40,'c1',NULL),(41,'c2',NULL),(42,'c1',NULL),(43,'c2',NULL),(44,'c1',NULL),(45,'c2',NULL),(46,'c1',NULL),(47,'c2',NULL),(48,'c1',NULL),(49,'c2',NULL),(50,'c1',NULL),(51,'c2',NULL),(52,'c1',NULL),(53,'c2',NULL),(54,'c1',NULL),(55,'c2',NULL),(56,'c1',NULL),(57,'c2',NULL),(58,'c1',NULL),(59,'c2',NULL),(60,'c1',NULL),(61,'c2',NULL),(62,'c1',NULL),(63,'c2',NULL),(64,'c1',NULL),(65,'c2',NULL),(66,'c1',NULL),(67,'c2',NULL),(68,'c1',NULL),(69,'c2',NULL),(70,'c1',NULL),(71,'c2',NULL),(72,'c1',NULL),(73,'c2',NULL),(74,'c1',NULL),(75,'c2',NULL),(76,'c1',NULL),(77,'c2',NULL),(78,'c1',NULL),(79,'c2',NULL),(80,'Component1',NULL),(81,'Component1',NULL),(82,'Component1',NULL),(83,'Component1',NULL),(84,'Component1',NULL),(85,'q1','2017-06-01 14:20:59'),(86,'Component1',NULL),(87,'Component1',NULL),(88,'Component1',NULL),(89,'Component1',NULL),(90,'Component1',NULL),(91,'2',NULL),(92,'d',NULL),(93,'d',NULL),(94,'f',NULL),(95,'Component1',NULL),(96,'Component1',NULL),(97,'Component1',NULL),(98,'Component1',NULL),(99,'Component1',NULL),(100,'Component1','2017-06-06 13:59:05'),(101,'Component1','2017-06-06 13:59:02'),(102,'Component1','2017-06-06 13:59:03'),(103,'Component1','2017-06-06 13:59:02'),(104,'Component1','2017-06-06 13:59:02'),(105,'c1','2017-07-03 18:44:21'),(106,'c2','2017-06-10 00:21:38'),(107,'c1','2017-06-13 10:52:20'),(108,'c2','2017-06-13 10:52:17'),(109,'Component1','2017-06-17 10:28:56'),(110,'Component1','2017-06-17 10:28:56'),(111,'Component1','2017-06-17 10:28:56'),(112,'Component1','2017-06-17 10:28:55'),(113,'Component1','2017-06-17 10:28:50'),(114,'c1','2017-07-18 13:14:01'),(115,'c2','2017-07-18 13:13:59'),(116,'Component1','2017-07-24 23:09:20'),(117,'Component1','2017-07-24 23:09:37'),(118,'Component1','2017-07-24 23:09:50'),(119,'Component1','2017-07-24 23:10:08'),(120,'Component1','2017-07-24 23:10:21'),(121,'Component1','2017-07-22 11:02:56'),(122,'Component1','2017-07-22 11:03:39'),(123,'Component1','2017-07-22 11:04:18'),(124,'Component1','2017-07-22 11:05:02'),(125,'Component1','2017-07-22 11:05:40'),(126,'componentSet2','2017-07-22 11:06:19'),(127,'componentSet2','2017-07-22 11:07:04'),(128,'componentSet2','2017-07-22 11:07:22'),(129,'componentSet2','2017-07-22 11:07:45'),(130,'componentSet2','2017-07-22 11:08:05'),(131,'1',NULL),(132,'1',NULL),(133,'1','2017-08-01 09:56:32'),(134,'1','2017-08-01 09:57:07'),(135,'Component1','2017-08-01 09:54:49'),(136,'Component1','2017-08-01 09:54:47'),(137,'Component1','2017-07-25 15:31:02'),(138,'Component1','2017-07-25 15:31:21'),(139,'Component1','2017-07-25 15:31:38'),(140,'Component1',NULL),(141,'Component1',NULL),(142,'Component1',NULL),(143,'Component1',NULL),(144,'Component1',NULL),(145,'Component1',NULL),(146,'Component1',NULL),(147,'Component1',NULL),(148,'Component1',NULL),(149,'Component1',NULL),(150,'Component1',NULL),(151,'Component1',NULL),(152,'Component1',NULL),(153,'Component1',NULL),(154,'Component1',NULL),(155,'1','2017-08-01 10:12:42'),(156,'1','2017-08-01 10:11:39'),(157,'1','2017-08-01 10:41:37'),(158,'1','2017-08-01 10:42:20'),(159,'asdsd:0','2017-08-01 10:48:22'),(160,'asdsd:1','2017-08-01 10:48:20'),(161,'asdsd:2','2017-08-01 10:48:18'),(162,'asdsd:3','2017-08-01 10:48:21'),(163,'asdsd:4','2017-08-01 10:48:19'),(164,'Component1','2017-08-01 13:56:34'),(165,'Component1','2017-08-01 13:57:23'),(166,'Component1','2017-08-01 13:58:06'),(167,'Component1','2017-08-01 13:58:50'),(168,'Component1','2017-08-01 13:59:18'),(169,'c1:0:0','2017-08-06 13:21:11'),(170,'c1:0:1','2017-08-06 13:21:29'),(171,'c1:0:2','2017-08-06 13:22:13'),(172,'c1:0','2017-08-07 23:33:01'),(173,'c1:1','2017-08-07 23:33:14'),(174,'c:0','2017-08-20 14:14:57'),(175,'c:1','2017-08-20 14:14:54'),(176,'c:2','2017-08-20 14:14:58'),(177,'Component1:0',NULL),(178,'Component1:1',NULL),(179,'Component1:2',NULL),(180,'Component1:3',NULL),(181,'Component1:4',NULL),(182,'Component1:5',NULL),(183,'Component2:0',NULL),(184,'Component2:1',NULL),(185,'Component2:2',NULL),(186,'Component2:3',NULL),(187,'Component1:0',NULL),(188,'Component1:1',NULL),(189,'Component1:2',NULL),(190,'Component1:3',NULL),(191,'Component1:4',NULL),(192,'Component1:5',NULL),(193,'Component2:0',NULL),(194,'Component2:1',NULL),(195,'Component2:2',NULL),(196,'Component2:3',NULL),(197,'Component1:0',NULL),(198,'Component1:1',NULL),(199,'Component1:2',NULL),(200,'Component1:3',NULL),(201,'Component1:4',NULL),(202,'Component1:5',NULL),(203,'Component2:0',NULL),(204,'Component2:1',NULL),(205,'Component2:2',NULL),(206,'Component2:3',NULL),(207,'Component1:0',NULL),(208,'Component1:1',NULL),(209,'Component1:2',NULL),(210,'Component1:3',NULL),(211,'Component1:4',NULL),(212,'Component1:5',NULL),(213,'Component2:0',NULL),(214,'Component2:1',NULL),(215,'Component2:2',NULL),(216,'Component2:3',NULL),(217,'Component1:0',NULL),(218,'Component1:1',NULL),(219,'Component1:2',NULL),(220,'Component1:3',NULL),(221,'Component1:4',NULL),(222,'Component1:5',NULL),(223,'Component2:0',NULL),(224,'Component2:1',NULL),(225,'Component2:2',NULL),(226,'Component2:3',NULL),(227,'Component1:0',NULL),(228,'Component1:1',NULL),(229,'Component1:2',NULL),(230,'Component1:3',NULL),(231,'Component1:4',NULL),(232,'Component1:5',NULL),(233,'Component2:0',NULL),(234,'Component2:1',NULL),(235,'Component2:2',NULL),(236,'Component2:3',NULL),(237,'component:0','2017-08-24 01:50:49'),(238,'component:1','2017-08-24 01:51:33'),(239,'component:2','2017-08-24 01:52:11'),(240,'component:3','2017-08-24 01:52:55'),(241,'component:4','2017-08-24 01:53:34'),(242,'component:5','2017-08-24 01:54:13'),(243,'component:6','2017-08-24 01:54:57'),(244,'component:7','2017-08-24 01:55:15'),(245,'component:8','2017-08-24 01:55:33'),(246,'component:9','2017-08-24 01:55:56');
/*!40000 ALTER TABLE `Component` ENABLE KEYS */;
UNLOCK TABLES;

--
-- Table structure for table `Operation`
--

DROP TABLE IF EXISTS `Operation`;
/*!40101 SET @saved_cs_client     = @@character_set_client */;
/*!40101 SET character_set_client = utf8 */;
CREATE TABLE `Operation` (
  `id` int(11) NOT NULL AUTO_INCREMENT,
  `name` varchar(255) NOT NULL,
  PRIMARY KEY (`id`)
) ENGINE=InnoDB AUTO_INCREMENT=311 DEFAULT CHARSET=utf8;
/*!40101 SET character_set_client = @saved_cs_client */;

--
-- Dumping data for table `Operation`
--

LOCK TABLES `Operation` WRITE;
/*!40000 ALTER TABLE `Operation` DISABLE KEYS */;
INSERT INTO `Operation` VALUES (1,'A'),(2,'B'),(3,'C'),(4,'D'),(5,'A'),(6,'B'),(7,'C'),(8,'D'),(9,'A'),(10,'B'),(11,'C'),(12,'D'),(13,'fixed in Registration omdule'),(14,'o1'),(15,'o2'),(16,'o3'),(17,'fixed in Registration omdule'),(18,'o1'),(19,'o2'),(20,'o3'),(21,'fixed in Registration omdule'),(22,'o1'),(23,'o2'),(24,'o3'),(25,'fixed in Registration omdule'),(26,'o1'),(27,'o2'),(28,'o3'),(29,'fixed in Registration omdule'),(30,'o1'),(31,'o2'),(32,'o3'),(33,'fixed in Registration omdule'),(34,'o1'),(35,'o2'),(36,'o3'),(37,'fixed in Registration omdule'),(38,'o1'),(39,'o2'),(40,'o3'),(41,'fixed in Registration omdule'),(42,'fixed in Registration omdule'),(43,'asasf'),(44,'sdfsdf'),(45,'sdfsdf'),(46,'sdfds'),(47,'sdfsdffff'),(48,'eweee'),(49,'wwww'),(50,'fixed in Registration omdule'),(51,'o1'),(52,'o2'),(53,'o3'),(54,'fixed in Registration omdule'),(55,'o1'),(56,'o2'),(57,'o3'),(58,'fixed in Registration omdule'),(59,'o1'),(60,'o2'),(61,'o3'),(62,'fixed in Registration omdule'),(63,'o1'),(64,'o2'),(65,'o3'),(66,'fixed in Registration omdule'),(67,'o1'),(68,'o2'),(69,'o3'),(70,'fixed in Registration omdule'),(71,'o1'),(72,'o2'),(73,'o3'),(74,'fixed in Registration omdule'),(75,'o1'),(76,'o2'),(77,'o3'),(78,'fixed in Registration omdule'),(79,'o1'),(80,'o2'),(81,'o3'),(82,'fixed in Registration omdule'),(83,'o1'),(84,'o2'),(85,'o3'),(86,'fixed in Registration omdule'),(87,'o1'),(88,'o2'),(89,'o3'),(90,'fixed in Registration omdule'),(91,'o1'),(92,'o2'),(93,'o3'),(94,'fixed in Registration omdule'),(95,'o1'),(96,'o2'),(97,'o3'),(98,'fixed in Registration omdule'),(99,'o1'),(100,'o2'),(101,'o3'),(102,'fixed in Registration omdule'),(103,'o1'),(104,'o2'),(105,'o3'),(106,'fixed in Registration omdule'),(107,'o1'),(108,'o2'),(109,'o3'),(110,'fixed in Registration omdule'),(111,'o1'),(112,'o2'),(113,'o3'),(114,'fixed in Registration omdule'),(115,'o1'),(116,'o2'),(117,'o3'),(118,'fixed in Registration omdule'),(119,'o1'),(120,'o2'),(121,'o3'),(122,'fixed in Registration omdule'),(123,'o1'),(124,'o2'),(125,'o3'),(126,'fixed in Registration omdule'),(127,'o1'),(128,'o2'),(129,'o3'),(130,'fixed in Registration omdule'),(131,'o1'),(132,'o2'),(133,'o3'),(134,'fixed in Registration omdule'),(135,'o1'),(136,'o2'),(137,'o3'),(138,'fixed in Registration omdule'),(139,'o1'),(140,'o2'),(141,'o3'),(142,'op1'),(143,'op2'),(144,'op3'),(145,'op4'),(146,'op5'),(147,'op6'),(148,'q1'),(149,'w1'),(150,'op1'),(151,'op2'),(152,'op3'),(153,'op4'),(154,'op5'),(155,'op6'),(156,'fixed in Registration omdule'),(157,'2'),(158,'3'),(159,'fixed in Registration omdule'),(160,'dsf'),(161,'fixed in Registration omdule'),(162,'dfg'),(163,'fixed in Registration omdule'),(164,'op1'),(165,'op2'),(166,'op3'),(167,'op4'),(168,'op5'),(169,'op6'),(170,'op1'),(171,'op2'),(172,'op3'),(173,'op4'),(174,'op5'),(175,'op6'),(176,'fixed in Registration omdule'),(177,'o1'),(178,'o2'),(179,'o3'),(180,'fixed in Registration omdule'),(181,'o1'),(182,'o2'),(183,'o3'),(184,'op1'),(185,'op2'),(186,'op3'),(187,'op4'),(188,'op5'),(189,'op6'),(190,'fixed in Registration omdule'),(191,'o1'),(192,'o2'),(193,'o3'),(194,'op1'),(195,'op2'),(196,'op3'),(197,'op4'),(198,'op5'),(199,'op6'),(200,'op1'),(201,'op2'),(202,'op3'),(203,'op4'),(204,'op5'),(205,'op6'),(206,'fixed in Registration omdule'),(207,'2'),(208,'3'),(209,'4'),(210,'fixed in Registration omdule'),(211,'2'),(212,'3'),(213,'4'),(214,'op1'),(215,'op2'),(216,'op3'),(217,'op4'),(218,'op5'),(219,'op6'),(220,'op1'),(221,'op2'),(222,'op3'),(223,'op4'),(224,'op5'),(225,'op6'),(226,'op1'),(227,'op2'),(228,'op3'),(229,'op4'),(230,'op5'),(231,'op6'),(232,'op1'),(233,'op2'),(234,'op3'),(235,'op4'),(236,'op5'),(237,'op6'),(238,'fixed in Registration omdule'),(239,'2'),(240,'3'),(241,'4'),(242,'fixed in Registration omdule'),(243,'2'),(244,'3'),(245,'4'),(246,'fixed in Registration omdule'),(247,'asd'),(248,'dsd'),(249,'sd'),(250,'op1'),(251,'op2'),(252,'op3'),(253,'op4'),(254,'op5'),(255,'op6'),(256,'fixed in Registration omdule'),(257,'a'),(258,'d'),(259,'f'),(260,'g'),(261,'o1'),(262,'o2'),(263,'o3'),(264,'o4'),(265,'o1'),(266,'o2'),(267,'o3'),(268,'o4'),(269,'op1'),(270,'op2'),(271,'op3'),(272,'op4'),(273,'op5'),(274,'op6'),(275,'op1'),(276,'op2'),(277,'op3'),(278,'op4'),(279,'op5'),(280,'op6'),(281,'op1'),(282,'op2'),(283,'op3'),(284,'op4'),(285,'op5'),(286,'op6'),(287,'op1'),(288,'op2'),(289,'op3'),(290,'op4'),(291,'op5'),(292,'op6'),(293,'op1'),(294,'op2'),(295,'op3'),(296,'op4'),(297,'op5'),(298,'op6'),(299,'op1'),(300,'op2'),(301,'op3'),(302,'op4'),(303,'op5'),(304,'op6'),(305,'o1'),(306,'o2'),(307,'o3'),(308,'o4'),(309,'o5'),(310,'o6');
/*!40000 ALTER TABLE `Operation` ENABLE KEYS */;
UNLOCK TABLES;

--
-- Table structure for table `SimulationAssemblyMap`
--

DROP TABLE IF EXISTS `SimulationAssemblyMap`;
/*!40101 SET @saved_cs_client     = @@character_set_client */;
/*!40101 SET character_set_client = utf8 */;
CREATE TABLE `SimulationAssemblyMap` (
  `simulation_id` int(11) NOT NULL,
  `assembly_id` int(11) NOT NULL,
  `url` varchar(255) DEFAULT NULL,
  KEY `fk_SimulationAssemblyMap_1` (`assembly_id`),
  KEY `fk_SimulationAssemblyMap_2_idx` (`simulation_id`),
  CONSTRAINT `fk_SimulationAssemblyMap_1` FOREIGN KEY (`assembly_id`) REFERENCES `Assembly` (`id`) ON DELETE NO ACTION ON UPDATE NO ACTION,
  CONSTRAINT `fk_SimulationAssemblyMap_2` FOREIGN KEY (`simulation_id`) REFERENCES `simulation` (`id`) ON DELETE NO ACTION ON UPDATE NO ACTION
) ENGINE=InnoDB DEFAULT CHARSET=utf8;
/*!40101 SET character_set_client = @saved_cs_client */;

--
-- Dumping data for table `SimulationAssemblyMap`
--

LOCK TABLES `SimulationAssemblyMap` WRITE;
/*!40000 ALTER TABLE `SimulationAssemblyMap` DISABLE KEYS */;
INSERT INTO `SimulationAssemblyMap` VALUES (1,2,NULL),(2,4,'http://localhost:8081'),(2,5,'http://localhost:8082'),(3,6,NULL),(3,7,NULL),(4,8,NULL),(4,9,NULL),(5,10,NULL),(5,11,NULL),(9,15,NULL),(9,16,NULL),(11,17,NULL),(12,18,NULL),(12,19,NULL),(13,20,NULL),(13,21,NULL),(14,22,NULL),(14,23,NULL),(15,24,NULL),(15,25,NULL),(16,26,NULL),(16,27,NULL),(17,28,NULL),(17,29,NULL),(18,30,NULL),(18,31,NULL),(19,32,NULL),(19,33,NULL),(20,34,NULL),(20,35,NULL),(21,36,NULL),(21,37,NULL),(22,38,NULL),(22,39,NULL),(23,40,NULL),(23,41,NULL),(24,42,NULL),(24,43,NULL),(25,44,NULL),(25,45,NULL),(26,46,NULL),(26,47,NULL),(27,48,NULL),(27,49,NULL),(28,50,NULL),(28,51,NULL),(29,52,NULL),(29,53,NULL),(30,54,NULL),(30,55,NULL),(31,56,NULL),(31,57,NULL),(32,58,NULL),(32,59,NULL),(33,60,NULL),(33,61,NULL),(34,62,'http://localhost:8082'),(34,63,'http://localhost:8083'),(35,64,'http://localhost:8085'),(35,65,'http://localhost:8086'),(35,66,'http://localhost:8087'),(35,67,'http://localhost:8088'),(35,68,'http://localhost:8089'),(35,69,'http://localhost:8090'),(36,70,'http://localhost:8080'),(37,71,'http://localhost:8085'),(37,72,'http://localhost:8086'),(37,73,'http://localhost:8087'),(37,74,'http://localhost:8088'),(37,75,'http://localhost:8089'),(37,76,'http://localhost:8090'),(38,77,'http://localhost:8081'),(39,78,NULL),(40,79,NULL),(42,80,'http://localhost:8085'),(42,81,'http://localhost:8086'),(42,82,'http://localhost:8087'),(42,83,'http://localhost:8088'),(42,84,'http://localhost:8089'),(42,85,'http://localhost:8090'),(43,86,'http://localhost:8085'),(43,87,'http://localhost:8086'),(43,88,'http://localhost:8087'),(43,89,'http://localhost:8088'),(43,90,'http://localhost:8089'),(43,91,'http://localhost:8090'),(44,92,'http://localhost:8080'),(44,93,'http://localhost:8081'),(45,94,'http://localhost:8082'),(45,95,'http://localhost:8083'),(46,96,'http://localhost:8085'),(46,97,'http://localhost:8086'),(46,98,'http://localhost:8087'),(46,99,'http://localhost:8088'),(46,100,'http://localhost:8089'),(46,101,'http://localhost:8090'),(47,102,'http://localhost:8082'),(47,103,'http://localhost:8083'),(48,104,'http://localhost:8085'),(48,105,'http://localhost:8086'),(48,106,'http://localhost:8087'),(48,107,'http://localhost:8088'),(48,108,'http://localhost:8089'),(48,109,'http://localhost:8090'),(49,110,'http://localhost:8090'),(49,111,'http://localhost:8091'),(49,112,'http://localhost:8092'),(49,113,'http://localhost:8093'),(49,114,'http://localhost:8094'),(49,115,'http://localhost:8095'),(52,116,NULL),(52,117,NULL),(53,118,'http://localhost:8082'),(53,119,'http://localhost:8083'),(54,120,'http://localhost:8085'),(54,121,'http://localhost:8086'),(54,122,'http://localhost:8087'),(54,123,'http://localhost:8088'),(54,124,'http://localhost:8089'),(54,125,'http://localhost:8090'),(57,126,NULL),(57,127,NULL),(57,128,NULL),(57,129,NULL),(57,130,NULL),(57,131,NULL),(58,132,NULL),(58,133,NULL),(58,134,NULL),(58,135,NULL),(58,136,NULL),(58,137,NULL),(59,138,NULL),(59,139,NULL),(59,140,NULL),(59,141,NULL),(59,142,NULL),(59,143,NULL),(60,144,'http://localhost:8082'),(60,145,'http://localhost:8083'),(61,146,'http://localhost:8082'),(61,147,'http://localhost:8083'),(62,148,'http://localhost:8084'),(63,149,'http://localhost:8085'),(63,150,'http://localhost:8086'),(63,151,'http://localhost:8087'),(63,152,'http://localhost:8088'),(63,153,'http://localhost:8089'),(63,154,'http://localhost:8090'),(64,155,'http://localhost:8083'),(64,156,'http://localhost:8084'),(64,157,'http://localhost:8085'),(65,158,'http://localhost:8082'),(65,159,'http://localhost:8083'),(66,160,'http://localhost:8083'),(66,161,'http://localhost:8084'),(66,162,'http://localhost:8085'),(66,163,'http://localhost:8086'),(68,164,NULL),(68,165,NULL),(68,166,NULL),(68,167,NULL),(68,168,NULL),(68,169,NULL),(69,170,NULL),(69,171,NULL),(69,172,NULL),(69,173,NULL),(69,174,NULL),(69,175,NULL),(70,176,NULL),(70,177,NULL),(70,178,NULL),(70,179,NULL),(70,180,NULL),(70,181,NULL),(71,182,NULL),(71,183,NULL),(71,184,NULL),(71,185,NULL),(71,186,NULL),(71,187,NULL),(72,188,NULL),(72,189,NULL),(72,190,NULL),(72,191,NULL),(72,192,NULL),(72,193,NULL),(73,194,NULL),(73,195,NULL),(73,196,NULL),(73,197,NULL),(73,198,NULL),(73,199,NULL),(74,200,'http://localhost:8090'),(74,201,'http://localhost:8091'),(74,202,'http://localhost:8092'),(74,203,'http://localhost:8093'),(74,204,'http://localhost:8094'),(74,205,'http://localhost:8095');
/*!40000 ALTER TABLE `SimulationAssemblyMap` ENABLE KEYS */;
UNLOCK TABLES;

--
-- Table structure for table `assembly_operation_mapping`
--

DROP TABLE IF EXISTS `assembly_operation_mapping`;
/*!40101 SET @saved_cs_client     = @@character_set_client */;
/*!40101 SET character_set_client = utf8 */;
CREATE TABLE `assembly_operation_mapping` (
  `assembly_id` int(11) NOT NULL,
  `operation_id` int(11) NOT NULL,
  `operation_time` int(11) NOT NULL,
  `status` varchar(255) NOT NULL,
  KEY `fk_assembly_operation_mapping_1` (`assembly_id`),
  KEY `fk_assembly_operation_mapping_2_idx` (`operation_id`),
  CONSTRAINT `fk_assembly_operation_mapping_1` FOREIGN KEY (`assembly_id`) REFERENCES `Assembly` (`id`) ON DELETE CASCADE ON UPDATE CASCADE,
  CONSTRAINT `fk_assembly_operation_mapping_2` FOREIGN KEY (`operation_id`) REFERENCES `Operation` (`id`) ON DELETE NO ACTION ON UPDATE NO ACTION
) ENGINE=InnoDB DEFAULT CHARSET=utf8;
/*!40101 SET character_set_client = @saved_cs_client */;

--
-- Dumping data for table `assembly_operation_mapping`
--

LOCK TABLES `assembly_operation_mapping` WRITE;
/*!40000 ALTER TABLE `assembly_operation_mapping` DISABLE KEYS */;
INSERT INTO `assembly_operation_mapping` VALUES (4,11,1,'free'),(4,9,1,'free'),(4,10,1,'free'),(5,12,1,'free'),(5,10,1,'free'),(15,37,20,'free'),(15,38,30,'free'),(16,38,23,'free'),(16,39,21,'free'),(16,40,20,'free'),(17,42,10,'free'),(17,43,10,'free'),(17,44,10,'free'),(17,45,10,'free'),(18,50,20,'free'),(18,51,30,'free'),(19,51,23,'free'),(19,52,21,'free'),(19,53,20,'free'),(20,54,20,'free'),(20,55,30,'free'),(21,55,23,'free'),(21,56,21,'free'),(21,57,20,'free'),(22,58,20,'free'),(22,59,30,'free'),(23,59,23,'free'),(23,60,21,'free'),(23,61,20,'free'),(24,62,20,'free'),(24,63,30,'free'),(25,63,23,'free'),(25,64,21,'free'),(25,65,20,'free'),(26,66,20,'free'),(26,67,30,'free'),(27,67,23,'free'),(27,68,21,'free'),(27,69,20,'free'),(28,70,20,'free'),(28,71,30,'free'),(29,71,23,'free'),(29,72,21,'free'),(29,73,20,'free'),(30,74,20,'free'),(30,75,30,'free'),(31,75,23,'free'),(31,76,21,'free'),(31,77,20,'free'),(32,78,20,'free'),(32,79,30,'free'),(33,79,23,'free'),(33,80,21,'free'),(33,81,20,'free'),(34,82,20,'free'),(34,83,30,'free'),(35,83,23,'free'),(35,84,21,'free'),(35,85,20,'free'),(36,86,20,'free'),(36,87,30,'free'),(37,87,23,'free'),(37,88,21,'free'),(37,89,20,'free'),(38,90,20,'free'),(38,91,30,'free'),(39,91,23,'free'),(39,92,21,'free'),(39,93,20,'free'),(40,94,20,'free'),(40,95,30,'free'),(41,95,23,'free'),(41,96,21,'free'),(41,97,20,'free'),(42,98,20,'free'),(42,99,30,'free'),(43,99,23,'free'),(43,100,21,'free'),(43,101,20,'free'),(44,102,20,'free'),(44,103,30,'free'),(45,103,23,'free'),(45,104,21,'free'),(45,105,20,'free'),(46,106,20,'free'),(46,107,30,'free'),(47,107,23,'free'),(47,108,21,'free'),(47,109,20,'free'),(48,110,20,'free'),(48,111,30,'free'),(49,111,23,'free'),(49,112,21,'free'),(49,113,20,'free'),(50,114,20,'free'),(50,115,30,'free'),(51,115,23,'free'),(51,116,21,'free'),(51,117,20,'free'),(52,118,20,'free'),(52,119,30,'free'),(53,119,23,'free'),(53,120,21,'free'),(53,121,20,'free'),(54,122,20,'free'),(54,123,30,'free'),(55,123,23,'free'),(55,124,21,'free'),(55,125,20,'free'),(56,126,20,'free'),(56,127,30,'free'),(57,127,23,'free'),(57,128,21,'free'),(57,129,20,'free'),(58,130,20,'free'),(58,131,30,'free'),(59,131,23,'free'),(59,132,21,'free'),(59,133,20,'free'),(60,134,20,'free'),(60,135,30,'free'),(61,135,23,'free'),(61,136,21,'free'),(61,137,20,'free'),(62,138,20,'free'),(62,139,30,'free'),(63,139,23,'free'),(63,140,21,'free'),(63,141,20,'free'),(64,142,18,'free'),(65,143,18,'free'),(65,144,6,'free'),(66,144,6,'free'),(67,145,8,'free'),(68,146,30,'free'),(68,147,37,'free'),(69,146,30,'free'),(69,147,37,'free'),(70,148,10,'free'),(70,149,10,'free'),(71,150,18,'free'),(72,151,18,'free'),(72,152,6,'free'),(73,152,6,'free'),(74,153,8,'free'),(75,154,30,'free'),(75,155,37,'free'),(76,154,30,'free'),(76,155,37,'free'),(77,156,10,'free'),(77,157,10,'free'),(77,158,10,'free'),(78,159,10,'free'),(78,160,10,'free'),(79,161,10,'free'),(79,162,10,'free'),(79,161,10,'free'),(80,164,18,'free'),(81,165,18,'free'),(81,166,6,'free'),(82,166,6,'free'),(83,167,8,'free'),(84,168,30,'free'),(84,169,37,'free'),(85,168,30,'free'),(85,169,37,'free'),(86,170,18,'free'),(87,171,18,'free'),(87,172,6,'free'),(88,172,6,'free'),(89,173,8,'free'),(90,174,30,'free'),(90,175,37,'free'),(91,174,30,'free'),(91,175,37,'free'),(92,176,20,'free'),(92,177,30,'free'),(93,177,23,'free'),(93,178,21,'free'),(93,179,20,'free'),(94,180,20,'free'),(94,181,30,'free'),(95,181,23,'free'),(95,182,21,'free'),(95,183,20,'free'),(96,184,18,'free'),(97,185,18,'free'),(97,186,6,'free'),(98,186,6,'free'),(99,187,8,'free'),(100,188,30,'free'),(100,189,37,'free'),(101,188,30,'free'),(101,189,37,'free'),(102,190,20,'free'),(102,191,30,'free'),(103,191,23,'free'),(103,192,21,'free'),(103,193,20,'free'),(104,194,18,'free'),(105,195,18,'free'),(105,196,6,'free'),(106,196,6,'free'),(107,197,8,'free'),(108,198,30,'free'),(108,199,37,'free'),(109,198,30,'free'),(109,199,37,'free'),(110,200,18,'free'),(111,201,18,'free'),(111,202,6,'free'),(112,202,6,'free'),(113,203,8,'free'),(114,204,30,'free'),(114,205,37,'free'),(115,204,30,'free'),(115,205,37,'free'),(116,207,21,'free'),(116,208,32,'free'),(117,207,23,'free'),(117,208,24,'free'),(117,209,25,'free'),(118,211,21,'free'),(118,212,32,'free'),(119,211,23,'free'),(119,212,24,'free'),(119,213,25,'free'),(120,214,18,'free'),(121,215,18,'free'),(121,216,6,'free'),(122,216,6,'free'),(123,217,8,'free'),(124,218,30,'free'),(124,219,37,'free'),(125,218,30,'free'),(125,219,37,'free'),(126,220,18,'free'),(127,221,18,'free'),(127,222,6,'free'),(128,222,6,'free'),(129,224,30,'free'),(129,225,37,'free'),(130,224,30,'free'),(130,225,37,'free'),(131,223,8,'free'),(132,226,18,'free'),(133,227,18,'free'),(133,228,6,'free'),(134,228,6,'free'),(135,230,30,'free'),(135,231,37,'free'),(136,230,30,'free'),(136,231,37,'free'),(137,229,8,'free'),(138,232,18,'free'),(139,233,18,'free'),(139,234,6,'free'),(140,234,6,'free'),(141,236,30,'free'),(141,237,37,'free'),(142,236,30,'free'),(142,237,37,'free'),(143,235,8,'free'),(144,239,21,'free'),(144,240,32,'free'),(145,239,23,'free'),(145,240,24,'free'),(145,241,25,'free'),(146,243,21,'free'),(146,244,32,'free'),(147,243,23,'free'),(147,244,24,'free'),(147,245,25,'free'),(148,246,10,'free'),(148,247,10,'busy'),(148,248,10,'free'),(148,249,10,'free'),(148,246,10,'free'),(149,250,18,'free'),(150,251,18,'free'),(150,252,6,'free'),(151,252,6,'free'),(152,254,30,'free'),(152,255,37,'free'),(153,254,30,'free'),(153,255,37,'free'),(154,253,8,'free'),(155,259,10,'free'),(155,257,10,'free'),(155,258,10,'free'),(156,260,10,'free'),(156,259,10,'free'),(157,258,10,'free'),(158,261,10,'free'),(158,262,10,'free'),(159,264,10,'free'),(159,262,10,'free'),(159,263,10,'free'),(160,265,10,'free'),(160,266,10,'free'),(160,267,10,'free'),(161,265,10,'free'),(161,266,10,'free'),(162,265,10,'free'),(162,266,10,'free'),(162,267,10,'free'),(163,265,10,'free'),(163,267,10,'free'),(164,269,18,'free'),(165,270,18,'free'),(165,271,6,'free'),(166,271,6,'free'),(167,273,30,'free'),(167,274,37,'free'),(168,273,30,'free'),(168,274,37,'free'),(169,272,8,'free'),(170,275,18,'free'),(171,276,18,'free'),(171,277,6,'free'),(172,277,6,'free'),(173,279,30,'free'),(173,280,37,'free'),(174,279,30,'free'),(174,280,37,'free'),(175,278,8,'free'),(176,281,18,'free'),(177,282,18,'free'),(177,283,6,'free'),(178,283,6,'free'),(179,285,30,'free'),(179,286,37,'free'),(180,285,30,'free'),(180,286,37,'free'),(181,284,8,'free'),(182,287,18,'free'),(183,288,18,'free'),(183,289,6,'free'),(184,289,6,'free'),(185,291,30,'free'),(185,292,37,'free'),(186,291,30,'free'),(186,292,37,'free'),(187,290,8,'free'),(188,293,18,'free'),(189,294,18,'free'),(189,295,6,'free'),(190,295,6,'free'),(191,297,30,'free'),(191,298,37,'free'),(192,297,30,'free'),(192,298,37,'free'),(193,296,8,'free'),(194,299,18,'free'),(195,300,18,'free'),(195,301,6,'free'),(196,301,6,'free'),(197,303,30,'free'),(197,304,37,'free'),(198,303,30,'free'),(198,304,37,'free'),(199,302,8,'free'),(200,305,18,'free'),(201,306,18,'free'),(201,307,6,'free'),(202,307,6,'free'),(203,308,8,'free'),(204,309,30,'free'),(204,310,37,'free'),(205,309,30,'free'),(205,310,37,'free');
/*!40000 ALTER TABLE `assembly_operation_mapping` ENABLE KEYS */;
UNLOCK TABLES;

--
-- Table structure for table `component_operation_mapping`
--

DROP TABLE IF EXISTS `component_operation_mapping`;
/*!40101 SET @saved_cs_client     = @@character_set_client */;
/*!40101 SET character_set_client = utf8 */;
CREATE TABLE `component_operation_mapping` (
  `component_id` int(11) NOT NULL,
  `operation_id` int(11) NOT NULL,
  `sequence` int(11) NOT NULL,
  KEY `fk_component_operation_mapping_1` (`component_id`),
  KEY `fk_component_operation_mapping_2` (`operation_id`),
  CONSTRAINT `fk_component_operation_mapping_1` FOREIGN KEY (`component_id`) REFERENCES `Component` (`id`) ON DELETE NO ACTION ON UPDATE NO ACTION,
  CONSTRAINT `fk_component_operation_mapping_2` FOREIGN KEY (`operation_id`) REFERENCES `Operation` (`id`) ON DELETE NO ACTION ON UPDATE NO ACTION
) ENGINE=InnoDB DEFAULT CHARSET=utf8;
/*!40101 SET character_set_client = @saved_cs_client */;

--
-- Dumping data for table `component_operation_mapping`
--

LOCK TABLES `component_operation_mapping` WRITE;
/*!40000 ALTER TABLE `component_operation_mapping` DISABLE KEYS */;
INSERT INTO `component_operation_mapping` VALUES (1,1,1),(1,2,2),(1,3,3),(1,4,4),(1,2,1),(1,1,2),(1,3,3),(1,4,4),(2,3,1),(2,4,2),(2,4,1),(2,3,2),(3,5,1),(3,6,2),(3,7,3),(3,8,4),(3,6,1),(3,5,2),(3,7,3),(3,8,4),(4,7,1),(4,8,2),(4,8,1),(4,7,2),(5,9,1),(5,10,2),(5,11,3),(5,12,4),(5,10,1),(5,9,2),(5,11,3),(5,12,4),(6,11,1),(6,12,2),(6,12,1),(6,11,2),(7,14,1),(7,15,2),(7,16,3),(7,15,1),(7,14,2),(7,16,3),(8,13,1),(8,14,2),(8,14,1),(8,13,2),(9,18,1),(9,19,2),(9,20,3),(9,19,1),(9,18,2),(9,20,3),(10,17,1),(10,18,2),(10,18,1),(10,17,2),(11,22,1),(11,23,2),(11,24,3),(11,23,1),(11,22,2),(11,24,3),(12,21,1),(12,22,2),(12,22,1),(12,21,2),(13,26,1),(13,27,2),(13,28,3),(13,27,1),(13,26,2),(13,28,3),(14,25,1),(14,26,2),(14,26,1),(14,25,2),(15,30,1),(15,31,2),(15,32,3),(15,31,1),(15,30,2),(15,32,3),(16,29,1),(16,30,2),(16,30,1),(16,29,2),(17,34,1),(17,35,2),(17,36,3),(17,35,1),(17,34,2),(17,36,3),(18,33,1),(18,34,2),(18,34,1),(18,33,2),(19,38,1),(19,39,2),(19,40,3),(19,39,1),(19,38,2),(19,40,3),(20,37,1),(20,38,2),(20,38,1),(20,37,2),(21,41,1),(21,41,2),(21,41,3),(22,41,1),(22,41,2),(22,41,3),(23,41,1),(23,41,2),(23,41,3),(24,41,1),(24,41,2),(24,41,3),(25,41,1),(25,41,2),(25,41,3),(26,42,1),(26,43,2),(26,49,3),(26,43,1),(26,42,2),(26,49,3),(27,42,1),(27,43,2),(27,49,3),(27,43,1),(27,42,2),(27,49,3),(28,42,1),(28,43,2),(28,49,3),(28,43,1),(28,42,2),(28,49,3),(29,42,1),(29,43,2),(29,49,3),(29,43,1),(29,42,2),(29,49,3),(30,42,1),(30,43,2),(30,49,3),(30,43,1),(30,42,2),(30,49,3),(31,42,1),(31,43,2),(31,49,3),(31,43,1),(31,42,2),(31,49,3),(32,42,1),(32,43,2),(32,49,3),(32,43,1),(32,42,2),(32,49,3),(33,42,1),(33,43,2),(33,49,3),(33,43,1),(33,42,2),(33,49,3),(34,51,1),(34,52,2),(34,53,3),(34,52,1),(34,51,2),(34,53,3),(35,50,1),(35,51,2),(35,51,1),(35,50,2),(36,55,1),(36,56,2),(36,57,3),(36,56,1),(36,55,2),(36,57,3),(37,54,1),(37,55,2),(37,55,1),(37,54,2),(38,59,1),(38,60,2),(38,61,3),(38,60,1),(38,59,2),(38,61,3),(39,58,1),(39,59,2),(39,59,1),(39,58,2),(40,63,1),(40,64,2),(40,65,3),(40,64,1),(40,63,2),(40,65,3),(41,62,1),(41,63,2),(41,63,1),(41,62,2),(42,67,1),(42,68,2),(42,69,3),(42,68,1),(42,67,2),(42,69,3),(43,66,1),(43,67,2),(43,67,1),(43,66,2),(44,71,1),(44,72,2),(44,73,3),(44,72,1),(44,71,2),(44,73,3),(45,70,1),(45,71,2),(45,71,1),(45,70,2),(46,75,1),(46,76,2),(46,77,3),(46,76,1),(46,75,2),(46,77,3),(47,74,1),(47,75,2),(47,75,1),(47,74,2),(48,79,1),(48,80,2),(48,81,3),(48,80,1),(48,79,2),(48,81,3),(49,78,1),(49,79,2),(49,79,1),(49,78,2),(50,83,1),(50,84,2),(50,85,3),(50,84,1),(50,83,2),(50,85,3),(51,82,1),(51,83,2),(51,83,1),(51,82,2),(52,87,1),(52,88,2),(52,89,3),(52,88,1),(52,87,2),(52,89,3),(53,86,1),(53,87,2),(53,87,1),(53,86,2),(54,91,1),(54,92,2),(54,93,3),(54,92,1),(54,91,2),(54,93,3),(55,90,1),(55,91,2),(55,91,1),(55,90,2),(56,95,1),(56,96,2),(56,97,3),(56,96,1),(56,95,2),(56,97,3),(57,94,1),(57,95,2),(57,95,1),(57,94,2),(58,99,1),(58,100,2),(58,101,3),(58,100,1),(58,99,2),(58,101,3),(59,98,1),(59,99,2),(59,99,1),(59,98,2),(60,103,1),(60,104,2),(60,105,3),(60,104,1),(60,103,2),(60,105,3),(61,102,1),(61,103,2),(61,103,1),(61,102,2),(62,107,1),(62,108,2),(62,109,3),(62,108,1),(62,107,2),(62,109,3),(63,106,1),(63,107,2),(63,107,1),(63,106,2),(64,111,1),(64,112,2),(64,113,3),(64,112,1),(64,111,2),(64,113,3),(65,110,1),(65,111,2),(65,111,1),(65,110,2),(66,115,1),(66,116,2),(66,117,3),(66,116,1),(66,115,2),(66,117,3),(67,114,1),(67,115,2),(67,115,1),(67,114,2),(68,119,1),(68,120,2),(68,121,3),(68,120,1),(68,119,2),(68,121,3),(69,118,1),(69,119,2),(69,119,1),(69,118,2),(70,123,1),(70,124,2),(70,125,3),(70,124,1),(70,123,2),(70,125,3),(71,122,1),(71,123,2),(71,123,1),(71,122,2),(72,127,1),(72,128,2),(72,129,3),(72,128,1),(72,127,2),(72,129,3),(73,126,1),(73,127,2),(73,127,1),(73,126,2),(74,131,1),(74,132,2),(74,133,3),(74,132,1),(74,131,2),(74,133,3),(75,130,1),(75,131,2),(75,131,1),(75,130,2),(76,135,1),(76,136,2),(76,137,3),(76,136,1),(76,135,2),(76,137,3),(77,134,1),(77,135,2),(77,135,1),(77,134,2),(78,139,1),(78,140,2),(78,141,3),(78,140,1),(78,139,2),(78,141,3),(79,138,1),(79,139,2),(79,139,1),(79,138,2),(80,142,1),(80,143,2),(80,144,3),(80,145,4),(80,146,5),(80,147,6),(80,142,1),(80,143,2),(80,144,3),(80,145,4),(80,147,5),(80,146,6),(80,142,1),(80,143,2),(80,144,3),(80,146,4),(80,145,5),(80,147,6),(80,142,1),(80,143,2),(80,144,3),(80,147,4),(80,145,5),(80,146,6),(81,142,1),(81,143,2),(81,144,3),(81,145,4),(81,146,5),(81,147,6),(81,142,1),(81,143,2),(81,144,3),(81,145,4),(81,147,5),(81,146,6),(81,142,1),(81,143,2),(81,144,3),(81,146,4),(81,145,5),(81,147,6),(81,142,1),(81,143,2),(81,144,3),(81,147,4),(81,145,5),(81,146,6),(82,142,1),(82,143,2),(82,144,3),(82,145,4),(82,146,5),(82,147,6),(82,142,1),(82,143,2),(82,144,3),(82,145,4),(82,147,5),(82,146,6),(82,142,1),(82,143,2),(82,144,3),(82,146,4),(82,145,5),(82,147,6),(82,142,1),(82,143,2),(82,144,3),(82,147,4),(82,145,5),(82,146,6),(83,142,1),(83,143,2),(83,144,3),(83,145,4),(83,146,5),(83,147,6),(83,142,1),(83,143,2),(83,144,3),(83,145,4),(83,147,5),(83,146,6),(83,142,1),(83,143,2),(83,144,3),(83,146,4),(83,145,5),(83,147,6),(83,142,1),(83,143,2),(83,144,3),(83,147,4),(83,145,5),(83,146,6),(84,142,1),(84,143,2),(84,144,3),(84,145,4),(84,146,5),(84,147,6),(84,142,1),(84,143,2),(84,144,3),(84,145,4),(84,147,5),(84,146,6),(84,142,1),(84,143,2),(84,144,3),(84,146,4),(84,145,5),(84,147,6),(84,142,1),(84,143,2),(84,144,3),(84,147,4),(84,145,5),(84,146,6),(85,148,1),(85,149,2),(86,150,1),(86,151,2),(86,152,3),(86,153,4),(86,154,5),(86,155,6),(86,150,1),(86,151,2),(86,152,3),(86,153,4),(86,155,5),(86,154,6),(86,150,1),(86,151,2),(86,152,3),(86,154,4),(86,153,5),(86,155,6),(86,150,1),(86,151,2),(86,152,3),(86,155,4),(86,153,5),(86,154,6),(87,150,1),(87,151,2),(87,152,3),(87,153,4),(87,154,5),(87,155,6),(87,150,1),(87,151,2),(87,152,3),(87,153,4),(87,155,5),(87,154,6),(87,150,1),(87,151,2),(87,152,3),(87,154,4),(87,153,5),(87,155,6),(87,150,1),(87,151,2),(87,152,3),(87,155,4),(87,153,5),(87,154,6),(88,150,1),(88,151,2),(88,152,3),(88,153,4),(88,154,5),(88,155,6),(88,150,1),(88,151,2),(88,152,3),(88,153,4),(88,155,5),(88,154,6),(88,150,1),(88,151,2),(88,152,3),(88,154,4),(88,153,5),(88,155,6),(88,150,1),(88,151,2),(88,152,3),(88,155,4),(88,153,5),(88,154,6),(89,150,1),(89,151,2),(89,152,3),(89,153,4),(89,154,5),(89,155,6),(89,150,1),(89,151,2),(89,152,3),(89,153,4),(89,155,5),(89,154,6),(89,150,1),(89,151,2),(89,152,3),(89,154,4),(89,153,5),(89,155,6),(89,150,1),(89,151,2),(89,152,3),(89,155,4),(89,153,5),(89,154,6),(90,150,1),(90,151,2),(90,152,3),(90,153,4),(90,154,5),(90,155,6),(90,150,1),(90,151,2),(90,152,3),(90,153,4),(90,155,5),(90,154,6),(90,150,1),(90,151,2),(90,152,3),(90,154,4),(90,153,5),(90,155,6),(90,150,1),(90,151,2),(90,152,3),(90,155,4),(90,153,5),(90,154,6),(91,156,1),(91,157,2),(91,158,3),(91,157,1),(91,156,2),(91,158,3),(92,159,1),(92,160,2),(92,160,1),(92,159,2),(93,159,1),(93,160,2),(93,160,1),(93,159,2),(94,161,1),(94,162,2),(94,161,3),(95,164,1),(95,165,2),(95,166,3),(95,167,4),(95,168,5),(95,169,6),(95,164,1),(95,165,2),(95,166,3),(95,167,4),(95,169,5),(95,168,6),(95,164,1),(95,165,2),(95,166,3),(95,168,4),(95,167,5),(95,169,6),(95,164,1),(95,165,2),(95,166,3),(95,169,4),(95,167,5),(95,168,6),(96,164,1),(96,165,2),(96,166,3),(96,167,4),(96,168,5),(96,169,6),(96,164,1),(96,165,2),(96,166,3),(96,167,4),(96,169,5),(96,168,6),(96,164,1),(96,165,2),(96,166,3),(96,168,4),(96,167,5),(96,169,6),(96,164,1),(96,165,2),(96,166,3),(96,169,4),(96,167,5),(96,168,6),(97,164,1),(97,165,2),(97,166,3),(97,167,4),(97,168,5),(97,169,6),(97,164,1),(97,165,2),(97,166,3),(97,167,4),(97,169,5),(97,168,6),(97,164,1),(97,165,2),(97,166,3),(97,168,4),(97,167,5),(97,169,6),(97,164,1),(97,165,2),(97,166,3),(97,169,4),(97,167,5),(97,168,6),(98,164,1),(98,165,2),(98,166,3),(98,167,4),(98,168,5),(98,169,6),(98,164,1),(98,165,2),(98,166,3),(98,167,4),(98,169,5),(98,168,6),(98,164,1),(98,165,2),(98,166,3),(98,168,4),(98,167,5),(98,169,6),(98,164,1),(98,165,2),(98,166,3),(98,169,4),(98,167,5),(98,168,6),(99,164,1),(99,165,2),(99,166,3),(99,167,4),(99,168,5),(99,169,6),(99,164,1),(99,165,2),(99,166,3),(99,167,4),(99,169,5),(99,168,6),(99,164,1),(99,165,2),(99,166,3),(99,168,4),(99,167,5),(99,169,6),(99,164,1),(99,165,2),(99,166,3),(99,169,4),(99,167,5),(99,168,6),(100,170,1),(100,171,2),(100,172,3),(100,173,4),(100,174,5),(100,175,6),(100,170,1),(100,171,2),(100,172,3),(100,173,4),(100,175,5),(100,174,6),(100,170,1),(100,171,2),(100,172,3),(100,174,4),(100,173,5),(100,175,6),(100,170,1),(100,171,2),(100,172,3),(100,175,4),(100,173,5),(100,174,6),(101,170,1),(101,171,2),(101,172,3),(101,173,4),(101,174,5),(101,175,6),(101,170,1),(101,171,2),(101,172,3),(101,173,4),(101,175,5),(101,174,6),(101,170,1),(101,171,2),(101,172,3),(101,174,4),(101,173,5),(101,175,6),(101,170,1),(101,171,2),(101,172,3),(101,175,4),(101,173,5),(101,174,6),(102,170,1),(102,171,2),(102,172,3),(102,173,4),(102,174,5),(102,175,6),(102,170,1),(102,171,2),(102,172,3),(102,173,4),(102,175,5),(102,174,6),(102,170,1),(102,171,2),(102,172,3),(102,174,4),(102,173,5),(102,175,6),(102,170,1),(102,171,2),(102,172,3),(102,175,4),(102,173,5),(102,174,6),(103,170,1),(103,171,2),(103,172,3),(103,173,4),(103,174,5),(103,175,6),(103,170,1),(103,171,2),(103,172,3),(103,173,4),(103,175,5),(103,174,6),(103,170,1),(103,171,2),(103,172,3),(103,174,4),(103,173,5),(103,175,6),(103,170,1),(103,171,2),(103,172,3),(103,175,4),(103,173,5),(103,174,6),(104,170,1),(104,171,2),(104,172,3),(104,173,4),(104,174,5),(104,175,6),(104,170,1),(104,171,2),(104,172,3),(104,173,4),(104,175,5),(104,174,6),(104,170,1),(104,171,2),(104,172,3),(104,174,4),(104,173,5),(104,175,6),(104,170,1),(104,171,2),(104,172,3),(104,175,4),(104,173,5),(104,174,6),(105,177,1),(105,178,2),(105,179,3),(105,178,1),(105,177,2),(105,179,3),(106,176,1),(106,177,2),(106,177,1),(106,176,2),(107,181,1),(107,182,2),(107,183,3),(107,182,1),(107,181,2),(107,183,3),(108,180,1),(108,181,2),(108,181,1),(108,180,2),(109,184,1),(109,185,2),(109,186,3),(109,187,4),(109,188,5),(109,189,6),(109,184,1),(109,185,2),(109,186,3),(109,187,4),(109,189,5),(109,188,6),(109,184,1),(109,185,2),(109,186,3),(109,188,4),(109,187,5),(109,189,6),(109,184,1),(109,185,2),(109,186,3),(109,189,4),(109,187,5),(109,188,6),(110,184,1),(110,185,2),(110,186,3),(110,187,4),(110,188,5),(110,189,6),(110,184,1),(110,185,2),(110,186,3),(110,187,4),(110,189,5),(110,188,6),(110,184,1),(110,185,2),(110,186,3),(110,188,4),(110,187,5),(110,189,6),(110,184,1),(110,185,2),(110,186,3),(110,189,4),(110,187,5),(110,188,6),(111,184,1),(111,185,2),(111,186,3),(111,187,4),(111,188,5),(111,189,6),(111,184,1),(111,185,2),(111,186,3),(111,187,4),(111,189,5),(111,188,6),(111,184,1),(111,185,2),(111,186,3),(111,188,4),(111,187,5),(111,189,6),(111,184,1),(111,185,2),(111,186,3),(111,189,4),(111,187,5),(111,188,6),(112,184,1),(112,185,2),(112,186,3),(112,187,4),(112,188,5),(112,189,6),(112,184,1),(112,185,2),(112,186,3),(112,187,4),(112,189,5),(112,188,6),(112,184,1),(112,185,2),(112,186,3),(112,188,4),(112,187,5),(112,189,6),(112,184,1),(112,185,2),(112,186,3),(112,189,4),(112,187,5),(112,188,6),(113,184,1),(113,185,2),(113,186,3),(113,187,4),(113,188,5),(113,189,6),(113,184,1),(113,185,2),(113,186,3),(113,187,4),(113,189,5),(113,188,6),(113,184,1),(113,185,2),(113,186,3),(113,188,4),(113,187,5),(113,189,6),(113,184,1),(113,185,2),(113,186,3),(113,189,4),(113,187,5),(113,188,6),(114,191,1),(114,192,2),(114,193,3),(114,192,1),(114,191,2),(114,193,3),(115,190,1),(115,191,2),(115,191,1),(115,190,2),(116,194,1),(116,195,2),(116,196,3),(116,197,4),(116,198,5),(116,199,6),(116,194,1),(116,195,2),(116,196,3),(116,197,4),(116,199,5),(116,198,6),(116,194,1),(116,195,2),(116,196,3),(116,198,4),(116,197,5),(116,199,6),(116,194,1),(116,195,2),(116,196,3),(116,199,4),(116,197,5),(116,198,6),(117,194,1),(117,195,2),(117,196,3),(117,197,4),(117,198,5),(117,199,6),(117,194,1),(117,195,2),(117,196,3),(117,197,4),(117,199,5),(117,198,6),(117,194,1),(117,195,2),(117,196,3),(117,198,4),(117,197,5),(117,199,6),(117,194,1),(117,195,2),(117,196,3),(117,199,4),(117,197,5),(117,198,6),(118,194,1),(118,195,2),(118,196,3),(118,197,4),(118,198,5),(118,199,6),(118,194,1),(118,195,2),(118,196,3),(118,197,4),(118,199,5),(118,198,6),(118,194,1),(118,195,2),(118,196,3),(118,198,4),(118,197,5),(118,199,6),(118,194,1),(118,195,2),(118,196,3),(118,199,4),(118,197,5),(118,198,6),(119,194,1),(119,195,2),(119,196,3),(119,197,4),(119,198,5),(119,199,6),(119,194,1),(119,195,2),(119,196,3),(119,197,4),(119,199,5),(119,198,6),(119,194,1),(119,195,2),(119,196,3),(119,198,4),(119,197,5),(119,199,6),(119,194,1),(119,195,2),(119,196,3),(119,199,4),(119,197,5),(119,198,6),(120,194,1),(120,195,2),(120,196,3),(120,197,4),(120,198,5),(120,199,6),(120,194,1),(120,195,2),(120,196,3),(120,197,4),(120,199,5),(120,198,6),(120,194,1),(120,195,2),(120,196,3),(120,198,4),(120,197,5),(120,199,6),(120,194,1),(120,195,2),(120,196,3),(120,199,4),(120,197,5),(120,198,6),(121,200,1),(121,201,2),(121,202,3),(121,203,4),(121,204,5),(121,205,6),(121,200,1),(121,201,2),(121,202,3),(121,203,4),(121,205,5),(121,204,6),(121,200,1),(121,201,2),(121,202,3),(121,204,4),(121,203,5),(121,205,6),(121,200,1),(121,201,2),(121,202,3),(121,205,4),(121,203,5),(121,204,6),(122,200,1),(122,201,2),(122,202,3),(122,203,4),(122,204,5),(122,205,6),(122,200,1),(122,201,2),(122,202,3),(122,203,4),(122,205,5),(122,204,6),(122,200,1),(122,201,2),(122,202,3),(122,204,4),(122,203,5),(122,205,6),(122,200,1),(122,201,2),(122,202,3),(122,205,4),(122,203,5),(122,204,6),(123,200,1),(123,201,2),(123,202,3),(123,203,4),(123,204,5),(123,205,6),(123,200,1),(123,201,2),(123,202,3),(123,203,4),(123,205,5),(123,204,6),(123,200,1),(123,201,2),(123,202,3),(123,204,4),(123,203,5),(123,205,6),(123,200,1),(123,201,2),(123,202,3),(123,205,4),(123,203,5),(123,204,6),(124,200,1),(124,201,2),(124,202,3),(124,203,4),(124,204,5),(124,205,6),(124,200,1),(124,201,2),(124,202,3),(124,203,4),(124,205,5),(124,204,6),(124,200,1),(124,201,2),(124,202,3),(124,204,4),(124,203,5),(124,205,6),(124,200,1),(124,201,2),(124,202,3),(124,205,4),(124,203,5),(124,204,6),(125,200,1),(125,201,2),(125,202,3),(125,203,4),(125,204,5),(125,205,6),(125,200,1),(125,201,2),(125,202,3),(125,203,4),(125,205,5),(125,204,6),(125,200,1),(125,201,2),(125,202,3),(125,204,4),(125,203,5),(125,205,6),(125,200,1),(125,201,2),(125,202,3),(125,205,4),(125,203,5),(125,204,6),(126,200,1),(126,201,2),(126,202,3),(126,203,4),(126,204,5),(126,205,6),(126,200,1),(126,201,2),(126,202,3),(126,203,4),(126,205,5),(126,204,6),(126,200,1),(126,201,2),(126,202,3),(126,204,4),(126,203,5),(126,205,6),(126,200,1),(126,201,2),(126,202,3),(126,205,4),(126,203,5),(126,204,6),(127,200,1),(127,201,2),(127,202,3),(127,203,4),(127,204,5),(127,205,6),(127,200,1),(127,201,2),(127,202,3),(127,203,4),(127,205,5),(127,204,6),(127,200,1),(127,201,2),(127,202,3),(127,204,4),(127,203,5),(127,205,6),(127,200,1),(127,201,2),(127,202,3),(127,205,4),(127,203,5),(127,204,6),(128,200,1),(128,201,2),(128,202,3),(128,203,4),(128,204,5),(128,205,6),(128,200,1),(128,201,2),(128,202,3),(128,203,4),(128,205,5),(128,204,6),(128,200,1),(128,201,2),(128,202,3),(128,204,4),(128,203,5),(128,205,6),(128,200,1),(128,201,2),(128,202,3),(128,205,4),(128,203,5),(128,204,6),(129,200,1),(129,201,2),(129,202,3),(129,203,4),(129,204,5),(129,205,6),(129,200,1),(129,201,2),(129,202,3),(129,203,4),(129,205,5),(129,204,6),(129,200,1),(129,201,2),(129,202,3),(129,204,4),(129,203,5),(129,205,6),(129,200,1),(129,201,2),(129,202,3),(129,205,4),(129,203,5),(129,204,6),(130,200,1),(130,201,2),(130,202,3),(130,203,4),(130,204,5),(130,205,6),(130,200,1),(130,201,2),(130,202,3),(130,203,4),(130,205,5),(130,204,6),(130,200,1),(130,201,2),(130,202,3),(130,204,4),(130,203,5),(130,205,6),(130,200,1),(130,201,2),(130,202,3),(130,205,4),(130,203,5),(130,204,6),(131,207,1),(131,208,2),(131,208,1),(131,209,2),(131,206,1),(131,208,2),(132,207,1),(132,208,2),(132,208,1),(132,209,2),(132,206,1),(132,208,2),(133,211,1),(133,212,2),(133,212,1),(133,213,2),(133,210,1),(133,212,2),(134,211,1),(134,212,2),(134,212,1),(134,213,2),(134,210,1),(134,212,2),(135,214,1),(135,215,2),(135,216,3),(135,217,4),(135,218,5),(135,219,6),(135,214,1),(135,215,2),(135,216,3),(135,217,4),(135,219,5),(135,218,6),(135,214,1),(135,215,2),(135,216,3),(135,218,4),(135,217,5),(135,219,6),(135,214,1),(135,215,2),(135,216,3),(135,219,4),(135,217,5),(135,218,6),(136,214,1),(136,215,2),(136,216,3),(136,217,4),(136,218,5),(136,219,6),(136,214,1),(136,215,2),(136,216,3),(136,217,4),(136,219,5),(136,218,6),(136,214,1),(136,215,2),(136,216,3),(136,218,4),(136,217,5),(136,219,6),(136,214,1),(136,215,2),(136,216,3),(136,219,4),(136,217,5),(136,218,6),(137,214,1),(137,215,2),(137,216,3),(137,217,4),(137,218,5),(137,219,6),(137,214,1),(137,215,2),(137,216,3),(137,217,4),(137,219,5),(137,218,6),(137,214,1),(137,215,2),(137,216,3),(137,218,4),(137,217,5),(137,219,6),(137,214,1),(137,215,2),(137,216,3),(137,219,4),(137,217,5),(137,218,6),(138,214,1),(138,215,2),(138,216,3),(138,217,4),(138,218,5),(138,219,6),(138,214,1),(138,215,2),(138,216,3),(138,217,4),(138,219,5),(138,218,6),(138,214,1),(138,215,2),(138,216,3),(138,218,4),(138,217,5),(138,219,6),(138,214,1),(138,215,2),(138,216,3),(138,219,4),(138,217,5),(138,218,6),(139,214,1),(139,215,2),(139,216,3),(139,217,4),(139,218,5),(139,219,6),(139,214,1),(139,215,2),(139,216,3),(139,217,4),(139,219,5),(139,218,6),(139,214,1),(139,215,2),(139,216,3),(139,218,4),(139,217,5),(139,219,6),(139,214,1),(139,215,2),(139,216,3),(139,219,4),(139,217,5),(139,218,6),(140,220,1),(140,221,2),(140,222,3),(140,223,4),(140,224,5),(140,225,6),(140,220,1),(140,221,2),(140,222,3),(140,223,4),(140,225,5),(140,224,6),(140,220,1),(140,221,2),(140,222,3),(140,224,4),(140,223,5),(140,225,6),(140,220,1),(140,221,2),(140,222,3),(140,225,4),(140,223,5),(140,224,6),(141,220,1),(141,221,2),(141,222,3),(141,223,4),(141,224,5),(141,225,6),(141,220,1),(141,221,2),(141,222,3),(141,223,4),(141,225,5),(141,224,6),(141,220,1),(141,221,2),(141,222,3),(141,224,4),(141,223,5),(141,225,6),(141,220,1),(141,221,2),(141,222,3),(141,225,4),(141,223,5),(141,224,6),(142,220,1),(142,221,2),(142,222,3),(142,223,4),(142,224,5),(142,225,6),(142,220,1),(142,221,2),(142,222,3),(142,223,4),(142,225,5),(142,224,6),(142,220,1),(142,221,2),(142,222,3),(142,224,4),(142,223,5),(142,225,6),(142,220,1),(142,221,2),(142,222,3),(142,225,4),(142,223,5),(142,224,6),(143,220,1),(143,221,2),(143,222,3),(143,223,4),(143,224,5),(143,225,6),(143,220,1),(143,221,2),(143,222,3),(143,223,4),(143,225,5),(143,224,6),(143,220,1),(143,221,2),(143,222,3),(143,224,4),(143,223,5),(143,225,6),(143,220,1),(143,221,2),(143,222,3),(143,225,4),(143,223,5),(143,224,6),(144,220,1),(144,221,2),(144,222,3),(144,223,4),(144,224,5),(144,225,6),(144,220,1),(144,221,2),(144,222,3),(144,223,4),(144,225,5),(144,224,6),(144,220,1),(144,221,2),(144,222,3),(144,224,4),(144,223,5),(144,225,6),(144,220,1),(144,221,2),(144,222,3),(144,225,4),(144,223,5),(144,224,6),(145,226,1),(145,227,2),(145,228,3),(145,229,4),(145,230,5),(145,231,6),(145,226,1),(145,227,2),(145,228,3),(145,229,4),(145,231,5),(145,230,6),(145,226,1),(145,227,2),(145,228,3),(145,230,4),(145,229,5),(145,231,6),(145,226,1),(145,227,2),(145,228,3),(145,231,4),(145,229,5),(145,230,6),(146,226,1),(146,227,2),(146,228,3),(146,229,4),(146,230,5),(146,231,6),(146,226,1),(146,227,2),(146,228,3),(146,229,4),(146,231,5),(146,230,6),(146,226,1),(146,227,2),(146,228,3),(146,230,4),(146,229,5),(146,231,6),(146,226,1),(146,227,2),(146,228,3),(146,231,4),(146,229,5),(146,230,6),(147,226,1),(147,227,2),(147,228,3),(147,229,4),(147,230,5),(147,231,6),(147,226,1),(147,227,2),(147,228,3),(147,229,4),(147,231,5),(147,230,6),(147,226,1),(147,227,2),(147,228,3),(147,230,4),(147,229,5),(147,231,6),(147,226,1),(147,227,2),(147,228,3),(147,231,4),(147,229,5),(147,230,6),(148,226,1),(148,227,2),(148,228,3),(148,229,4),(148,230,5),(148,231,6),(148,226,1),(148,227,2),(148,228,3),(148,229,4),(148,231,5),(148,230,6),(148,226,1),(148,227,2),(148,228,3),(148,230,4),(148,229,5),(148,231,6),(148,226,1),(148,227,2),(148,228,3),(148,231,4),(148,229,5),(148,230,6),(149,226,1),(149,227,2),(149,228,3),(149,229,4),(149,230,5),(149,231,6),(149,226,1),(149,227,2),(149,228,3),(149,229,4),(149,231,5),(149,230,6),(149,226,1),(149,227,2),(149,228,3),(149,230,4),(149,229,5),(149,231,6),(149,226,1),(149,227,2),(149,228,3),(149,231,4),(149,229,5),(149,230,6),(150,232,1),(150,233,2),(150,234,3),(150,235,4),(150,236,5),(150,237,6),(150,232,1),(150,233,2),(150,234,3),(150,235,4),(150,237,5),(150,236,6),(150,232,1),(150,233,2),(150,234,3),(150,236,4),(150,235,5),(150,237,6),(150,232,1),(150,233,2),(150,234,3),(150,237,4),(150,235,5),(150,236,6),(151,232,1),(151,233,2),(151,234,3),(151,235,4),(151,236,5),(151,237,6),(151,232,1),(151,233,2),(151,234,3),(151,235,4),(151,237,5),(151,236,6),(151,232,1),(151,233,2),(151,234,3),(151,236,4),(151,235,5),(151,237,6),(151,232,1),(151,233,2),(151,234,3),(151,237,4),(151,235,5),(151,236,6),(152,232,1),(152,233,2),(152,234,3),(152,235,4),(152,236,5),(152,237,6),(152,232,1),(152,233,2),(152,234,3),(152,235,4),(152,237,5),(152,236,6),(152,232,1),(152,233,2),(152,234,3),(152,236,4),(152,235,5),(152,237,6),(152,232,1),(152,233,2),(152,234,3),(152,237,4),(152,235,5),(152,236,6),(153,232,1),(153,233,2),(153,234,3),(153,235,4),(153,236,5),(153,237,6),(153,232,1),(153,233,2),(153,234,3),(153,235,4),(153,237,5),(153,236,6),(153,232,1),(153,233,2),(153,234,3),(153,236,4),(153,235,5),(153,237,6),(153,232,1),(153,233,2),(153,234,3),(153,237,4),(153,235,5),(153,236,6),(154,232,1),(154,233,2),(154,234,3),(154,235,4),(154,236,5),(154,237,6),(154,232,1),(154,233,2),(154,234,3),(154,235,4),(154,237,5),(154,236,6),(154,232,1),(154,233,2),(154,234,3),(154,236,4),(154,235,5),(154,237,6),(154,232,1),(154,233,2),(154,234,3),(154,237,4),(154,235,5),(154,236,6),(155,239,1),(155,240,2),(155,240,1),(155,241,2),(155,238,1),(155,240,2),(156,239,1),(156,240,2),(156,240,1),(156,241,2),(156,238,1),(156,240,2),(157,243,1),(157,244,2),(157,244,1),(157,245,2),(157,242,1),(157,244,2),(158,243,1),(158,244,2),(158,244,1),(158,245,2),(158,242,1),(158,244,2),(159,246,1),(159,247,2),(159,248,3),(159,246,1),(159,248,2),(159,249,3),(160,246,1),(160,247,2),(160,248,3),(160,246,1),(160,248,2),(160,249,3),(161,246,1),(161,247,2),(161,248,3),(161,246,1),(161,248,2),(161,249,3),(162,246,1),(162,247,2),(162,248,3),(162,246,1),(162,248,2),(162,249,3),(163,246,1),(163,247,2),(163,248,3),(163,246,1),(163,248,2),(163,249,3),(164,250,1),(164,251,2),(164,252,3),(164,253,4),(164,254,5),(164,255,6),(164,250,1),(164,251,2),(164,252,3),(164,253,4),(164,255,5),(164,254,6),(164,250,1),(164,251,2),(164,252,3),(164,254,4),(164,253,5),(164,255,6),(164,250,1),(164,251,2),(164,252,3),(164,255,4),(164,253,5),(164,254,6),(165,250,1),(165,251,2),(165,252,3),(165,253,4),(165,254,5),(165,255,6),(165,250,1),(165,251,2),(165,252,3),(165,253,4),(165,255,5),(165,254,6),(165,250,1),(165,251,2),(165,252,3),(165,254,4),(165,253,5),(165,255,6),(165,250,1),(165,251,2),(165,252,3),(165,255,4),(165,253,5),(165,254,6),(166,250,1),(166,251,2),(166,252,3),(166,253,4),(166,254,5),(166,255,6),(166,250,1),(166,251,2),(166,252,3),(166,253,4),(166,255,5),(166,254,6),(166,250,1),(166,251,2),(166,252,3),(166,254,4),(166,253,5),(166,255,6),(166,250,1),(166,251,2),(166,252,3),(166,255,4),(166,253,5),(166,254,6),(167,250,1),(167,251,2),(167,252,3),(167,253,4),(167,254,5),(167,255,6),(167,250,1),(167,251,2),(167,252,3),(167,253,4),(167,255,5),(167,254,6),(167,250,1),(167,251,2),(167,252,3),(167,254,4),(167,253,5),(167,255,6),(167,250,1),(167,251,2),(167,252,3),(167,255,4),(167,253,5),(167,254,6),(168,250,1),(168,251,2),(168,252,3),(168,253,4),(168,254,5),(168,255,6),(168,250,1),(168,251,2),(168,252,3),(168,253,4),(168,255,5),(168,254,6),(168,250,1),(168,251,2),(168,252,3),(168,254,4),(168,253,5),(168,255,6),(168,250,1),(168,251,2),(168,252,3),(168,255,4),(168,253,5),(168,254,6),(169,257,1),(169,258,2),(169,259,3),(169,257,1),(169,258,2),(169,260,3),(170,257,1),(170,258,2),(170,259,3),(170,257,1),(170,258,2),(170,260,3),(171,257,1),(171,258,2),(171,259,3),(171,257,1),(171,258,2),(171,260,3),(172,261,1),(172,262,2),(172,263,3),(172,262,1),(172,261,2),(172,263,3),(172,263,1),(172,262,2),(172,261,3),(173,261,1),(173,262,2),(173,263,3),(173,262,1),(173,261,2),(173,263,3),(173,263,1),(173,262,2),(173,261,3),(174,265,1),(174,266,2),(174,267,3),(174,266,1),(174,265,2),(174,267,3),(174,267,1),(174,266,2),(174,265,3),(175,265,1),(175,266,2),(175,267,3),(175,266,1),(175,265,2),(175,267,3),(175,267,1),(175,266,2),(175,265,3),(176,265,1),(176,266,2),(176,267,3),(176,266,1),(176,265,2),(176,267,3),(176,267,1),(176,266,2),(176,265,3),(177,269,1),(177,270,2),(177,271,3),(177,272,4),(177,273,5),(177,274,6),(177,269,1),(177,270,2),(177,271,3),(177,272,4),(177,274,5),(177,273,6),(177,269,1),(177,270,2),(177,271,3),(177,273,4),(177,272,5),(177,274,6),(177,269,1),(177,270,2),(177,271,3),(177,274,4),(177,272,5),(177,273,6),(178,269,1),(178,270,2),(178,271,3),(178,272,4),(178,273,5),(178,274,6),(178,269,1),(178,270,2),(178,271,3),(178,272,4),(178,274,5),(178,273,6),(178,269,1),(178,270,2),(178,271,3),(178,273,4),(178,272,5),(178,274,6),(178,269,1),(178,270,2),(178,271,3),(178,274,4),(178,272,5),(178,273,6),(179,269,1),(179,270,2),(179,271,3),(179,272,4),(179,273,5),(179,274,6),(179,269,1),(179,270,2),(179,271,3),(179,272,4),(179,274,5),(179,273,6),(179,269,1),(179,270,2),(179,271,3),(179,273,4),(179,272,5),(179,274,6),(179,269,1),(179,270,2),(179,271,3),(179,274,4),(179,272,5),(179,273,6),(180,269,1),(180,270,2),(180,271,3),(180,272,4),(180,273,5),(180,274,6),(180,269,1),(180,270,2),(180,271,3),(180,272,4),(180,274,5),(180,273,6),(180,269,1),(180,270,2),(180,271,3),(180,273,4),(180,272,5),(180,274,6),(180,269,1),(180,270,2),(180,271,3),(180,274,4),(180,272,5),(180,273,6),(181,269,1),(181,270,2),(181,271,3),(181,272,4),(181,273,5),(181,274,6),(181,269,1),(181,270,2),(181,271,3),(181,272,4),(181,274,5),(181,273,6),(181,269,1),(181,270,2),(181,271,3),(181,273,4),(181,272,5),(181,274,6),(181,269,1),(181,270,2),(181,271,3),(181,274,4),(181,272,5),(181,273,6),(182,269,1),(182,270,2),(182,271,3),(182,272,4),(182,273,5),(182,274,6),(182,269,1),(182,270,2),(182,271,3),(182,272,4),(182,274,5),(182,273,6),(182,269,1),(182,270,2),(182,271,3),(182,273,4),(182,272,5),(182,274,6),(182,269,1),(182,270,2),(182,271,3),(182,274,4),(182,272,5),(182,273,6),(183,269,1),(183,270,2),(183,271,3),(183,272,4),(183,273,5),(183,274,6),(183,269,1),(183,270,2),(183,271,3),(183,272,4),(183,274,5),(183,273,6),(183,269,1),(183,270,2),(183,271,3),(183,273,4),(183,272,5),(183,274,6),(183,269,1),(183,270,2),(183,271,3),(183,274,4),(183,272,5),(183,273,6),(184,269,1),(184,270,2),(184,271,3),(184,272,4),(184,273,5),(184,274,6),(184,269,1),(184,270,2),(184,271,3),(184,272,4),(184,274,5),(184,273,6),(184,269,1),(184,270,2),(184,271,3),(184,273,4),(184,272,5),(184,274,6),(184,269,1),(184,270,2),(184,271,3),(184,274,4),(184,272,5),(184,273,6),(185,269,1),(185,270,2),(185,271,3),(185,272,4),(185,273,5),(185,274,6),(185,269,1),(185,270,2),(185,271,3),(185,272,4),(185,274,5),(185,273,6),(185,269,1),(185,270,2),(185,271,3),(185,273,4),(185,272,5),(185,274,6),(185,269,1),(185,270,2),(185,271,3),(185,274,4),(185,272,5),(185,273,6),(186,269,1),(186,270,2),(186,271,3),(186,272,4),(186,273,5),(186,274,6),(186,269,1),(186,270,2),(186,271,3),(186,272,4),(186,274,5),(186,273,6),(186,269,1),(186,270,2),(186,271,3),(186,273,4),(186,272,5),(186,274,6),(186,269,1),(186,270,2),(186,271,3),(186,274,4),(186,272,5),(186,273,6),(187,275,1),(187,276,2),(187,277,3),(187,278,4),(187,279,5),(187,280,6),(187,275,1),(187,276,2),(187,277,3),(187,278,4),(187,280,5),(187,279,6),(187,275,1),(187,276,2),(187,277,3),(187,279,4),(187,278,5),(187,280,6),(187,275,1),(187,276,2),(187,277,3),(187,280,4),(187,278,5),(187,279,6),(188,275,1),(188,276,2),(188,277,3),(188,278,4),(188,279,5),(188,280,6),(188,275,1),(188,276,2),(188,277,3),(188,278,4),(188,280,5),(188,279,6),(188,275,1),(188,276,2),(188,277,3),(188,279,4),(188,278,5),(188,280,6),(188,275,1),(188,276,2),(188,277,3),(188,280,4),(188,278,5),(188,279,6),(189,275,1),(189,276,2),(189,277,3),(189,278,4),(189,279,5),(189,280,6),(189,275,1),(189,276,2),(189,277,3),(189,278,4),(189,280,5),(189,279,6),(189,275,1),(189,276,2),(189,277,3),(189,279,4),(189,278,5),(189,280,6),(189,275,1),(189,276,2),(189,277,3),(189,280,4),(189,278,5),(189,279,6),(190,275,1),(190,276,2),(190,277,3),(190,278,4),(190,279,5),(190,280,6),(190,275,1),(190,276,2),(190,277,3),(190,278,4),(190,280,5),(190,279,6),(190,275,1),(190,276,2),(190,277,3),(190,279,4),(190,278,5),(190,280,6),(190,275,1),(190,276,2),(190,277,3),(190,280,4),(190,278,5),(190,279,6),(191,275,1),(191,276,2),(191,277,3),(191,278,4),(191,279,5),(191,280,6),(191,275,1),(191,276,2),(191,277,3),(191,278,4),(191,280,5),(191,279,6),(191,275,1),(191,276,2),(191,277,3),(191,279,4),(191,278,5),(191,280,6),(191,275,1),(191,276,2),(191,277,3),(191,280,4),(191,278,5),(191,279,6),(192,275,1),(192,276,2),(192,277,3),(192,278,4),(192,279,5),(192,280,6),(192,275,1),(192,276,2),(192,277,3),(192,278,4),(192,280,5),(192,279,6),(192,275,1),(192,276,2),(192,277,3),(192,279,4),(192,278,5),(192,280,6),(192,275,1),(192,276,2),(192,277,3),(192,280,4),(192,278,5),(192,279,6),(193,275,1),(193,276,2),(193,277,3),(193,278,4),(193,279,5),(193,280,6),(193,275,1),(193,276,2),(193,277,3),(193,278,4),(193,280,5),(193,279,6),(193,275,1),(193,276,2),(193,277,3),(193,279,4),(193,278,5),(193,280,6),(193,275,1),(193,276,2),(193,277,3),(193,280,4),(193,278,5),(193,279,6),(194,275,1),(194,276,2),(194,277,3),(194,278,4),(194,279,5),(194,280,6),(194,275,1),(194,276,2),(194,277,3),(194,278,4),(194,280,5),(194,279,6),(194,275,1),(194,276,2),(194,277,3),(194,279,4),(194,278,5),(194,280,6),(194,275,1),(194,276,2),(194,277,3),(194,280,4),(194,278,5),(194,279,6),(195,275,1),(195,276,2),(195,277,3),(195,278,4),(195,279,5),(195,280,6),(195,275,1),(195,276,2),(195,277,3),(195,278,4),(195,280,5),(195,279,6),(195,275,1),(195,276,2),(195,277,3),(195,279,4),(195,278,5),(195,280,6),(195,275,1),(195,276,2),(195,277,3),(195,280,4),(195,278,5),(195,279,6),(196,275,1),(196,276,2),(196,277,3),(196,278,4),(196,279,5),(196,280,6),(196,275,1),(196,276,2),(196,277,3),(196,278,4),(196,280,5),(196,279,6),(196,275,1),(196,276,2),(196,277,3),(196,279,4),(196,278,5),(196,280,6),(196,275,1),(196,276,2),(196,277,3),(196,280,4),(196,278,5),(196,279,6),(197,281,1),(197,282,2),(197,283,3),(197,284,4),(197,285,5),(197,286,6),(197,281,1),(197,282,2),(197,283,3),(197,284,4),(197,286,5),(197,285,6),(197,281,1),(197,282,2),(197,283,3),(197,285,4),(197,284,5),(197,286,6),(197,281,1),(197,282,2),(197,283,3),(197,286,4),(197,284,5),(197,285,6),(198,281,1),(198,282,2),(198,283,3),(198,284,4),(198,285,5),(198,286,6),(198,281,1),(198,282,2),(198,283,3),(198,284,4),(198,286,5),(198,285,6),(198,281,1),(198,282,2),(198,283,3),(198,285,4),(198,284,5),(198,286,6),(198,281,1),(198,282,2),(198,283,3),(198,286,4),(198,284,5),(198,285,6),(199,281,1),(199,282,2),(199,283,3),(199,284,4),(199,285,5),(199,286,6),(199,281,1),(199,282,2),(199,283,3),(199,284,4),(199,286,5),(199,285,6),(199,281,1),(199,282,2),(199,283,3),(199,285,4),(199,284,5),(199,286,6),(199,281,1),(199,282,2),(199,283,3),(199,286,4),(199,284,5),(199,285,6),(200,281,1),(200,282,2),(200,283,3),(200,284,4),(200,285,5),(200,286,6),(200,281,1),(200,282,2),(200,283,3),(200,284,4),(200,286,5),(200,285,6),(200,281,1),(200,282,2),(200,283,3),(200,285,4),(200,284,5),(200,286,6),(200,281,1),(200,282,2),(200,283,3),(200,286,4),(200,284,5),(200,285,6),(201,281,1),(201,282,2),(201,283,3),(201,284,4),(201,285,5),(201,286,6),(201,281,1),(201,282,2),(201,283,3),(201,284,4),(201,286,5),(201,285,6),(201,281,1),(201,282,2),(201,283,3),(201,285,4),(201,284,5),(201,286,6),(201,281,1),(201,282,2),(201,283,3),(201,286,4),(201,284,5),(201,285,6),(202,281,1),(202,282,2),(202,283,3),(202,284,4),(202,285,5),(202,286,6),(202,281,1),(202,282,2),(202,283,3),(202,284,4),(202,286,5),(202,285,6),(202,281,1),(202,282,2),(202,283,3),(202,285,4),(202,284,5),(202,286,6),(202,281,1),(202,282,2),(202,283,3),(202,286,4),(202,284,5),(202,285,6),(203,281,1),(203,282,2),(203,283,3),(203,284,4),(203,285,5),(203,286,6),(203,281,1),(203,282,2),(203,283,3),(203,284,4),(203,286,5),(203,285,6),(203,281,1),(203,282,2),(203,283,3),(203,285,4),(203,284,5),(203,286,6),(203,281,1),(203,282,2),(203,283,3),(203,286,4),(203,284,5),(203,285,6),(204,281,1),(204,282,2),(204,283,3),(204,284,4),(204,285,5),(204,286,6),(204,281,1),(204,282,2),(204,283,3),(204,284,4),(204,286,5),(204,285,6),(204,281,1),(204,282,2),(204,283,3),(204,285,4),(204,284,5),(204,286,6),(204,281,1),(204,282,2),(204,283,3),(204,286,4),(204,284,5),(204,285,6),(205,281,1),(205,282,2),(205,283,3),(205,284,4),(205,285,5),(205,286,6),(205,281,1),(205,282,2),(205,283,3),(205,284,4),(205,286,5),(205,285,6),(205,281,1),(205,282,2),(205,283,3),(205,285,4),(205,284,5),(205,286,6),(205,281,1),(205,282,2),(205,283,3),(205,286,4),(205,284,5),(205,285,6),(206,281,1),(206,282,2),(206,283,3),(206,284,4),(206,285,5),(206,286,6),(206,281,1),(206,282,2),(206,283,3),(206,284,4),(206,286,5),(206,285,6),(206,281,1),(206,282,2),(206,283,3),(206,285,4),(206,284,5),(206,286,6),(206,281,1),(206,282,2),(206,283,3),(206,286,4),(206,284,5),(206,285,6),(207,287,1),(207,288,2),(207,289,3),(207,290,4),(207,291,5),(207,292,6),(207,287,1),(207,288,2),(207,289,3),(207,290,4),(207,292,5),(207,291,6),(207,287,1),(207,288,2),(207,289,3),(207,291,4),(207,290,5),(207,292,6),(207,287,1),(207,288,2),(207,289,3),(207,292,4),(207,290,5),(207,291,6),(208,287,1),(208,288,2),(208,289,3),(208,290,4),(208,291,5),(208,292,6),(208,287,1),(208,288,2),(208,289,3),(208,290,4),(208,292,5),(208,291,6),(208,287,1),(208,288,2),(208,289,3),(208,291,4),(208,290,5),(208,292,6),(208,287,1),(208,288,2),(208,289,3),(208,292,4),(208,290,5),(208,291,6),(209,287,1),(209,288,2),(209,289,3),(209,290,4),(209,291,5),(209,292,6),(209,287,1),(209,288,2),(209,289,3),(209,290,4),(209,292,5),(209,291,6),(209,287,1),(209,288,2),(209,289,3),(209,291,4),(209,290,5),(209,292,6),(209,287,1),(209,288,2),(209,289,3),(209,292,4),(209,290,5),(209,291,6),(210,287,1),(210,288,2),(210,289,3),(210,290,4),(210,291,5),(210,292,6),(210,287,1),(210,288,2),(210,289,3),(210,290,4),(210,292,5),(210,291,6),(210,287,1),(210,288,2),(210,289,3),(210,291,4),(210,290,5),(210,292,6),(210,287,1),(210,288,2),(210,289,3),(210,292,4),(210,290,5),(210,291,6),(211,287,1),(211,288,2),(211,289,3),(211,290,4),(211,291,5),(211,292,6),(211,287,1),(211,288,2),(211,289,3),(211,290,4),(211,292,5),(211,291,6),(211,287,1),(211,288,2),(211,289,3),(211,291,4),(211,290,5),(211,292,6),(211,287,1),(211,288,2),(211,289,3),(211,292,4),(211,290,5),(211,291,6),(212,287,1),(212,288,2),(212,289,3),(212,290,4),(212,291,5),(212,292,6),(212,287,1),(212,288,2),(212,289,3),(212,290,4),(212,292,5),(212,291,6),(212,287,1),(212,288,2),(212,289,3),(212,291,4),(212,290,5),(212,292,6),(212,287,1),(212,288,2),(212,289,3),(212,292,4),(212,290,5),(212,291,6),(213,287,1),(213,288,2),(213,289,3),(213,290,4),(213,291,5),(213,292,6),(213,287,1),(213,288,2),(213,289,3),(213,290,4),(213,292,5),(213,291,6),(213,287,1),(213,288,2),(213,289,3),(213,291,4),(213,290,5),(213,292,6),(213,287,1),(213,288,2),(213,289,3),(213,292,4),(213,290,5),(213,291,6),(214,287,1),(214,288,2),(214,289,3),(214,290,4),(214,291,5),(214,292,6),(214,287,1),(214,288,2),(214,289,3),(214,290,4),(214,292,5),(214,291,6),(214,287,1),(214,288,2),(214,289,3),(214,291,4),(214,290,5),(214,292,6),(214,287,1),(214,288,2),(214,289,3),(214,292,4),(214,290,5),(214,291,6),(215,287,1),(215,288,2),(215,289,3),(215,290,4),(215,291,5),(215,292,6),(215,287,1),(215,288,2),(215,289,3),(215,290,4),(215,292,5),(215,291,6),(215,287,1),(215,288,2),(215,289,3),(215,291,4),(215,290,5),(215,292,6),(215,287,1),(215,288,2),(215,289,3),(215,292,4),(215,290,5),(215,291,6),(216,287,1),(216,288,2),(216,289,3),(216,290,4),(216,291,5),(216,292,6),(216,287,1),(216,288,2),(216,289,3),(216,290,4),(216,292,5),(216,291,6),(216,287,1),(216,288,2),(216,289,3),(216,291,4),(216,290,5),(216,292,6),(216,287,1),(216,288,2),(216,289,3),(216,292,4),(216,290,5),(216,291,6),(217,293,1),(217,294,2),(217,295,3),(217,296,4),(217,297,5),(217,298,6),(217,293,1),(217,294,2),(217,295,3),(217,296,4),(217,298,5),(217,297,6),(217,293,1),(217,294,2),(217,295,3),(217,297,4),(217,296,5),(217,298,6),(217,293,1),(217,294,2),(217,295,3),(217,298,4),(217,296,5),(217,297,6),(218,293,1),(218,294,2),(218,295,3),(218,296,4),(218,297,5),(218,298,6),(218,293,1),(218,294,2),(218,295,3),(218,296,4),(218,298,5),(218,297,6),(218,293,1),(218,294,2),(218,295,3),(218,297,4),(218,296,5),(218,298,6),(218,293,1),(218,294,2),(218,295,3),(218,298,4),(218,296,5),(218,297,6),(219,293,1),(219,294,2),(219,295,3),(219,296,4),(219,297,5),(219,298,6),(219,293,1),(219,294,2),(219,295,3),(219,296,4),(219,298,5),(219,297,6),(219,293,1),(219,294,2),(219,295,3),(219,297,4),(219,296,5),(219,298,6),(219,293,1),(219,294,2),(219,295,3),(219,298,4),(219,296,5),(219,297,6),(220,293,1),(220,294,2),(220,295,3),(220,296,4),(220,297,5),(220,298,6),(220,293,1),(220,294,2),(220,295,3),(220,296,4),(220,298,5),(220,297,6),(220,293,1),(220,294,2),(220,295,3),(220,297,4),(220,296,5),(220,298,6),(220,293,1),(220,294,2),(220,295,3),(220,298,4),(220,296,5),(220,297,6),(221,293,1),(221,294,2),(221,295,3),(221,296,4),(221,297,5),(221,298,6),(221,293,1),(221,294,2),(221,295,3),(221,296,4),(221,298,5),(221,297,6),(221,293,1),(221,294,2),(221,295,3),(221,297,4),(221,296,5),(221,298,6),(221,293,1),(221,294,2),(221,295,3),(221,298,4),(221,296,5),(221,297,6),(222,293,1),(222,294,2),(222,295,3),(222,296,4),(222,297,5),(222,298,6),(222,293,1),(222,294,2),(222,295,3),(222,296,4),(222,298,5),(222,297,6),(222,293,1),(222,294,2),(222,295,3),(222,297,4),(222,296,5),(222,298,6),(222,293,1),(222,294,2),(222,295,3),(222,298,4),(222,296,5),(222,297,6),(223,293,1),(223,294,2),(223,295,3),(223,296,4),(223,297,5),(223,298,6),(223,293,1),(223,294,2),(223,295,3),(223,296,4),(223,298,5),(223,297,6),(223,293,1),(223,294,2),(223,295,3),(223,297,4),(223,296,5),(223,298,6),(223,293,1),(223,294,2),(223,295,3),(223,298,4),(223,296,5),(223,297,6),(224,293,1),(224,294,2),(224,295,3),(224,296,4),(224,297,5),(224,298,6),(224,293,1),(224,294,2),(224,295,3),(224,296,4),(224,298,5),(224,297,6),(224,293,1),(224,294,2),(224,295,3),(224,297,4),(224,296,5),(224,298,6),(224,293,1),(224,294,2),(224,295,3),(224,298,4),(224,296,5),(224,297,6),(225,293,1),(225,294,2),(225,295,3),(225,296,4),(225,297,5),(225,298,6),(225,293,1),(225,294,2),(225,295,3),(225,296,4),(225,298,5),(225,297,6),(225,293,1),(225,294,2),(225,295,3),(225,297,4),(225,296,5),(225,298,6),(225,293,1),(225,294,2),(225,295,3),(225,298,4),(225,296,5),(225,297,6),(226,293,1),(226,294,2),(226,295,3),(226,296,4),(226,297,5),(226,298,6),(226,293,1),(226,294,2),(226,295,3),(226,296,4),(226,298,5),(226,297,6),(226,293,1),(226,294,2),(226,295,3),(226,297,4),(226,296,5),(226,298,6),(226,293,1),(226,294,2),(226,295,3),(226,298,4),(226,296,5),(226,297,6),(227,299,1),(227,300,2),(227,301,3),(227,302,4),(227,303,5),(227,304,6),(227,299,1),(227,300,2),(227,301,3),(227,302,4),(227,304,5),(227,303,6),(227,299,1),(227,300,2),(227,301,3),(227,303,4),(227,302,5),(227,304,6),(227,299,1),(227,300,2),(227,301,3),(227,304,4),(227,302,5),(227,303,6),(228,299,1),(228,300,2),(228,301,3),(228,302,4),(228,303,5),(228,304,6),(228,299,1),(228,300,2),(228,301,3),(228,302,4),(228,304,5),(228,303,6),(228,299,1),(228,300,2),(228,301,3),(228,303,4),(228,302,5),(228,304,6),(228,299,1),(228,300,2),(228,301,3),(228,304,4),(228,302,5),(228,303,6),(229,299,1),(229,300,2),(229,301,3),(229,302,4),(229,303,5),(229,304,6),(229,299,1),(229,300,2),(229,301,3),(229,302,4),(229,304,5),(229,303,6),(229,299,1),(229,300,2),(229,301,3),(229,303,4),(229,302,5),(229,304,6),(229,299,1),(229,300,2),(229,301,3),(229,304,4),(229,302,5),(229,303,6),(230,299,1),(230,300,2),(230,301,3),(230,302,4),(230,303,5),(230,304,6),(230,299,1),(230,300,2),(230,301,3),(230,302,4),(230,304,5),(230,303,6),(230,299,1),(230,300,2),(230,301,3),(230,303,4),(230,302,5),(230,304,6),(230,299,1),(230,300,2),(230,301,3),(230,304,4),(230,302,5),(230,303,6),(231,299,1),(231,300,2),(231,301,3),(231,302,4),(231,303,5),(231,304,6),(231,299,1),(231,300,2),(231,301,3),(231,302,4),(231,304,5),(231,303,6),(231,299,1),(231,300,2),(231,301,3),(231,303,4),(231,302,5),(231,304,6),(231,299,1),(231,300,2),(231,301,3),(231,304,4),(231,302,5),(231,303,6),(232,299,1),(232,300,2),(232,301,3),(232,302,4),(232,303,5),(232,304,6),(232,299,1),(232,300,2),(232,301,3),(232,302,4),(232,304,5),(232,303,6),(232,299,1),(232,300,2),(232,301,3),(232,303,4),(232,302,5),(232,304,6),(232,299,1),(232,300,2),(232,301,3),(232,304,4),(232,302,5),(232,303,6),(233,299,1),(233,300,2),(233,301,3),(233,302,4),(233,303,5),(233,304,6),(233,299,1),(233,300,2),(233,301,3),(233,302,4),(233,304,5),(233,303,6),(233,299,1),(233,300,2),(233,301,3),(233,303,4),(233,302,5),(233,304,6),(233,299,1),(233,300,2),(233,301,3),(233,304,4),(233,302,5),(233,303,6),(234,299,1),(234,300,2),(234,301,3),(234,302,4),(234,303,5),(234,304,6),(234,299,1),(234,300,2),(234,301,3),(234,302,4),(234,304,5),(234,303,6),(234,299,1),(234,300,2),(234,301,3),(234,303,4),(234,302,5),(234,304,6),(234,299,1),(234,300,2),(234,301,3),(234,304,4),(234,302,5),(234,303,6),(235,299,1),(235,300,2),(235,301,3),(235,302,4),(235,303,5),(235,304,6),(235,299,1),(235,300,2),(235,301,3),(235,302,4),(235,304,5),(235,303,6),(235,299,1),(235,300,2),(235,301,3),(235,303,4),(235,302,5),(235,304,6),(235,299,1),(235,300,2),(235,301,3),(235,304,4),(235,302,5),(235,303,6),(236,299,1),(236,300,2),(236,301,3),(236,302,4),(236,303,5),(236,304,6),(236,299,1),(236,300,2),(236,301,3),(236,302,4),(236,304,5),(236,303,6),(236,299,1),(236,300,2),(236,301,3),(236,303,4),(236,302,5),(236,304,6),(236,299,1),(236,300,2),(236,301,3),(236,304,4),(236,302,5),(236,303,6),(237,305,1),(237,306,2),(237,307,3),(237,308,4),(237,309,5),(237,310,6),(237,305,1),(237,306,2),(237,307,3),(237,308,4),(237,310,5),(237,309,6),(237,305,1),(237,306,2),(237,307,3),(237,309,4),(237,308,5),(237,310,6),(237,305,1),(237,306,2),(237,307,3),(237,310,4),(237,308,5),(237,309,6),(238,305,1),(238,306,2),(238,307,3),(238,308,4),(238,309,5),(238,310,6),(238,305,1),(238,306,2),(238,307,3),(238,308,4),(238,310,5),(238,309,6),(238,305,1),(238,306,2),(238,307,3),(238,309,4),(238,308,5),(238,310,6),(238,305,1),(238,306,2),(238,307,3),(238,310,4),(238,308,5),(238,309,6),(239,305,1),(239,306,2),(239,307,3),(239,308,4),(239,309,5),(239,310,6),(239,305,1),(239,306,2),(239,307,3),(239,308,4),(239,310,5),(239,309,6),(239,305,1),(239,306,2),(239,307,3),(239,309,4),(239,308,5),(239,310,6),(239,305,1),(239,306,2),(239,307,3),(239,310,4),(239,308,5),(239,309,6),(240,305,1),(240,306,2),(240,307,3),(240,308,4),(240,309,5),(240,310,6),(240,305,1),(240,306,2),(240,307,3),(240,308,4),(240,310,5),(240,309,6),(240,305,1),(240,306,2),(240,307,3),(240,309,4),(240,308,5),(240,310,6),(240,305,1),(240,306,2),(240,307,3),(240,310,4),(240,308,5),(240,309,6),(241,305,1),(241,306,2),(241,307,3),(241,308,4),(241,309,5),(241,310,6),(241,305,1),(241,306,2),(241,307,3),(241,308,4),(241,310,5),(241,309,6),(241,305,1),(241,306,2),(241,307,3),(241,309,4),(241,308,5),(241,310,6),(241,305,1),(241,306,2),(241,307,3),(241,310,4),(241,308,5),(241,309,6),(242,305,1),(242,306,2),(242,307,3),(242,308,4),(242,309,5),(242,310,6),(242,305,1),(242,306,2),(242,307,3),(242,308,4),(242,310,5),(242,309,6),(242,305,1),(242,306,2),(242,307,3),(242,309,4),(242,308,5),(242,310,6),(242,305,1),(242,306,2),(242,307,3),(242,310,4),(242,308,5),(242,309,6),(243,305,1),(243,306,2),(243,307,3),(243,308,4),(243,309,5),(243,310,6),(243,305,1),(243,306,2),(243,307,3),(243,308,4),(243,310,5),(243,309,6),(243,305,1),(243,306,2),(243,307,3),(243,309,4),(243,308,5),(243,310,6),(243,305,1),(243,306,2),(243,307,3),(243,310,4),(243,308,5),(243,309,6),(244,305,1),(244,306,2),(244,307,3),(244,308,4),(244,309,5),(244,310,6),(244,305,1),(244,306,2),(244,307,3),(244,308,4),(244,310,5),(244,309,6),(244,305,1),(244,306,2),(244,307,3),(244,309,4),(244,308,5),(244,310,6),(244,305,1),(244,306,2),(244,307,3),(244,310,4),(244,308,5),(244,309,6),(245,305,1),(245,306,2),(245,307,3),(245,308,4),(245,309,5),(245,310,6),(245,305,1),(245,306,2),(245,307,3),(245,308,4),(245,310,5),(245,309,6),(245,305,1),(245,306,2),(245,307,3),(245,309,4),(245,308,5),(245,310,6),(245,305,1),(245,306,2),(245,307,3),(245,310,4),(245,308,5),(245,309,6),(246,305,1),(246,306,2),(246,307,3),(246,308,4),(246,309,5),(246,310,6),(246,305,1),(246,306,2),(246,307,3),(246,308,4),(246,310,5),(246,309,6),(246,305,1),(246,306,2),(246,307,3),(246,309,4),(246,308,5),(246,310,6),(246,305,1),(246,306,2),(246,307,3),(246,310,4),(246,308,5),(246,309,6);
/*!40000 ALTER TABLE `component_operation_mapping` ENABLE KEYS */;
UNLOCK TABLES;

--
-- Table structure for table `component_processing_state`
--

DROP TABLE IF EXISTS `component_processing_state`;
/*!40101 SET @saved_cs_client     = @@character_set_client */;
/*!40101 SET character_set_client = utf8 */;
CREATE TABLE `component_processing_state` (
  `componentId` int(11) NOT NULL,
  `simulationId` int(11) NOT NULL,
  `sequenceNum` int(11) NOT NULL,
  `operationId` int(11) NOT NULL,
  `start_time` bigint(14) NOT NULL,
  `end_time` bigint(14) DEFAULT NULL,
  `assemblyId` int(11) NOT NULL,
  `status` varchar(45) NOT NULL,
  `failWaitTime` int(11) DEFAULT NULL,
  `actualOperationTime` int(11) NOT NULL,
  PRIMARY KEY (`componentId`,`simulationId`,`assemblyId`,`operationId`,`sequenceNum`,`start_time`)
) ENGINE=InnoDB DEFAULT CHARSET=utf8;
/*!40101 SET character_set_client = @saved_cs_client */;

--
-- Dumping data for table `component_processing_state`
--

LOCK TABLES `component_processing_state` WRITE;
/*!40000 ALTER TABLE `component_processing_state` DISABLE KEYS */;
INSERT INTO `component_processing_state` VALUES (174,66,2,265,1502475325889,1502475336069,162,'finished',0,10),(174,66,1,266,1502475310784,1502475323075,162,'finished',0,10),(174,66,0,267,1502475290518,1502475303108,163,'finished',0,10),(175,66,2,265,1502475320842,1502475331012,160,'finished',0,10),(175,66,1,266,1502475305734,1502475315893,160,'finished',0,10),(175,66,0,267,1502475290521,1502475303054,160,'finished',0,10),(176,66,0,266,1502475293590,1502475305872,161,'finished',0,10),(176,66,0,267,1502475290534,1502475293587,162,'failed',NULL,10),(176,66,1,265,1502475310787,1502475323072,163,'finished',0,10),(176,66,2,267,1502475325885,1502475354098,163,'finished',18,10),(237,74,0,305,1503532123820,1503532142324,200,'finished',0,18),(237,74,1,306,1503532144339,1503532162806,201,'finished',0,18),(237,74,2,307,1503532164723,1503532171310,202,'finished',0,6),(237,74,3,308,1503532175031,1503532183418,203,'finished',0,8),(237,74,4,309,1503532185248,1503532215706,204,'finished',0,30),(237,74,5,310,1503532215891,1503532253206,204,'finished',0,37),(238,74,0,305,1503532144334,1503532162656,200,'finished',0,18),(238,74,1,306,1503532164717,1503532183163,201,'finished',0,18),(238,74,2,307,1503532185240,1503532191647,202,'finished',0,6),(238,74,3,308,1503532195513,1503532203774,203,'finished',0,8),(238,74,5,310,1503532256705,1503532293936,204,'finished',0,37),(238,74,4,309,1503532205665,1503532236169,205,'finished',0,30),(239,74,0,305,1503532164710,1503532183161,200,'finished',0,18),(239,74,1,306,1503532185232,1503532203553,201,'finished',0,18),(239,74,2,307,1503532205658,1503532211938,201,'finished',0,6),(239,74,3,308,1503532215884,1503532224283,203,'finished',0,8),(239,74,5,310,1503532297488,1503532334711,204,'finished',0,37),(239,74,4,309,1503532236310,1503532266527,205,'finished',0,30),(240,74,0,305,1503532185226,1503532203688,200,'finished',0,18),(240,74,1,306,1503532215878,1503532234145,201,'finished',0,18),(240,74,2,307,1503532236304,1503532242602,202,'finished',0,6),(240,74,3,308,1503532246500,1503532254891,203,'finished',0,8),(240,74,5,310,1503532338353,1503532375676,204,'finished',0,37),(240,74,4,309,1503532266924,1503532297169,205,'finished',0,30),(241,74,0,305,1503532205652,1503532223942,200,'finished',0,18),(241,74,1,306,1503532236297,1503532254529,201,'finished',0,18),(241,74,2,307,1503532256700,1503532262957,202,'finished',0,6),(241,74,3,308,1503532266920,1503532275219,203,'finished',0,8),(241,74,5,310,1503532378989,1503532416250,204,'finished',0,37),(241,74,4,309,1503532297493,1503532327778,205,'finished',0,30),(242,74,0,305,1503532226125,1503532244393,200,'finished',0,18),(242,74,1,306,1503532256694,1503532274988,201,'finished',0,18),(242,74,2,307,1503532277124,1503532283435,202,'finished',0,6),(242,74,3,308,1503532287286,1503532295649,203,'finished',0,8),(242,74,4,309,1503532328185,1503532358408,205,'finished',0,30),(242,74,5,310,1503532419569,1503532456939,205,'finished',0,37),(243,74,0,305,1503532246494,1503532264828,200,'finished',0,18),(243,74,1,306,1503532277118,1503532295392,201,'finished',0,18),(243,74,2,307,1503532297481,1503532303828,202,'finished',0,6),(243,74,3,308,1503532307738,1503532316148,203,'finished',0,8),(243,74,4,309,1503532358681,1503532389101,205,'finished',0,30),(243,74,5,310,1503532460297,1503532497569,205,'finished',0,37),(244,74,0,305,1503532266915,1503532285230,200,'finished',0,18),(244,74,1,306,1503532297475,1503532315810,201,'finished',0,18),(244,74,2,307,1503532317958,1503532324259,202,'finished',0,6),(244,74,3,308,1503532328180,1503532336517,203,'finished',0,8),(244,74,5,310,1503532480565,1503532517842,204,'finished',0,37),(244,74,4,309,1503532389185,1503532419365,205,'finished',0,30),(245,74,0,305,1503532287276,1503532305613,200,'finished',0,18),(245,74,1,306,1503532317950,1503532336192,201,'finished',0,18),(245,74,2,307,1503532338342,1503532344660,202,'finished',0,6),(245,74,3,308,1503532348511,1503532356749,203,'finished',0,8),(245,74,4,309,1503532419563,1503532449838,204,'finished',0,30),(245,74,5,310,1503532500765,1503532537939,205,'finished',0,37),(246,74,0,305,1503532307731,1503532326059,200,'finished',0,18),(246,74,1,306,1503532338332,1503532356621,201,'finished',0,18),(246,74,2,307,1503532358673,1503532364939,201,'finished',0,6),(246,74,3,308,1503532368838,1503532377047,203,'finished',0,8),(246,74,4,309,1503532450141,1503532480353,204,'finished',0,30),(246,74,5,310,1503532520933,1503532558166,204,'finished',0,37);
/*!40000 ALTER TABLE `component_processing_state` ENABLE KEYS */;
UNLOCK TABLES;

--
-- Table structure for table `component_state`
--

DROP TABLE IF EXISTS `component_state`;
/*!40101 SET @saved_cs_client     = @@character_set_client */;
/*!40101 SET character_set_client = utf8 */;
CREATE TABLE `component_state` (
  `name` varchar(255) NOT NULL,
  PRIMARY KEY (`name`),
  UNIQUE KEY `name_UNIQUE1` (`name`)
) ENGINE=InnoDB DEFAULT CHARSET=utf8;
/*!40101 SET character_set_client = @saved_cs_client */;

--
-- Dumping data for table `component_state`
--

LOCK TABLES `component_state` WRITE;
/*!40000 ALTER TABLE `component_state` DISABLE KEYS */;
/*!40000 ALTER TABLE `component_state` ENABLE KEYS */;
UNLOCK TABLES;

--
-- Table structure for table `simulation`
--

DROP TABLE IF EXISTS `simulation`;
/*!40101 SET @saved_cs_client     = @@character_set_client */;
/*!40101 SET character_set_client = utf8 */;
CREATE TABLE `simulation` (
  `id` int(11) NOT NULL AUTO_INCREMENT,
  `name` varchar(255) NOT NULL,
  `desc` varchar(500) DEFAULT NULL,
  `starttime` bigint(22) DEFAULT NULL,
  `endtime` bigint(22) DEFAULT NULL,
  PRIMARY KEY (`id`)
) ENGINE=InnoDB AUTO_INCREMENT=75 DEFAULT CHARSET=utf8;
/*!40101 SET character_set_client = @saved_cs_client */;

--
-- Dumping data for table `simulation`
--

LOCK TABLES `simulation` WRITE;
/*!40000 ALTER TABLE `simulation` DISABLE KEYS */;
INSERT INTO `simulation` VALUES (1,'simulation1','dummy simulation db entry',NULL,NULL),(2,'simulation1','dummy simulation db entry',NULL,NULL),(3,'abhi','test',NULL,NULL),(4,'abhi','test',NULL,NULL),(5,'abhi','test',NULL,NULL),(6,'abhi','test',NULL,NULL),(7,'abhi','test',NULL,NULL),(8,'abhi','test',NULL,NULL),(9,'abhi','test',NULL,NULL),(10,'','',NULL,NULL),(11,'','',NULL,NULL),(12,'abhi','test',NULL,NULL),(13,'abhi','test',NULL,NULL),(14,'abhi','test',NULL,NULL),(15,'abhi','test',NULL,NULL),(16,'abhi','test',NULL,NULL),(17,'abhi','test',NULL,NULL),(18,'abhi','test',NULL,NULL),(19,'abhi','test',NULL,NULL),(20,'abhi','test',NULL,NULL),(21,'abhi','test',NULL,NULL),(22,'abhi','test',NULL,NULL),(23,'abhi','test',NULL,NULL),(24,'abhi','test',NULL,NULL),(25,'abhi','test',NULL,NULL),(26,'abhi','test',NULL,NULL),(27,'abhi','test',NULL,NULL),(28,'abhi','test',NULL,NULL),(29,'abhi','test',NULL,NULL),(30,'abhi','test',NULL,NULL),(31,'abhi','test',NULL,NULL),(32,'abhi','test',NULL,NULL),(33,'abhi','test',NULL,NULL),(34,'abhi','test',NULL,NULL),(35,'Quantity5','scenarion 1',NULL,NULL),(36,'1','1',NULL,NULL),(37,'Quantity5','scenarion 1',NULL,NULL),(38,'2','2',NULL,NULL),(39,'sd','sd',NULL,NULL),(40,'dfg','df',NULL,NULL),(41,'','',NULL,NULL),(42,'Quantity5','scenarion 1',NULL,NULL),(43,'Quantity5','scenarion 1',NULL,NULL),(44,'abhi','test',NULL,NULL),(45,'abhi','test',NULL,NULL),(46,'Quantity5','scenarion 1',NULL,NULL),(47,'abhi2','test',1500376343091,1500376367000),(48,'Quantity5run12','scenarion 1',1500930371209,1500930622000),(49,'Quantity10','scenarion 2',1500714042783,1500714487000),(50,'q2Fauilure','zfsf',NULL,NULL),(51,'q2Fauilure','zfsf',NULL,NULL),(52,'q2Fauilure','zfsf',NULL,NULL),(53,'q2Fauilure','zfsf',1501574130206,1501574228000),(54,'Quantity5Failure','scenarion 1',1500989207582,1500989503000),(55,'Quantity5','scenarion 1',NULL,NULL),(56,'Quantity5','scenarion 1',NULL,NULL),(57,'Quantity5','scenarion 1',NULL,NULL),(58,'Quantity5','scenarion 1',NULL,NULL),(59,'Quantity5','scenarion 1',NULL,NULL),(60,'q2Fauilure','zfsf',1501575042480,1501575165000),(61,'q2Fauilure','zfsf',1501576835838,1501576943000),(62,'asd','sdaasdasd',1501577240610,1501577259000),(63,'Quantity5','scenarion 1',1501588419162,1501588759000),(64,'a','a',1502018420704,1502018536786),(65,'Failt1','sdf',1502141468032,1502141598604),(66,'failt2','asd',1502475285495,1502475354098),(67,'Quantity10','scenarion 1',NULL,NULL),(68,'Quantity10','scenarion 1',NULL,NULL),(69,'Quantity10','scenarion 1',NULL,NULL),(70,'Quantity10','scenarion 1',NULL,NULL),(71,'Quantity10','scenarion 1',NULL,NULL),(72,'Quantity10','scenarion 1',NULL,NULL),(73,'Quantity10','scenarion 1',NULL,NULL),(74,'s10','s10',1503532118549,1503532558166);
/*!40000 ALTER TABLE `simulation` ENABLE KEYS */;
UNLOCK TABLES;

--
-- Table structure for table `simulationA2ATransportTime`
--

DROP TABLE IF EXISTS `simulationA2ATransportTime`;
/*!40101 SET @saved_cs_client     = @@character_set_client */;
/*!40101 SET character_set_client = utf8 */;
CREATE TABLE `simulationA2ATransportTime` (
  `assemblyId1` int(11) NOT NULL,
  `assemblyId2` int(11) NOT NULL,
  `simulationId` int(11) NOT NULL,
  `transportTime` int(11) NOT NULL,
  PRIMARY KEY (`assemblyId1`,`simulationId`,`assemblyId2`),
  KEY `fk_new_table_2_idx` (`assemblyId2`),
  KEY `fk_new_table_4_idx` (`simulationId`),
  CONSTRAINT `fk_new_table_1` FOREIGN KEY (`assemblyId1`) REFERENCES `Assembly` (`id`) ON DELETE NO ACTION ON UPDATE NO ACTION,
  CONSTRAINT `fk_new_table_2` FOREIGN KEY (`assemblyId2`) REFERENCES `Assembly` (`id`) ON DELETE NO ACTION ON UPDATE NO ACTION,
  CONSTRAINT `fk_new_table_4` FOREIGN KEY (`simulationId`) REFERENCES `simulation` (`id`) ON DELETE NO ACTION ON UPDATE NO ACTION
) ENGINE=InnoDB DEFAULT CHARSET=latin1;
/*!40101 SET character_set_client = @saved_cs_client */;

--
-- Dumping data for table `simulationA2ATransportTime`
--

LOCK TABLES `simulationA2ATransportTime` WRITE;
/*!40000 ALTER TABLE `simulationA2ATransportTime` DISABLE KEYS */;
INSERT INTO `simulationA2ATransportTime` VALUES (140,139,59,4),(142,140,59,4),(143,142,59,4),(145,144,60,5),(147,146,61,8),(150,149,63,8),(151,149,63,8),(151,150,63,8),(152,149,63,8),(152,150,63,8),(153,149,63,9),(153,150,63,8),(153,151,63,8),(153,152,63,8),(154,149,63,8),(154,150,63,8),(154,151,63,8),(154,152,63,8),(154,153,63,8),(156,155,64,3),(157,155,64,4),(157,156,64,5),(159,158,65,4),(161,160,66,2),(162,160,66,2),(162,161,66,2),(163,160,66,2),(163,161,66,2),(163,162,66,2);
/*!40000 ALTER TABLE `simulationA2ATransportTime` ENABLE KEYS */;
UNLOCK TABLES;

--
-- Table structure for table `simulationC2ATransportTime`
--

DROP TABLE IF EXISTS `simulationC2ATransportTime`;
/*!40101 SET @saved_cs_client     = @@character_set_client */;
/*!40101 SET character_set_client = utf8 */;
CREATE TABLE `simulationC2ATransportTime` (
  `assemblyId` int(11) NOT NULL,
  `componentId` int(11) NOT NULL,
  `simulationId` int(11) NOT NULL,
  `transportTime` int(11) DEFAULT NULL,
  PRIMARY KEY (`assemblyId`,`componentId`,`simulationId`),
  KEY `fk_simulationC2ATransportTime_2_idx` (`componentId`),
  KEY `fk_simulationC2ATransportTime_3_idx` (`simulationId`),
  CONSTRAINT `fk_simulationC2ATransportTime_1` FOREIGN KEY (`assemblyId`) REFERENCES `Assembly` (`id`) ON DELETE NO ACTION ON UPDATE NO ACTION,
  CONSTRAINT `fk_simulationC2ATransportTime_2` FOREIGN KEY (`componentId`) REFERENCES `Component` (`id`) ON DELETE NO ACTION ON UPDATE NO ACTION,
  CONSTRAINT `fk_simulationC2ATransportTime_3` FOREIGN KEY (`simulationId`) REFERENCES `simulation` (`id`) ON DELETE NO ACTION ON UPDATE NO ACTION
) ENGINE=InnoDB DEFAULT CHARSET=latin1;
/*!40101 SET character_set_client = @saved_cs_client */;

--
-- Dumping data for table `simulationC2ATransportTime`
--

LOCK TABLES `simulationC2ATransportTime` WRITE;
/*!40000 ALTER TABLE `simulationC2ATransportTime` DISABLE KEYS */;
INSERT INTO `simulationC2ATransportTime` VALUES (138,150,59,4),(140,154,59,4),(141,151,59,4),(142,153,59,4),(144,156,60,4),(145,156,60,3),(146,157,61,3),(146,158,61,5),(147,157,61,4),(147,158,61,6),(148,159,62,2),(148,160,62,3),(148,161,62,3),(148,162,62,4),(148,163,62,5),(149,164,63,4),(151,168,63,4),(152,165,63,4),(153,166,63,4),(153,167,63,8),(153,168,63,8),(154,164,63,8),(154,165,63,8),(154,166,63,8),(154,167,63,8),(154,168,63,8),(155,169,64,2),(156,170,64,3),(157,171,64,4),(158,172,65,2),(158,173,65,4),(159,172,65,5),(159,173,65,6),(160,174,66,2),(160,175,66,2),(160,176,66,2),(161,174,66,2),(161,175,66,2),(161,176,66,2),(162,174,66,2),(162,175,66,2),(162,176,66,2),(163,174,66,2),(163,175,66,2),(163,176,66,2);
/*!40000 ALTER TABLE `simulationC2ATransportTime` ENABLE KEYS */;
UNLOCK TABLES;

--
-- Table structure for table `simulation_component_mapping`
--

DROP TABLE IF EXISTS `simulation_component_mapping`;
/*!40101 SET @saved_cs_client     = @@character_set_client */;
/*!40101 SET character_set_client = utf8 */;
CREATE TABLE `simulation_component_mapping` (
  `simulation_id` int(11) NOT NULL,
  `component_id` int(11) NOT NULL,
  `url` varchar(255) DEFAULT NULL,
  KEY `fk_simulation_component_mapping_1_idx` (`component_id`),
  KEY `fk_simulation_component_mapping_2_idx` (`simulation_id`),
  CONSTRAINT `fk_simulation_component_mapping_1` FOREIGN KEY (`component_id`) REFERENCES `Component` (`id`) ON DELETE NO ACTION ON UPDATE NO ACTION,
  CONSTRAINT `fk_simulation_component_mapping_2` FOREIGN KEY (`simulation_id`) REFERENCES `simulation` (`id`) ON DELETE NO ACTION ON UPDATE NO ACTION
) ENGINE=InnoDB DEFAULT CHARSET=utf8;
/*!40101 SET character_set_client = @saved_cs_client */;

--
-- Dumping data for table `simulation_component_mapping`
--

LOCK TABLES `simulation_component_mapping` WRITE;
/*!40000 ALTER TABLE `simulation_component_mapping` DISABLE KEYS */;
INSERT INTO `simulation_component_mapping` VALUES (1,3,NULL),(1,4,NULL),(2,5,'http://localhost:8080'),(2,6,NULL),(3,7,NULL),(3,8,NULL),(4,9,NULL),(4,10,NULL),(5,11,NULL),(5,12,NULL),(6,13,NULL),(6,14,NULL),(7,15,NULL),(7,16,NULL),(8,17,NULL),(8,18,NULL),(9,19,NULL),(9,20,NULL),(10,21,NULL),(10,22,NULL),(10,23,NULL),(10,24,NULL),(10,25,NULL),(11,26,NULL),(11,27,NULL),(11,28,NULL),(11,29,NULL),(11,30,NULL),(11,31,NULL),(11,32,NULL),(11,33,NULL),(12,34,NULL),(12,35,NULL),(13,36,NULL),(13,37,NULL),(14,38,NULL),(14,39,NULL),(15,40,NULL),(15,41,NULL),(16,42,NULL),(16,43,NULL),(17,44,NULL),(17,45,NULL),(18,46,NULL),(18,47,NULL),(19,48,NULL),(19,49,NULL),(20,50,NULL),(20,51,NULL),(21,52,NULL),(21,53,NULL),(22,54,NULL),(22,55,NULL),(23,56,NULL),(23,57,NULL),(24,58,NULL),(24,59,NULL),(25,60,NULL),(25,61,NULL),(26,62,NULL),(26,63,NULL),(27,64,NULL),(27,65,NULL),(28,66,NULL),(28,67,NULL),(29,68,NULL),(29,69,NULL),(30,70,NULL),(30,71,NULL),(31,72,NULL),(31,73,NULL),(32,74,NULL),(32,75,NULL),(33,76,NULL),(33,77,NULL),(34,78,'http://localhost:8080'),(34,79,'http://localhost:8081'),(35,80,'http://localhost:8080'),(35,81,'http://localhost:8081'),(35,82,'http://localhost:8082'),(35,83,'http://localhost:8083'),(35,84,'http://localhost:8084'),(36,85,'http://localhost:8080'),(37,86,'http://localhost:8080'),(37,87,'http://localhost:8081'),(37,88,'http://localhost:8082'),(37,89,'http://localhost:8083'),(37,90,'http://localhost:8084'),(38,91,'http://localhost:8080'),(39,92,NULL),(39,93,NULL),(40,94,NULL),(42,95,'http://localhost:8080'),(42,96,'http://localhost:8081'),(42,97,'http://localhost:8082'),(42,98,'http://localhost:8083'),(42,99,'http://localhost:8084'),(43,100,'http://localhost:8080'),(43,101,'http://localhost:8081'),(43,102,'http://localhost:8082'),(43,103,'http://localhost:8083'),(43,104,'http://localhost:8084'),(44,105,'http://localhost:8080'),(44,106,'http://localhost:8080'),(45,107,'http://localhost:8080'),(45,108,'http://localhost:8081'),(46,109,'http://localhost:8080'),(46,110,'http://localhost:8081'),(46,111,'http://localhost:8082'),(46,112,'http://localhost:8083'),(46,113,'http://localhost:8084'),(47,114,'http://localhost:8080'),(47,115,'http://localhost:8081'),(48,116,'http://localhost:8080'),(48,117,'http://localhost:8081'),(48,118,'http://localhost:8082'),(48,119,'http://localhost:8083'),(48,120,'http://localhost:8084'),(49,121,'http://localhost:8080'),(49,122,'http://localhost:8081'),(49,123,'http://localhost:8082'),(49,124,'http://localhost:8083'),(49,125,'http://localhost:8084'),(49,126,'http://localhost:8085'),(49,127,'http://localhost:8086'),(49,128,'http://localhost:8087'),(49,129,'http://localhost:8088'),(49,130,'http://localhost:8089'),(52,131,NULL),(52,132,NULL),(53,133,'http://localhost:8080'),(53,134,'http://localhost:8081'),(54,135,'http://localhost:8080'),(54,136,'http://localhost:8081'),(54,137,'http://localhost:8082'),(54,138,'http://localhost:8083'),(54,139,'http://localhost:8084'),(57,140,NULL),(57,141,NULL),(57,142,NULL),(57,143,NULL),(57,144,NULL),(58,145,NULL),(58,146,NULL),(58,147,NULL),(58,148,NULL),(58,149,NULL),(59,150,NULL),(59,151,NULL),(59,152,NULL),(59,153,NULL),(59,154,NULL),(60,155,'http://localhost:8080'),(60,156,'http://localhost:8081'),(61,157,'http://localhost:8080'),(61,158,'http://localhost:8081'),(62,159,'http://localhost:8080'),(62,160,'http://localhost:8080'),(62,161,'http://localhost:8081'),(62,162,'http://localhost:8082'),(62,163,'http://localhost:8083'),(63,164,'http://localhost:8080'),(63,165,'http://localhost:8081'),(63,166,'http://localhost:8082'),(63,167,'http://localhost:8083'),(63,168,'http://localhost:8084'),(64,169,'http://localhost:8080'),(64,170,'http://localhost:8081'),(64,171,'http://localhost:8082'),(65,172,'http://localhost:8080'),(65,173,'http://localhost:8081'),(66,174,'http://localhost:8080'),(66,175,'http://localhost:8081'),(66,176,'http://localhost:8082'),(68,177,NULL),(68,178,NULL),(68,179,NULL),(68,180,NULL),(68,181,NULL),(68,182,NULL),(68,183,NULL),(68,184,NULL),(68,185,NULL),(68,186,NULL),(69,187,NULL),(69,188,NULL),(69,189,NULL),(69,190,NULL),(69,191,NULL),(69,192,NULL),(69,193,NULL),(69,194,NULL),(69,195,NULL),(69,196,NULL),(70,197,NULL),(70,198,NULL),(70,199,NULL),(70,200,NULL),(70,201,NULL),(70,202,NULL),(70,203,NULL),(70,204,NULL),(70,205,NULL),(70,206,NULL),(71,207,NULL),(71,208,NULL),(71,209,NULL),(71,210,NULL),(71,211,NULL),(71,212,NULL),(71,213,NULL),(71,214,NULL),(71,215,NULL),(71,216,NULL),(72,217,NULL),(72,218,NULL),(72,219,NULL),(72,220,NULL),(72,221,NULL),(72,222,NULL),(72,223,NULL),(72,224,NULL),(72,225,NULL),(72,226,NULL),(73,227,NULL),(73,228,NULL),(73,229,NULL),(73,230,NULL),(73,231,NULL),(73,232,NULL),(73,233,NULL),(73,234,NULL),(73,235,NULL),(73,236,NULL),(74,237,'http://localhost:8080'),(74,238,'http://localhost:8081'),(74,239,'http://localhost:8082'),(74,240,'http://localhost:8083'),(74,241,'http://localhost:8084'),(74,242,'http://localhost:8085'),(74,243,'http://localhost:8086'),(74,244,'http://localhost:8087'),(74,245,'http://localhost:8088'),(74,246,'http://localhost:8089');
/*!40000 ALTER TABLE `simulation_component_mapping` ENABLE KEYS */;
UNLOCK TABLES;
/*!40103 SET TIME_ZONE=@OLD_TIME_ZONE */;

/*!40101 SET SQL_MODE=@OLD_SQL_MODE */;
/*!40014 SET FOREIGN_KEY_CHECKS=@OLD_FOREIGN_KEY_CHECKS */;
/*!40014 SET UNIQUE_CHECKS=@OLD_UNIQUE_CHECKS */;
/*!40101 SET CHARACTER_SET_CLIENT=@OLD_CHARACTER_SET_CLIENT */;
/*!40101 SET CHARACTER_SET_RESULTS=@OLD_CHARACTER_SET_RESULTS */;
/*!40101 SET COLLATION_CONNECTION=@OLD_COLLATION_CONNECTION */;
/*!40111 SET SQL_NOTES=@OLD_SQL_NOTES */;

-- Dump completed on 2017-08-27 12:38:38
