CREATE DATABASE  IF NOT EXISTS `dikscheduling` /*!40100 DEFAULT CHARACTER SET latin1 */;
USE `dikscheduling`;
-- MySQL dump 10.13  Distrib 5.7.20, for Linux (x86_64)
--
-- Host: localhost    Database: dikscheduling
-- ------------------------------------------------------
-- Server version	5.7.20-0ubuntu0.16.04.1

/*!40101 SET @OLD_CHARACTER_SET_CLIENT=@@CHARACTER_SET_CLIENT */;
/*!40101 SET @OLD_CHARACTER_SET_RESULTS=@@CHARACTER_SET_RESULTS */;
/*!40101 SET @OLD_COLLATION_CONNECTION=@@COLLATION_CONNECTION */;
/*!40101 SET NAMES utf8 */;
/*!40103 SET @OLD_TIME_ZONE=@@TIME_ZONE */;
/*!40103 SET TIME_ZONE='+00:00' */;
/*!40014 SET @OLD_UNIQUE_CHECKS=@@UNIQUE_CHECKS, UNIQUE_CHECKS=0 */;
/*!40014 SET @OLD_FOREIGN_KEY_CHECKS=@@FOREIGN_KEY_CHECKS, FOREIGN_KEY_CHECKS=0 */;
/*!40101 SET @OLD_SQL_MODE=@@SQL_MODE, SQL_MODE='NO_AUTO_VALUE_ON_ZERO' */;
/*!40111 SET @OLD_SQL_NOTES=@@SQL_NOTES, SQL_NOTES=0 */;

--
-- Table structure for table `Assembly`
--

DROP TABLE IF EXISTS `Assembly`;
/*!40101 SET @saved_cs_client     = @@character_set_client */;
/*!40101 SET character_set_client = utf8 */;
CREATE TABLE `Assembly` (
  `id` int(11) NOT NULL AUTO_INCREMENT,
  `name` varchar(255) NOT NULL,
  `failureNumber` int(11) DEFAULT '0',
  `failureTime` int(11) DEFAULT '0',
  `ifFailAllowed` tinyint(1) DEFAULT NULL,
  PRIMARY KEY (`id`)
) ENGINE=InnoDB AUTO_INCREMENT=263 DEFAULT CHARSET=utf8;
/*!40101 SET character_set_client = @saved_cs_client */;

--
-- Dumping data for table `Assembly`
--

LOCK TABLES `Assembly` WRITE;
/*!40000 ALTER TABLE `Assembly` DISABLE KEYS */;
INSERT INTO `Assembly` VALUES (1,'assembly1',0,0,NULL),(2,'assembly1',0,0,NULL),(3,'assembly2',0,0,NULL),(4,'assembly1',0,0,NULL),(5,'assembly2',0,0,NULL),(6,'a1',0,0,NULL),(7,'a2',0,0,NULL),(8,'a1',0,0,NULL),(9,'a2',0,0,NULL),(10,'a1',0,0,NULL),(11,'a2',0,0,NULL),(12,'a1',0,0,NULL),(13,'a1',0,0,NULL),(14,'a1',0,0,NULL),(15,'a1',0,0,NULL),(16,'a2',0,0,NULL),(17,'xcvxcv',0,0,NULL),(18,'a1',0,0,NULL),(19,'a2',0,0,NULL),(20,'a1',0,0,NULL),(21,'a2',0,0,NULL),(22,'a1',0,0,NULL),(23,'a2',0,0,NULL),(24,'a1',0,0,NULL),(25,'a2',0,0,NULL),(26,'a1',0,0,NULL),(27,'a2',0,0,NULL),(28,'a1',0,0,NULL),(29,'a2',0,0,NULL),(30,'a1',0,0,NULL),(31,'a2',0,0,NULL),(32,'a1',0,0,NULL),(33,'a2',0,0,NULL),(34,'a1',0,0,NULL),(35,'a2',0,0,NULL),(36,'a1',0,0,NULL),(37,'a2',0,0,NULL),(38,'a1',0,0,NULL),(39,'a2',0,0,NULL),(40,'a1',0,0,NULL),(41,'a2',0,0,NULL),(42,'a1',0,0,NULL),(43,'a2',0,0,NULL),(44,'a1',0,0,NULL),(45,'a2',0,0,NULL),(46,'a1',0,0,NULL),(47,'a2',0,0,NULL),(48,'a1',0,0,NULL),(49,'a2',0,0,NULL),(50,'a1',0,0,NULL),(51,'a2',0,0,NULL),(52,'a1',0,0,NULL),(53,'a2',0,0,NULL),(54,'a1',0,0,NULL),(55,'a2',0,0,NULL),(56,'a1',0,0,NULL),(57,'a2',0,0,NULL),(58,'a1',0,0,NULL),(59,'a2',0,0,NULL),(60,'a1',0,0,NULL),(61,'a2',0,0,NULL),(62,'a1',0,0,NULL),(63,'a2',0,0,NULL),(64,'A1',0,0,NULL),(65,'a2',0,0,NULL),(66,'A3',0,0,NULL),(67,'A4',0,0,NULL),(68,'A5',0,0,NULL),(69,'A6',0,0,NULL),(70,'q',0,0,NULL),(71,'A1',0,0,NULL),(72,'a2',0,0,NULL),(73,'A3',0,0,NULL),(74,'A4',0,0,NULL),(75,'A5',0,0,NULL),(76,'A6',0,0,NULL),(77,'1',0,0,NULL),(78,'we',0,0,NULL),(79,'dfg',0,0,NULL),(80,'A1',0,0,NULL),(81,'a2',0,0,NULL),(82,'A3',0,0,NULL),(83,'A4',0,0,NULL),(84,'A5',0,0,NULL),(85,'A6',0,0,NULL),(86,'A1',0,0,NULL),(87,'a2',0,0,NULL),(88,'A3',0,0,NULL),(89,'A4',0,0,NULL),(90,'A5',0,0,NULL),(91,'A6',0,0,NULL),(92,'a1',0,0,NULL),(93,'a2',0,0,NULL),(94,'a1',0,0,NULL),(95,'a2',0,0,NULL),(96,'A1',0,0,NULL),(97,'a2',0,0,NULL),(98,'A3',0,0,NULL),(99,'A4',0,0,NULL),(100,'A5',0,0,NULL),(101,'A6',0,0,NULL),(102,'a1',0,0,NULL),(103,'a2',0,0,NULL),(104,'A1',0,0,NULL),(105,'a2',0,0,NULL),(106,'A3',0,0,NULL),(107,'A4',0,0,NULL),(108,'A5',0,0,NULL),(109,'A6',0,0,NULL),(110,'A1',0,0,NULL),(111,'a2',0,0,NULL),(112,'A3',0,0,NULL),(113,'A4',0,0,NULL),(114,'A5',0,0,NULL),(115,'A6',0,0,NULL),(116,'a1',0,0,NULL),(117,'a2',0,0,NULL),(118,'a1',2,20,NULL),(119,'a2',3,45,NULL),(120,'A1',2,20,NULL),(121,'a2',2,20,NULL),(122,'A3',2,20,NULL),(123,'A4',2,20,NULL),(124,'A5',2,20,NULL),(125,'A6',2,20,NULL),(126,'A1',0,0,NULL),(127,'a2',0,0,NULL),(128,'A3',0,0,NULL),(129,'A6',0,0,NULL),(130,'A5',0,0,NULL),(131,'A4',0,0,NULL),(132,'A1',0,0,NULL),(133,'a2',0,0,NULL),(134,'A3',0,0,NULL),(135,'A6',0,0,NULL),(136,'A5',0,0,NULL),(137,'A4',0,0,NULL),(138,'A1',0,0,NULL),(139,'a2',0,0,NULL),(140,'A3',0,0,NULL),(141,'A6',0,0,NULL),(142,'A5',0,0,NULL),(143,'A4',0,0,NULL),(144,'a1',2,20,NULL),(145,'a2',3,45,NULL),(146,'a1',2,20,NULL),(147,'a2',3,45,NULL),(148,'dasd',3,67,NULL),(149,'A1',0,0,NULL),(150,'a2',0,0,NULL),(151,'A3',0,0,NULL),(152,'A6',0,0,NULL),(153,'A5',0,0,NULL),(154,'A4',0,0,NULL),(155,'a1',0,0,0),(156,'a2',2,12,1),(157,'a3',0,0,0),(158,'a1',2,40,1),(159,'a2',2,40,1),(160,'a1',2,40,1),(161,'a2',2,45,1),(162,'a3',2,45,1),(163,'a4',2,25,1),(164,'A1',0,0,1),(165,'a2',0,0,1),(166,'A3',0,0,1),(167,'A6',0,0,1),(168,'A5',0,0,1),(169,'A4',0,0,1),(170,'A1',0,0,1),(171,'a2',0,0,1),(172,'A3',0,0,1),(173,'A6',0,0,1),(174,'A5',0,0,1),(175,'A4',0,0,1),(176,'A1',0,0,1),(177,'a2',0,0,1),(178,'A3',0,0,1),(179,'A6',0,0,1),(180,'A5',0,0,1),(181,'A4',0,0,1),(182,'A1',0,0,1),(183,'a2',0,0,1),(184,'A3',0,0,1),(185,'A6',0,0,1),(186,'A5',0,0,1),(187,'A4',0,0,1),(188,'A1',0,0,1),(189,'a2',0,0,1),(190,'A3',0,0,1),(191,'A6',0,0,1),(192,'A5',0,0,1),(193,'A4',0,0,1),(194,'A1',0,0,1),(195,'a2',0,0,1),(196,'A3',0,0,1),(197,'A6',0,0,1),(198,'A5',0,0,1),(199,'A4',0,0,1),(200,'a1',0,0,0),(201,'a2',0,0,0),(202,'a3',0,0,0),(203,'a4',0,0,0),(204,'a5',0,0,0),(205,'a6',0,0,0),(206,'e3',2,34,1),(207,'qw2',3,45,1),(208,'3',2,34,1),(209,'3',2,34,1),(210,'3',2,34,1),(211,'3',2,34,1),(212,'a1',0,0,0),(213,'a1',0,0,0),(214,'a1',0,0,0),(215,'a1',0,0,0),(216,'a2',0,0,1),(217,'e',0,0,1),(218,'e',0,0,1),(219,'e',0,0,1),(220,'e',0,0,1),(221,'M1',0,0,1),(222,'M2',0,0,1),(223,'M3',0,0,1),(224,'M4',0,0,1),(225,'M5',0,0,1),(226,'M6',0,0,1),(227,'M1',0,0,1),(228,'M2',0,0,1),(229,'M3',0,0,1),(230,'M4',0,0,1),(231,'M5',0,0,1),(232,'M6',0,0,1),(233,'M1',0,0,1),(234,'M2',0,0,1),(235,'M3',0,0,1),(236,'M4',0,0,1),(237,'M5',0,0,1),(238,'M6',0,0,1),(239,'M1',0,0,1),(240,'M2',0,0,1),(241,'M3',0,0,1),(242,'M4',0,0,1),(243,'M5',0,0,1),(244,'M6',0,0,1),(245,'M1',0,0,1),(246,'M2',0,0,1),(247,'M3',0,0,1),(248,'M4',0,0,1),(249,'M5',0,0,1),(250,'M6',0,0,1),(251,'M1',0,0,1),(252,'M2',0,0,1),(253,'M3',0,0,1),(254,'M4',0,0,1),(255,'M5',0,0,1),(256,'M6',0,0,1),(257,'M1',0,0,1),(258,'M2',0,0,1),(259,'M3',0,0,1),(260,'M4',0,0,1),(261,'M5',0,0,1),(262,'M6',0,0,1);
/*!40000 ALTER TABLE `Assembly` ENABLE KEYS */;
UNLOCK TABLES;

--
-- Table structure for table `Assembly_state`
--

DROP TABLE IF EXISTS `Assembly_state`;
/*!40101 SET @saved_cs_client     = @@character_set_client */;
/*!40101 SET character_set_client = utf8 */;
CREATE TABLE `Assembly_state` (
  `name` varchar(255) NOT NULL,
  PRIMARY KEY (`name`),
  UNIQUE KEY `name_UNIQUE` (`name`)
) ENGINE=InnoDB DEFAULT CHARSET=utf8;
/*!40101 SET character_set_client = @saved_cs_client */;

--
-- Dumping data for table `Assembly_state`
--

LOCK TABLES `Assembly_state` WRITE;
/*!40000 ALTER TABLE `Assembly_state` DISABLE KEYS */;
INSERT INTO `Assembly_state` VALUES ('In-Progress'),('NOT-WORKING'),('Stopped');
/*!40000 ALTER TABLE `Assembly_state` ENABLE KEYS */;
UNLOCK TABLES;

--
-- Table structure for table `Component`
--

DROP TABLE IF EXISTS `Component`;
/*!40101 SET @saved_cs_client     = @@character_set_client */;
/*!40101 SET character_set_client = utf8 */;
CREATE TABLE `Component` (
  `id` int(11) NOT NULL AUTO_INCREMENT,
  `name` varchar(255) NOT NULL,
  PRIMARY KEY (`id`)
) ENGINE=InnoDB AUTO_INCREMENT=340 DEFAULT CHARSET=utf8;
/*!40101 SET character_set_client = @saved_cs_client */;

--
-- Dumping data for table `Component`
--

LOCK TABLES `Component` WRITE;
/*!40000 ALTER TABLE `Component` DISABLE KEYS */;
INSERT INTO `Component` VALUES (1,'component1'),(2,'componnt2'),(3,'component1'),(4,'componnt2'),(5,'component1'),(6,'componnt2'),(7,'c1'),(8,'c2'),(9,'c1'),(10,'c2'),(11,'c1'),(12,'c2'),(13,'c1'),(14,'c2'),(15,'c1'),(16,'c2'),(17,'c1'),(18,'c2'),(19,'c1'),(20,'c2'),(21,'aawr'),(22,'aawr'),(23,'aawr3'),(24,'aawr3'),(25,'aawr3'),(26,'sdfsdf'),(27,'sdfsdf'),(28,'sdfsdf'),(29,'sdfsdf'),(30,'sdfsdf'),(31,'sdfsdf'),(32,'sdfsdf'),(33,'sdfsdf'),(34,'c1'),(35,'c2'),(36,'c1'),(37,'c2'),(38,'c1'),(39,'c2'),(40,'c1'),(41,'c2'),(42,'c1'),(43,'c2'),(44,'c1'),(45,'c2'),(46,'c1'),(47,'c2'),(48,'c1'),(49,'c2'),(50,'c1'),(51,'c2'),(52,'c1'),(53,'c2'),(54,'c1'),(55,'c2'),(56,'c1'),(57,'c2'),(58,'c1'),(59,'c2'),(60,'c1'),(61,'c2'),(62,'c1'),(63,'c2'),(64,'c1'),(65,'c2'),(66,'c1'),(67,'c2'),(68,'c1'),(69,'c2'),(70,'c1'),(71,'c2'),(72,'c1'),(73,'c2'),(74,'c1'),(75,'c2'),(76,'c1'),(77,'c2'),(78,'c1'),(79,'c2'),(80,'Component1'),(81,'Component1'),(82,'Component1'),(83,'Component1'),(84,'Component1'),(85,'q1'),(86,'Component1'),(87,'Component1'),(88,'Component1'),(89,'Component1'),(90,'Component1'),(91,'2'),(92,'d'),(93,'d'),(94,'f'),(95,'Component1'),(96,'Component1'),(97,'Component1'),(98,'Component1'),(99,'Component1'),(100,'Component1'),(101,'Component1'),(102,'Component1'),(103,'Component1'),(104,'Component1'),(105,'c1'),(106,'c2'),(107,'c1'),(108,'c2'),(109,'Component1'),(110,'Component1'),(111,'Component1'),(112,'Component1'),(113,'Component1'),(114,'c1'),(115,'c2'),(116,'Component1'),(117,'Component1'),(118,'Component1'),(119,'Component1'),(120,'Component1'),(121,'Component1'),(122,'Component1'),(123,'Component1'),(124,'Component1'),(125,'Component1'),(126,'componentSet2'),(127,'componentSet2'),(128,'componentSet2'),(129,'componentSet2'),(130,'componentSet2'),(131,'1'),(132,'1'),(133,'1'),(134,'1'),(135,'Component1'),(136,'Component1'),(137,'Component1'),(138,'Component1'),(139,'Component1'),(140,'Component1'),(141,'Component1'),(142,'Component1'),(143,'Component1'),(144,'Component1'),(145,'Component1'),(146,'Component1'),(147,'Component1'),(148,'Component1'),(149,'Component1'),(150,'Component1'),(151,'Component1'),(152,'Component1'),(153,'Component1'),(154,'Component1'),(155,'1'),(156,'1'),(157,'1'),(158,'1'),(159,'asdsd:0'),(160,'asdsd:1'),(161,'asdsd:2'),(162,'asdsd:3'),(163,'asdsd:4'),(164,'Component1'),(165,'Component1'),(166,'Component1'),(167,'Component1'),(168,'Component1'),(169,'c1:0:0'),(170,'c1:0:1'),(171,'c1:0:2'),(172,'c1:0'),(173,'c1:1'),(174,'c:0'),(175,'c:1'),(176,'c:2'),(177,'Component1:0'),(178,'Component1:1'),(179,'Component1:2'),(180,'Component1:3'),(181,'Component1:4'),(182,'Component1:5'),(183,'Component2:0'),(184,'Component2:1'),(185,'Component2:2'),(186,'Component2:3'),(187,'Component1:0'),(188,'Component1:1'),(189,'Component1:2'),(190,'Component1:3'),(191,'Component1:4'),(192,'Component1:5'),(193,'Component2:0'),(194,'Component2:1'),(195,'Component2:2'),(196,'Component2:3'),(197,'Component1:0'),(198,'Component1:1'),(199,'Component1:2'),(200,'Component1:3'),(201,'Component1:4'),(202,'Component1:5'),(203,'Component2:0'),(204,'Component2:1'),(205,'Component2:2'),(206,'Component2:3'),(207,'Component1:0'),(208,'Component1:1'),(209,'Component1:2'),(210,'Component1:3'),(211,'Component1:4'),(212,'Component1:5'),(213,'Component2:0'),(214,'Component2:1'),(215,'Component2:2'),(216,'Component2:3'),(217,'Component1:0'),(218,'Component1:1'),(219,'Component1:2'),(220,'Component1:3'),(221,'Component1:4'),(222,'Component1:5'),(223,'Component2:0'),(224,'Component2:1'),(225,'Component2:2'),(226,'Component2:3'),(227,'Component1:0'),(228,'Component1:1'),(229,'Component1:2'),(230,'Component1:3'),(231,'Component1:4'),(232,'Component1:5'),(233,'Component2:0'),(234,'Component2:1'),(235,'Component2:2'),(236,'Component2:3'),(237,'component:0'),(238,'component:1'),(239,'component:2'),(240,'component:3'),(241,'component:4'),(242,'component:5'),(243,'component:6'),(244,'component:7'),(245,'component:8'),(246,'component:9'),(247,'12:0'),(248,'12:1'),(249,'12:2'),(250,'dfsf:0'),(251,'dfsf:1'),(252,'dfsf:2'),(253,'sdfsf:0'),(254,'sdfsf:1'),(255,'sdfsf:2'),(256,'sdfsf:0'),(257,'sdfsf:1'),(258,'sdfsf:2'),(259,'sdfsf:0'),(260,'sdfsf:1'),(261,'sdfsf:2'),(262,'sdfsf:1:0'),(263,':0'),(264,'dsfsdfsdfdsfsdf:0:0'),(265,'sdfsf:2:0:0'),(266,'sdfsf:0'),(267,'sdfsf:1'),(268,'sdfsf:2'),(269,'c1:0'),(270,'c1:1'),(271,'c1:2'),(272,'c1:3'),(273,'c1:0'),(274,'c1:1'),(275,'c1:2'),(276,'c1:3'),(277,'c1:0'),(278,'c1:1'),(279,'c1:2'),(280,'c1:3'),(281,'c1:0'),(282,'c1:1'),(283,'c1:2'),(284,'c1:3'),(285,'c:0'),(286,'c:1'),(287,'c:2'),(288,'c:3'),(289,'c:0'),(290,'c:1'),(291,'c:2'),(292,'c:3'),(293,'c:0'),(294,'c:1'),(295,'c:2'),(296,'c:3'),(297,'c:0'),(298,'c:1'),(299,'c:2'),(300,'c:3'),(301,'c:0'),(302,'c:1'),(303,'c:2'),(304,'c:3'),(305,'Pneumatikzylinder:0'),(306,'Pneumatikzylinder:1'),(307,'Pneumatikzylinder:2'),(308,'Pneumatikzylinder:3'),(309,'Pneumatikzylinder:4'),(310,'Pneumatikzylinder:0:0'),(311,'Pneumatikzylinder:0:1'),(312,'Pneumatikzylinder:0:2'),(313,'Pneumatikzylinder:0:3'),(314,'Pneumatikzylinder:0:4'),(315,'Pneumatikzylinder:0:0'),(316,'Pneumatikzylinder:0:1'),(317,'Pneumatikzylinder:0:2'),(318,'Pneumatikzylinder:0:3'),(319,'Pneumatikzylinder:0:4'),(320,'Pneumatikzylinder:0:0'),(321,'Pneumatikzylinder:0:1'),(322,'Pneumatikzylinder:0:2'),(323,'Pneumatikzylinder:0:3'),(324,'Pneumatikzylinder:0:4'),(325,'Pneumatikzylinder:0:0'),(326,'Pneumatikzylinder:0:1'),(327,'Pneumatikzylinder:0:2'),(328,'Pneumatikzylinder:0:3'),(329,'Pneumatikzylinder:0:4'),(330,'Pneumatikzylinder:0:0'),(331,'Pneumatikzylinder:0:1'),(332,'Pneumatikzylinder:0:2'),(333,'Pneumatikzylinder:0:3'),(334,'Pneumatikzylinder:0:4'),(335,'Pneumatikzylinder:0:0'),(336,'Pneumatikzylinder:0:1'),(337,'Pneumatikzylinder:0:2'),(338,'Pneumatikzylinder:0:3'),(339,'Pneumatikzylinder:0:4');
/*!40000 ALTER TABLE `Component` ENABLE KEYS */;
UNLOCK TABLES;

--
-- Table structure for table `Operation`
--

DROP TABLE IF EXISTS `Operation`;
/*!40101 SET @saved_cs_client     = @@character_set_client */;
/*!40101 SET character_set_client = utf8 */;
CREATE TABLE `Operation` (
  `id` int(11) NOT NULL AUTO_INCREMENT,
  `name` varchar(255) NOT NULL,
  PRIMARY KEY (`id`)
) ENGINE=InnoDB AUTO_INCREMENT=432 DEFAULT CHARSET=utf8;
/*!40101 SET character_set_client = @saved_cs_client */;

--
-- Dumping data for table `Operation`
--

LOCK TABLES `Operation` WRITE;
/*!40000 ALTER TABLE `Operation` DISABLE KEYS */;
INSERT INTO `Operation` VALUES (1,'A'),(2,'B'),(3,'C'),(4,'D'),(5,'A'),(6,'B'),(7,'C'),(8,'D'),(9,'A'),(10,'B'),(11,'C'),(12,'D'),(13,'fixed in Registration omdule'),(14,'o1'),(15,'o2'),(16,'o3'),(17,'fixed in Registration omdule'),(18,'o1'),(19,'o2'),(20,'o3'),(21,'fixed in Registration omdule'),(22,'o1'),(23,'o2'),(24,'o3'),(25,'fixed in Registration omdule'),(26,'o1'),(27,'o2'),(28,'o3'),(29,'fixed in Registration omdule'),(30,'o1'),(31,'o2'),(32,'o3'),(33,'fixed in Registration omdule'),(34,'o1'),(35,'o2'),(36,'o3'),(37,'fixed in Registration omdule'),(38,'o1'),(39,'o2'),(40,'o3'),(41,'fixed in Registration omdule'),(42,'fixed in Registration omdule'),(43,'asasf'),(44,'sdfsdf'),(45,'sdfsdf'),(46,'sdfds'),(47,'sdfsdffff'),(48,'eweee'),(49,'wwww'),(50,'fixed in Registration omdule'),(51,'o1'),(52,'o2'),(53,'o3'),(54,'fixed in Registration omdule'),(55,'o1'),(56,'o2'),(57,'o3'),(58,'fixed in Registration omdule'),(59,'o1'),(60,'o2'),(61,'o3'),(62,'fixed in Registration omdule'),(63,'o1'),(64,'o2'),(65,'o3'),(66,'fixed in Registration omdule'),(67,'o1'),(68,'o2'),(69,'o3'),(70,'fixed in Registration omdule'),(71,'o1'),(72,'o2'),(73,'o3'),(74,'fixed in Registration omdule'),(75,'o1'),(76,'o2'),(77,'o3'),(78,'fixed in Registration omdule'),(79,'o1'),(80,'o2'),(81,'o3'),(82,'fixed in Registration omdule'),(83,'o1'),(84,'o2'),(85,'o3'),(86,'fixed in Registration omdule'),(87,'o1'),(88,'o2'),(89,'o3'),(90,'fixed in Registration omdule'),(91,'o1'),(92,'o2'),(93,'o3'),(94,'fixed in Registration omdule'),(95,'o1'),(96,'o2'),(97,'o3'),(98,'fixed in Registration omdule'),(99,'o1'),(100,'o2'),(101,'o3'),(102,'fixed in Registration omdule'),(103,'o1'),(104,'o2'),(105,'o3'),(106,'fixed in Registration omdule'),(107,'o1'),(108,'o2'),(109,'o3'),(110,'fixed in Registration omdule'),(111,'o1'),(112,'o2'),(113,'o3'),(114,'fixed in Registration omdule'),(115,'o1'),(116,'o2'),(117,'o3'),(118,'fixed in Registration omdule'),(119,'o1'),(120,'o2'),(121,'o3'),(122,'fixed in Registration omdule'),(123,'o1'),(124,'o2'),(125,'o3'),(126,'fixed in Registration omdule'),(127,'o1'),(128,'o2'),(129,'o3'),(130,'fixed in Registration omdule'),(131,'o1'),(132,'o2'),(133,'o3'),(134,'fixed in Registration omdule'),(135,'o1'),(136,'o2'),(137,'o3'),(138,'fixed in Registration omdule'),(139,'o1'),(140,'o2'),(141,'o3'),(142,'op1'),(143,'op2'),(144,'op3'),(145,'op4'),(146,'op5'),(147,'op6'),(148,'q1'),(149,'w1'),(150,'op1'),(151,'op2'),(152,'op3'),(153,'op4'),(154,'op5'),(155,'op6'),(156,'fixed in Registration omdule'),(157,'2'),(158,'3'),(159,'fixed in Registration omdule'),(160,'dsf'),(161,'fixed in Registration omdule'),(162,'dfg'),(163,'fixed in Registration omdule'),(164,'op1'),(165,'op2'),(166,'op3'),(167,'op4'),(168,'op5'),(169,'op6'),(170,'op1'),(171,'op2'),(172,'op3'),(173,'op4'),(174,'op5'),(175,'op6'),(176,'fixed in Registration omdule'),(177,'o1'),(178,'o2'),(179,'o3'),(180,'fixed in Registration omdule'),(181,'o1'),(182,'o2'),(183,'o3'),(184,'op1'),(185,'op2'),(186,'op3'),(187,'op4'),(188,'op5'),(189,'op6'),(190,'fixed in Registration omdule'),(191,'o1'),(192,'o2'),(193,'o3'),(194,'op1'),(195,'op2'),(196,'op3'),(197,'op4'),(198,'op5'),(199,'op6'),(200,'op1'),(201,'op2'),(202,'op3'),(203,'op4'),(204,'op5'),(205,'op6'),(206,'fixed in Registration omdule'),(207,'2'),(208,'3'),(209,'4'),(210,'fixed in Registration omdule'),(211,'2'),(212,'3'),(213,'4'),(214,'op1'),(215,'op2'),(216,'op3'),(217,'op4'),(218,'op5'),(219,'op6'),(220,'op1'),(221,'op2'),(222,'op3'),(223,'op4'),(224,'op5'),(225,'op6'),(226,'op1'),(227,'op2'),(228,'op3'),(229,'op4'),(230,'op5'),(231,'op6'),(232,'op1'),(233,'op2'),(234,'op3'),(235,'op4'),(236,'op5'),(237,'op6'),(238,'fixed in Registration omdule'),(239,'2'),(240,'3'),(241,'4'),(242,'fixed in Registration omdule'),(243,'2'),(244,'3'),(245,'4'),(246,'fixed in Registration omdule'),(247,'asd'),(248,'dsd'),(249,'sd'),(250,'op1'),(251,'op2'),(252,'op3'),(253,'op4'),(254,'op5'),(255,'op6'),(256,'fixed in Registration omdule'),(257,'a'),(258,'d'),(259,'f'),(260,'g'),(261,'o1'),(262,'o2'),(263,'o3'),(264,'o4'),(265,'o1'),(266,'o2'),(267,'o3'),(268,'o4'),(269,'op1'),(270,'op2'),(271,'op3'),(272,'op4'),(273,'op5'),(274,'op6'),(275,'op1'),(276,'op2'),(277,'op3'),(278,'op4'),(279,'op5'),(280,'op6'),(281,'op1'),(282,'op2'),(283,'op3'),(284,'op4'),(285,'op5'),(286,'op6'),(287,'op1'),(288,'op2'),(289,'op3'),(290,'op4'),(291,'op5'),(292,'op6'),(293,'op1'),(294,'op2'),(295,'op3'),(296,'op4'),(297,'op5'),(298,'op6'),(299,'op1'),(300,'op2'),(301,'op3'),(302,'op4'),(303,'op5'),(304,'op6'),(305,'o1'),(306,'o2'),(307,'o3'),(308,'o4'),(309,'o5'),(310,'o6'),(311,'fixed in Registration omdule'),(312,'1'),(313,'2'),(314,'3'),(315,'fixed in Registration omdule'),(316,'3'),(317,'e'),(318,'fixed in Registration omdule'),(319,'sdf'),(320,'fds'),(321,'sdf'),(322,'f'),(323,'dsf'),(324,'fixed in Registration omdule'),(325,'sdf'),(326,'fds'),(327,'sdf'),(328,'f'),(329,'dsf'),(330,'fixed in Registration omdule'),(331,'sdf'),(332,'fds'),(333,'sdf'),(334,'f'),(335,'dsf'),(336,'sdf'),(337,'fds'),(338,'sdf'),(339,'f'),(340,'dsf'),(341,'qwqwqwqwqw'),(342,'sdf'),(343,'fds'),(344,'sdf'),(345,'f'),(346,'dsf'),(347,'qwqwqwqwqw'),(348,'fixed in Registration omdule'),(349,'sdf'),(350,'fds'),(351,'sdf'),(352,'f'),(353,'dsf'),(354,'0'),(355,'1'),(356,'2'),(357,'3'),(358,'0'),(359,'1'),(360,'2'),(361,'3'),(362,'0'),(363,'1'),(364,'2'),(365,'3'),(366,'0'),(367,'1'),(368,'2'),(369,'3'),(370,'0'),(371,'1'),(372,'2'),(373,'3'),(374,'0'),(375,'1'),(376,'2'),(377,'3'),(378,'0'),(379,'1'),(380,'2'),(381,'3'),(382,'0'),(383,'1'),(384,'2'),(385,'3'),(386,'0'),(387,'1'),(388,'2'),(389,'3'),(390,'UBG1 montieren'),(391,'UBG2 montieren'),(392,'UBG3 montieren'),(393,'Gehaeuse montieren'),(394,'Boden montieren'),(395,'Deckel montieren'),(396,'UBG1 montieren'),(397,'UBG2 montieren'),(398,'UBG3 montieren'),(399,'Gehaeuse montieren'),(400,'Boden montieren'),(401,'Deckel montieren'),(402,'UBG1 montieren'),(403,'UBG2 montieren'),(404,'UBG3 montieren'),(405,'Gehaeuse montieren'),(406,'Boden montieren'),(407,'Deckel montieren'),(408,'UBG1 montieren'),(409,'UBG2 montieren'),(410,'UBG3 montieren'),(411,'Gehaeuse montieren'),(412,'Boden montieren'),(413,'Deckel montieren'),(414,'UBG1 montieren'),(415,'UBG2 montieren'),(416,'UBG3 montieren'),(417,'Gehaeuse montieren'),(418,'Boden montieren'),(419,'Deckel montieren'),(420,'UBG1 montieren'),(421,'UBG2 montieren'),(422,'UBG3 montieren'),(423,'Gehaeuse montieren'),(424,'Boden montieren'),(425,'Deckel montieren'),(426,'UBG1 montieren'),(427,'UBG2 montieren'),(428,'UBG3 montieren'),(429,'Gehaeuse montieren'),(430,'Boden montieren'),(431,'Deckel montieren');
/*!40000 ALTER TABLE `Operation` ENABLE KEYS */;
UNLOCK TABLES;

--
-- Table structure for table `SimulationAssemblyMap`
--

DROP TABLE IF EXISTS `SimulationAssemblyMap`;
/*!40101 SET @saved_cs_client     = @@character_set_client */;
/*!40101 SET character_set_client = utf8 */;
CREATE TABLE `SimulationAssemblyMap` (
  `simulation_id` int(11) NOT NULL,
  `assembly_id` int(11) NOT NULL,
  `url` varchar(255) DEFAULT NULL,
  KEY `fk_SimulationAssemblyMap_1` (`assembly_id`),
  KEY `fk_SimulationAssemblyMap_2_idx` (`simulation_id`),
  CONSTRAINT `fk_SimulationAssemblyMap_1` FOREIGN KEY (`assembly_id`) REFERENCES `Assembly` (`id`) ON DELETE CASCADE ON UPDATE CASCADE,
  CONSTRAINT `fk_SimulationAssemblyMap_2` FOREIGN KEY (`simulation_id`) REFERENCES `simulation` (`id`) ON DELETE CASCADE ON UPDATE CASCADE
) ENGINE=InnoDB DEFAULT CHARSET=utf8;
/*!40101 SET character_set_client = @saved_cs_client */;

--
-- Dumping data for table `SimulationAssemblyMap`
--

LOCK TABLES `SimulationAssemblyMap` WRITE;
/*!40000 ALTER TABLE `SimulationAssemblyMap` DISABLE KEYS */;
/*!40000 ALTER TABLE `SimulationAssemblyMap` ENABLE KEYS */;
UNLOCK TABLES;

--
-- Table structure for table `assemblyFailureData`
--

DROP TABLE IF EXISTS `assemblyFailureData`;
/*!40101 SET @saved_cs_client     = @@character_set_client */;
/*!40101 SET character_set_client = utf8 */;
CREATE TABLE `assemblyFailureData` (
  `simulationid` int(11) NOT NULL,
  `version` int(11) NOT NULL,
  `assemblyid` int(11) NOT NULL,
  `failureduration` int(11) DEFAULT NULL,
  `starttime` bigint(14) NOT NULL,
  `endtime` bigint(14) DEFAULT NULL,
  PRIMARY KEY (`simulationid`,`assemblyid`,`starttime`),
  KEY `fk_assemblyFailureData_1_idx` (`assemblyid`),
  CONSTRAINT `fk_assemblyFailureData_1` FOREIGN KEY (`assemblyid`) REFERENCES `Assembly` (`id`) ON DELETE CASCADE ON UPDATE CASCADE,
  CONSTRAINT `fk_assemblyFailureData_2` FOREIGN KEY (`simulationid`) REFERENCES `simulation` (`id`) ON DELETE CASCADE ON UPDATE CASCADE
) ENGINE=InnoDB DEFAULT CHARSET=latin1;
/*!40101 SET character_set_client = @saved_cs_client */;

--
-- Dumping data for table `assemblyFailureData`
--

LOCK TABLES `assemblyFailureData` WRITE;
/*!40000 ALTER TABLE `assemblyFailureData` DISABLE KEYS */;
/*!40000 ALTER TABLE `assemblyFailureData` ENABLE KEYS */;
UNLOCK TABLES;

--
-- Table structure for table `assembly_operation_mapping`
--

DROP TABLE IF EXISTS `assembly_operation_mapping`;
/*!40101 SET @saved_cs_client     = @@character_set_client */;
/*!40101 SET character_set_client = utf8 */;
CREATE TABLE `assembly_operation_mapping` (
  `assembly_id` int(11) NOT NULL,
  `operation_id` int(11) NOT NULL,
  `operation_time` int(11) NOT NULL,
  `status` varchar(255) NOT NULL,
  KEY `fk_assembly_operation_mapping_1` (`assembly_id`),
  KEY `fk_assembly_operation_mapping_2_idx` (`operation_id`),
  CONSTRAINT `fk_assembly_operation_mapping_1` FOREIGN KEY (`assembly_id`) REFERENCES `Assembly` (`id`) ON DELETE CASCADE ON UPDATE CASCADE,
  CONSTRAINT `fk_assembly_operation_mapping_2` FOREIGN KEY (`operation_id`) REFERENCES `Operation` (`id`) ON DELETE CASCADE ON UPDATE CASCADE
) ENGINE=InnoDB DEFAULT CHARSET=utf8;
/*!40101 SET character_set_client = @saved_cs_client */;

--
-- Dumping data for table `assembly_operation_mapping`
--

LOCK TABLES `assembly_operation_mapping` WRITE;
/*!40000 ALTER TABLE `assembly_operation_mapping` DISABLE KEYS */;
INSERT INTO `assembly_operation_mapping` VALUES (4,11,1,'free'),(4,9,1,'free'),(4,10,1,'free'),(5,12,1,'free'),(5,10,1,'free'),(15,37,20,'free'),(15,38,30,'free'),(16,38,23,'free'),(16,39,21,'free'),(16,40,20,'free'),(17,42,10,'free'),(17,43,10,'free'),(17,44,10,'free'),(17,45,10,'free'),(18,50,20,'free'),(18,51,30,'free'),(19,51,23,'free'),(19,52,21,'free'),(19,53,20,'free'),(20,54,20,'free'),(20,55,30,'free'),(21,55,23,'free'),(21,56,21,'free'),(21,57,20,'free'),(22,58,20,'free'),(22,59,30,'free'),(23,59,23,'free'),(23,60,21,'free'),(23,61,20,'free'),(24,62,20,'free'),(24,63,30,'free'),(25,63,23,'free'),(25,64,21,'free'),(25,65,20,'free'),(26,66,20,'free'),(26,67,30,'free'),(27,67,23,'free'),(27,68,21,'free'),(27,69,20,'free'),(28,70,20,'free'),(28,71,30,'free'),(29,71,23,'free'),(29,72,21,'free'),(29,73,20,'free'),(30,74,20,'free'),(30,75,30,'free'),(31,75,23,'free'),(31,76,21,'free'),(31,77,20,'free'),(32,78,20,'free'),(32,79,30,'free'),(33,79,23,'free'),(33,80,21,'free'),(33,81,20,'free'),(34,82,20,'free'),(34,83,30,'free'),(35,83,23,'free'),(35,84,21,'free'),(35,85,20,'free'),(36,86,20,'free'),(36,87,30,'free'),(37,87,23,'free'),(37,88,21,'free'),(37,89,20,'free'),(38,90,20,'free'),(38,91,30,'free'),(39,91,23,'free'),(39,92,21,'free'),(39,93,20,'free'),(40,94,20,'free'),(40,95,30,'free'),(41,95,23,'free'),(41,96,21,'free'),(41,97,20,'free'),(42,98,20,'free'),(42,99,30,'free'),(43,99,23,'free'),(43,100,21,'free'),(43,101,20,'free'),(44,102,20,'free'),(44,103,30,'free'),(45,103,23,'free'),(45,104,21,'free'),(45,105,20,'free'),(46,106,20,'free'),(46,107,30,'free'),(47,107,23,'free'),(47,108,21,'free'),(47,109,20,'free'),(48,110,20,'free'),(48,111,30,'free'),(49,111,23,'free'),(49,112,21,'free'),(49,113,20,'free'),(50,114,20,'free'),(50,115,30,'free'),(51,115,23,'free'),(51,116,21,'free'),(51,117,20,'free'),(52,118,20,'free'),(52,119,30,'free'),(53,119,23,'free'),(53,120,21,'free'),(53,121,20,'free'),(54,122,20,'free'),(54,123,30,'free'),(55,123,23,'free'),(55,124,21,'free'),(55,125,20,'free'),(56,126,20,'free'),(56,127,30,'free'),(57,127,23,'free'),(57,128,21,'free'),(57,129,20,'free'),(58,130,20,'free'),(58,131,30,'free'),(59,131,23,'free'),(59,132,21,'free'),(59,133,20,'free'),(60,134,20,'free'),(60,135,30,'free'),(61,135,23,'free'),(61,136,21,'free'),(61,137,20,'free'),(62,138,20,'free'),(62,139,30,'free'),(63,139,23,'free'),(63,140,21,'free'),(63,141,20,'free'),(64,142,18,'free'),(65,143,18,'free'),(65,144,6,'free'),(66,144,6,'free'),(67,145,8,'free'),(68,146,30,'free'),(68,147,37,'free'),(69,146,30,'free'),(69,147,37,'free'),(70,148,10,'free'),(70,149,10,'free'),(71,150,18,'free'),(72,151,18,'free'),(72,152,6,'free'),(73,152,6,'free'),(74,153,8,'free'),(75,154,30,'free'),(75,155,37,'free'),(76,154,30,'free'),(76,155,37,'free'),(77,156,10,'free'),(77,157,10,'free'),(77,158,10,'free'),(78,159,10,'free'),(78,160,10,'free'),(79,161,10,'free'),(79,162,10,'free'),(79,161,10,'free'),(80,164,18,'free'),(81,165,18,'free'),(81,166,6,'free'),(82,166,6,'free'),(83,167,8,'free'),(84,168,30,'free'),(84,169,37,'free'),(85,168,30,'free'),(85,169,37,'free'),(86,170,18,'free'),(87,171,18,'free'),(87,172,6,'free'),(88,172,6,'free'),(89,173,8,'free'),(90,174,30,'free'),(90,175,37,'free'),(91,174,30,'free'),(91,175,37,'free'),(92,176,20,'free'),(92,177,30,'free'),(93,177,23,'free'),(93,178,21,'free'),(93,179,20,'free'),(94,180,20,'free'),(94,181,30,'free'),(95,181,23,'free'),(95,182,21,'free'),(95,183,20,'free'),(96,184,18,'free'),(97,185,18,'free'),(97,186,6,'free'),(98,186,6,'free'),(99,187,8,'free'),(100,188,30,'free'),(100,189,37,'free'),(101,188,30,'free'),(101,189,37,'free'),(102,190,20,'free'),(102,191,30,'free'),(103,191,23,'free'),(103,192,21,'free'),(103,193,20,'free'),(104,194,18,'free'),(105,195,18,'free'),(105,196,6,'free'),(106,196,6,'free'),(107,197,8,'free'),(108,198,30,'free'),(108,199,37,'free'),(109,198,30,'free'),(109,199,37,'free'),(110,200,18,'free'),(111,201,18,'free'),(111,202,6,'free'),(112,202,6,'free'),(113,203,8,'free'),(114,204,30,'free'),(114,205,37,'free'),(115,204,30,'free'),(115,205,37,'free'),(116,207,21,'free'),(116,208,32,'free'),(117,207,23,'free'),(117,208,24,'free'),(117,209,25,'free'),(118,211,21,'free'),(118,212,32,'free'),(119,211,23,'free'),(119,212,24,'free'),(119,213,25,'free'),(120,214,18,'free'),(121,215,18,'free'),(121,216,6,'free'),(122,216,6,'free'),(123,217,8,'free'),(124,218,30,'free'),(124,219,37,'free'),(125,218,30,'free'),(125,219,37,'free'),(126,220,18,'free'),(127,221,18,'free'),(127,222,6,'free'),(128,222,6,'free'),(129,224,30,'free'),(129,225,37,'free'),(130,224,30,'free'),(130,225,37,'free'),(131,223,8,'free'),(132,226,18,'free'),(133,227,18,'free'),(133,228,6,'free'),(134,228,6,'free'),(135,230,30,'free'),(135,231,37,'free'),(136,230,30,'free'),(136,231,37,'free'),(137,229,8,'free'),(138,232,18,'free'),(139,233,18,'free'),(139,234,6,'free'),(140,234,6,'free'),(141,236,30,'free'),(141,237,37,'free'),(142,236,30,'free'),(142,237,37,'free'),(143,235,8,'free'),(144,239,21,'free'),(144,240,32,'free'),(145,239,23,'free'),(145,240,24,'free'),(145,241,25,'free'),(146,243,21,'free'),(146,244,32,'free'),(147,243,23,'free'),(147,244,24,'free'),(147,245,25,'free'),(148,246,10,'free'),(148,247,10,'busy'),(148,248,10,'free'),(148,249,10,'free'),(148,246,10,'free'),(149,250,18,'free'),(150,251,18,'free'),(150,252,6,'free'),(151,252,6,'free'),(152,254,30,'free'),(152,255,37,'free'),(153,254,30,'free'),(153,255,37,'free'),(154,253,8,'free'),(155,259,10,'free'),(155,257,10,'free'),(155,258,10,'free'),(156,260,10,'free'),(156,259,10,'free'),(157,258,10,'free'),(158,261,10,'free'),(158,262,10,'free'),(159,264,10,'free'),(159,262,10,'free'),(159,263,10,'free'),(160,265,10,'free'),(160,266,10,'free'),(160,267,10,'free'),(161,265,10,'free'),(161,266,10,'free'),(162,265,10,'free'),(162,266,10,'free'),(162,267,10,'free'),(163,265,10,'free'),(163,267,10,'free'),(164,269,18,'free'),(165,270,18,'free'),(165,271,6,'free'),(166,271,6,'free'),(167,273,30,'free'),(167,274,37,'free'),(168,273,30,'free'),(168,274,37,'free'),(169,272,8,'free'),(170,275,18,'free'),(171,276,18,'free'),(171,277,6,'free'),(172,277,6,'free'),(173,279,30,'free'),(173,280,37,'free'),(174,279,30,'free'),(174,280,37,'free'),(175,278,8,'free'),(176,281,18,'free'),(177,282,18,'free'),(177,283,6,'free'),(178,283,6,'free'),(179,285,30,'free'),(179,286,37,'free'),(180,285,30,'free'),(180,286,37,'free'),(181,284,8,'free'),(182,287,18,'free'),(183,288,18,'free'),(183,289,6,'free'),(184,289,6,'free'),(185,291,30,'free'),(185,292,37,'free'),(186,291,30,'free'),(186,292,37,'free'),(187,290,8,'free'),(188,293,18,'free'),(189,294,18,'free'),(189,295,6,'free'),(190,295,6,'free'),(191,297,30,'free'),(191,298,37,'free'),(192,297,30,'free'),(192,298,37,'free'),(193,296,8,'free'),(194,299,18,'free'),(195,300,18,'free'),(195,301,6,'free'),(196,301,6,'free'),(197,303,30,'free'),(197,304,37,'free'),(198,303,30,'free'),(198,304,37,'free'),(199,302,8,'free'),(200,305,18,'free'),(201,306,18,'free'),(201,307,6,'free'),(202,307,6,'free'),(203,308,8,'free'),(204,309,30,'free'),(204,310,37,'free'),(205,309,30,'free'),(205,310,37,'free'),(206,311,10,'free'),(206,312,10,'free'),(207,315,10,'free'),(207,316,10,'free'),(207,317,10,'free'),(208,318,10,'free'),(208,319,10,'free'),(208,320,10,'free'),(208,321,10,'free'),(208,322,10,'free'),(208,323,10,'free'),(208,318,10,'free'),(208,319,10,'free'),(208,320,10,'free'),(208,321,10,'free'),(208,322,10,'free'),(208,323,10,'free'),(208,318,10,'free'),(208,319,10,'free'),(208,320,10,'free'),(208,321,10,'free'),(208,322,10,'free'),(208,323,10,'free'),(208,318,10,'free'),(208,319,10,'free'),(208,320,10,'free'),(208,321,10,'free'),(208,322,10,'free'),(208,323,10,'free'),(208,318,10,'free'),(208,319,10,'free'),(208,320,10,'free'),(208,321,10,'free'),(208,322,10,'free'),(208,323,10,'free'),(208,318,10,'free'),(208,319,10,'free'),(208,320,10,'free'),(208,321,10,'free'),(208,322,10,'free'),(208,323,10,'free'),(208,318,10,'free'),(208,319,10,'free'),(208,320,10,'free'),(208,321,10,'free'),(208,322,10,'free'),(208,323,10,'free'),(208,318,10,'free'),(208,319,10,'free'),(209,324,10,'free'),(209,325,10,'free'),(209,326,10,'free'),(209,327,10,'free'),(209,328,10,'free'),(209,329,10,'free'),(209,324,10,'free'),(209,325,10,'free'),(209,326,10,'free'),(209,327,10,'free'),(209,328,10,'free'),(209,329,10,'free'),(209,324,10,'free'),(209,325,10,'free'),(209,326,10,'free'),(209,327,10,'free'),(209,328,10,'free'),(209,329,10,'free'),(209,324,10,'free'),(209,325,10,'free'),(209,326,10,'free'),(209,327,10,'free'),(209,328,10,'free'),(209,329,10,'free'),(209,324,10,'free'),(209,325,10,'free'),(209,326,10,'free'),(209,327,10,'free'),(209,328,10,'free'),(209,329,10,'free'),(209,324,10,'free'),(209,325,10,'free'),(209,326,10,'free'),(209,327,10,'free'),(209,328,10,'free'),(209,329,10,'free'),(209,324,10,'free'),(209,325,10,'free'),(209,326,10,'free'),(209,327,10,'free'),(209,328,10,'free'),(209,329,10,'free'),(209,324,10,'free'),(209,325,10,'free'),(210,330,10,'free'),(210,331,10,'free'),(210,332,10,'free'),(210,333,10,'free'),(210,334,10,'free'),(210,335,10,'free'),(210,330,10,'free'),(210,331,10,'free'),(210,332,10,'free'),(210,333,10,'free'),(210,334,10,'free'),(210,335,10,'free'),(210,330,10,'free'),(210,331,10,'free'),(210,332,10,'free'),(210,333,10,'free'),(210,334,10,'free'),(210,335,10,'free'),(210,330,10,'free'),(210,331,10,'free'),(210,332,10,'free'),(210,333,10,'free'),(210,334,10,'free'),(210,335,10,'free'),(210,330,10,'free'),(210,331,10,'free'),(210,332,10,'free'),(210,333,10,'free'),(210,334,10,'free'),(210,335,10,'free'),(210,330,10,'free'),(210,331,10,'free'),(210,332,10,'free'),(210,333,10,'free'),(210,334,10,'free'),(210,335,10,'free'),(210,330,10,'free'),(210,331,10,'free'),(210,332,10,'free'),(210,333,10,'free'),(210,334,10,'free'),(210,335,10,'free'),(210,330,10,'free'),(210,331,10,'free'),(211,348,10,'free'),(211,349,10,'free'),(211,350,10,'free'),(211,351,10,'free'),(211,352,10,'free'),(211,353,10,'free'),(211,348,10,'free'),(211,349,10,'free'),(211,350,10,'free'),(211,351,10,'free'),(211,352,10,'free'),(211,353,10,'free'),(211,348,10,'free'),(211,349,10,'free'),(211,350,10,'free'),(211,351,10,'free'),(211,352,10,'free'),(211,353,10,'free'),(211,348,10,'free'),(211,349,10,'free'),(211,350,10,'free'),(211,351,10,'free'),(211,352,10,'free'),(211,353,10,'free'),(211,348,10,'free'),(211,349,10,'free'),(211,350,10,'free'),(211,351,10,'free'),(211,352,10,'free'),(211,353,10,'free'),(211,348,10,'free'),(211,349,10,'free'),(211,350,10,'free'),(211,351,10,'free'),(211,352,10,'free'),(211,353,10,'free'),(211,348,10,'free'),(211,349,10,'free'),(211,350,10,'free'),(211,351,10,'free'),(211,352,10,'free'),(211,353,10,'free'),(211,348,10,'free'),(211,349,10,'free'),(212,354,10,'free'),(212,355,10,'free'),(212,356,10,'free'),(212,357,10,'free'),(213,358,10,'free'),(213,359,10,'free'),(213,360,10,'free'),(213,361,10,'free'),(214,362,10,'free'),(214,363,10,'free'),(214,364,10,'free'),(214,365,10,'free'),(215,366,10,'free'),(215,367,10,'free'),(215,368,10,'free'),(215,369,10,'free'),(216,370,10,'free'),(216,371,10,'free'),(216,372,10,'free'),(216,373,10,'free'),(217,374,10,'free'),(217,375,10,'free'),(217,376,10,'free'),(217,377,10,'free'),(218,378,10,'free'),(218,379,10,'free'),(218,380,10,'free'),(218,381,10,'free'),(219,382,10,'free'),(219,383,10,'free'),(219,384,10,'free'),(219,385,10,'free'),(220,386,10,'free'),(220,387,10,'free'),(220,388,10,'free'),(220,389,10,'free'),(221,390,18,'free'),(222,391,18,'free'),(222,392,6,'free'),(223,392,6,'free'),(224,393,8,'free'),(225,394,30,'free'),(225,395,37,'free'),(226,394,30,'free'),(226,395,37,'free'),(227,396,18,'free'),(228,397,18,'free'),(228,398,6,'free'),(229,398,6,'free'),(230,399,8,'free'),(231,400,30,'free'),(231,401,37,'free'),(232,400,30,'free'),(232,401,37,'free'),(233,402,18,'free'),(234,403,18,'free'),(234,404,6,'free'),(235,404,6,'free'),(236,405,8,'free'),(237,406,30,'free'),(237,407,37,'free'),(238,406,30,'free'),(238,407,37,'free'),(239,408,18,'free'),(240,409,18,'free'),(240,410,6,'free'),(241,410,6,'free'),(242,411,8,'free'),(243,412,30,'free'),(243,413,37,'free'),(244,412,30,'free'),(244,413,37,'free'),(245,414,18,'free'),(246,415,18,'free'),(246,416,6,'free'),(247,416,6,'free'),(248,417,8,'free'),(249,418,30,'free'),(249,419,37,'free'),(250,418,30,'free'),(250,419,37,'free'),(251,420,18,'free'),(252,421,18,'free'),(252,422,6,'free'),(253,422,6,'free'),(254,423,8,'free'),(255,424,30,'free'),(255,425,37,'free'),(256,424,30,'free'),(256,425,37,'free'),(257,426,18,'free'),(258,427,18,'free'),(258,428,6,'free'),(259,428,6,'free'),(260,429,8,'free'),(261,430,30,'free'),(261,431,37,'free'),(262,430,30,'free'),(262,431,37,'free');
/*!40000 ALTER TABLE `assembly_operation_mapping` ENABLE KEYS */;
UNLOCK TABLES;

--
-- Table structure for table `component_operation_mapping`
--

DROP TABLE IF EXISTS `component_operation_mapping`;
/*!40101 SET @saved_cs_client     = @@character_set_client */;
/*!40101 SET character_set_client = utf8 */;
CREATE TABLE `component_operation_mapping` (
  `component_id` int(11) NOT NULL,
  `operation_id` int(11) NOT NULL,
  `sequence` int(11) NOT NULL,
  KEY `fk_component_operation_mapping_1` (`component_id`),
  KEY `fk_component_operation_mapping_2` (`operation_id`),
  CONSTRAINT `fk_component_operation_mapping_1` FOREIGN KEY (`component_id`) REFERENCES `Component` (`id`) ON DELETE CASCADE ON UPDATE CASCADE,
  CONSTRAINT `fk_component_operation_mapping_2` FOREIGN KEY (`operation_id`) REFERENCES `Operation` (`id`) ON DELETE CASCADE ON UPDATE CASCADE
) ENGINE=InnoDB DEFAULT CHARSET=utf8;
/*!40101 SET character_set_client = @saved_cs_client */;

--
-- Dumping data for table `component_operation_mapping`
--

LOCK TABLES `component_operation_mapping` WRITE;
/*!40000 ALTER TABLE `component_operation_mapping` DISABLE KEYS */;
INSERT INTO `component_operation_mapping` VALUES (1,1,1),(1,2,2),(1,3,3),(1,4,4),(1,2,1),(1,1,2),(1,3,3),(1,4,4),(2,3,1),(2,4,2),(2,4,1),(2,3,2),(3,5,1),(3,6,2),(3,7,3),(3,8,4),(3,6,1),(3,5,2),(3,7,3),(3,8,4),(4,7,1),(4,8,2),(4,8,1),(4,7,2),(5,9,1),(5,10,2),(5,11,3),(5,12,4),(5,10,1),(5,9,2),(5,11,3),(5,12,4),(6,11,1),(6,12,2),(6,12,1),(6,11,2),(7,14,1),(7,15,2),(7,16,3),(7,15,1),(7,14,2),(7,16,3),(8,13,1),(8,14,2),(8,14,1),(8,13,2),(9,18,1),(9,19,2),(9,20,3),(9,19,1),(9,18,2),(9,20,3),(10,17,1),(10,18,2),(10,18,1),(10,17,2),(11,22,1),(11,23,2),(11,24,3),(11,23,1),(11,22,2),(11,24,3),(12,21,1),(12,22,2),(12,22,1),(12,21,2),(13,26,1),(13,27,2),(13,28,3),(13,27,1),(13,26,2),(13,28,3),(14,25,1),(14,26,2),(14,26,1),(14,25,2),(15,30,1),(15,31,2),(15,32,3),(15,31,1),(15,30,2),(15,32,3),(16,29,1),(16,30,2),(16,30,1),(16,29,2),(17,34,1),(17,35,2),(17,36,3),(17,35,1),(17,34,2),(17,36,3),(18,33,1),(18,34,2),(18,34,1),(18,33,2),(19,38,1),(19,39,2),(19,40,3),(19,39,1),(19,38,2),(19,40,3),(20,37,1),(20,38,2),(20,38,1),(20,37,2),(21,41,1),(21,41,2),(21,41,3),(22,41,1),(22,41,2),(22,41,3),(23,41,1),(23,41,2),(23,41,3),(24,41,1),(24,41,2),(24,41,3),(25,41,1),(25,41,2),(25,41,3),(26,42,1),(26,43,2),(26,49,3),(26,43,1),(26,42,2),(26,49,3),(27,42,1),(27,43,2),(27,49,3),(27,43,1),(27,42,2),(27,49,3),(28,42,1),(28,43,2),(28,49,3),(28,43,1),(28,42,2),(28,49,3),(29,42,1),(29,43,2),(29,49,3),(29,43,1),(29,42,2),(29,49,3),(30,42,1),(30,43,2),(30,49,3),(30,43,1),(30,42,2),(30,49,3),(31,42,1),(31,43,2),(31,49,3),(31,43,1),(31,42,2),(31,49,3),(32,42,1),(32,43,2),(32,49,3),(32,43,1),(32,42,2),(32,49,3),(33,42,1),(33,43,2),(33,49,3),(33,43,1),(33,42,2),(33,49,3),(34,51,1),(34,52,2),(34,53,3),(34,52,1),(34,51,2),(34,53,3),(35,50,1),(35,51,2),(35,51,1),(35,50,2),(36,55,1),(36,56,2),(36,57,3),(36,56,1),(36,55,2),(36,57,3),(37,54,1),(37,55,2),(37,55,1),(37,54,2),(38,59,1),(38,60,2),(38,61,3),(38,60,1),(38,59,2),(38,61,3),(39,58,1),(39,59,2),(39,59,1),(39,58,2),(40,63,1),(40,64,2),(40,65,3),(40,64,1),(40,63,2),(40,65,3),(41,62,1),(41,63,2),(41,63,1),(41,62,2),(42,67,1),(42,68,2),(42,69,3),(42,68,1),(42,67,2),(42,69,3),(43,66,1),(43,67,2),(43,67,1),(43,66,2),(44,71,1),(44,72,2),(44,73,3),(44,72,1),(44,71,2),(44,73,3),(45,70,1),(45,71,2),(45,71,1),(45,70,2),(46,75,1),(46,76,2),(46,77,3),(46,76,1),(46,75,2),(46,77,3),(47,74,1),(47,75,2),(47,75,1),(47,74,2),(48,79,1),(48,80,2),(48,81,3),(48,80,1),(48,79,2),(48,81,3),(49,78,1),(49,79,2),(49,79,1),(49,78,2),(50,83,1),(50,84,2),(50,85,3),(50,84,1),(50,83,2),(50,85,3),(51,82,1),(51,83,2),(51,83,1),(51,82,2),(52,87,1),(52,88,2),(52,89,3),(52,88,1),(52,87,2),(52,89,3),(53,86,1),(53,87,2),(53,87,1),(53,86,2),(54,91,1),(54,92,2),(54,93,3),(54,92,1),(54,91,2),(54,93,3),(55,90,1),(55,91,2),(55,91,1),(55,90,2),(56,95,1),(56,96,2),(56,97,3),(56,96,1),(56,95,2),(56,97,3),(57,94,1),(57,95,2),(57,95,1),(57,94,2),(58,99,1),(58,100,2),(58,101,3),(58,100,1),(58,99,2),(58,101,3),(59,98,1),(59,99,2),(59,99,1),(59,98,2),(60,103,1),(60,104,2),(60,105,3),(60,104,1),(60,103,2),(60,105,3),(61,102,1),(61,103,2),(61,103,1),(61,102,2),(62,107,1),(62,108,2),(62,109,3),(62,108,1),(62,107,2),(62,109,3),(63,106,1),(63,107,2),(63,107,1),(63,106,2),(64,111,1),(64,112,2),(64,113,3),(64,112,1),(64,111,2),(64,113,3),(65,110,1),(65,111,2),(65,111,1),(65,110,2),(66,115,1),(66,116,2),(66,117,3),(66,116,1),(66,115,2),(66,117,3),(67,114,1),(67,115,2),(67,115,1),(67,114,2),(68,119,1),(68,120,2),(68,121,3),(68,120,1),(68,119,2),(68,121,3),(69,118,1),(69,119,2),(69,119,1),(69,118,2),(70,123,1),(70,124,2),(70,125,3),(70,124,1),(70,123,2),(70,125,3),(71,122,1),(71,123,2),(71,123,1),(71,122,2),(72,127,1),(72,128,2),(72,129,3),(72,128,1),(72,127,2),(72,129,3),(73,126,1),(73,127,2),(73,127,1),(73,126,2),(74,131,1),(74,132,2),(74,133,3),(74,132,1),(74,131,2),(74,133,3),(75,130,1),(75,131,2),(75,131,1),(75,130,2),(76,135,1),(76,136,2),(76,137,3),(76,136,1),(76,135,2),(76,137,3),(77,134,1),(77,135,2),(77,135,1),(77,134,2),(78,139,1),(78,140,2),(78,141,3),(78,140,1),(78,139,2),(78,141,3),(79,138,1),(79,139,2),(79,139,1),(79,138,2),(80,142,1),(80,143,2),(80,144,3),(80,145,4),(80,146,5),(80,147,6),(80,142,1),(80,143,2),(80,144,3),(80,145,4),(80,147,5),(80,146,6),(80,142,1),(80,143,2),(80,144,3),(80,146,4),(80,145,5),(80,147,6),(80,142,1),(80,143,2),(80,144,3),(80,147,4),(80,145,5),(80,146,6),(81,142,1),(81,143,2),(81,144,3),(81,145,4),(81,146,5),(81,147,6),(81,142,1),(81,143,2),(81,144,3),(81,145,4),(81,147,5),(81,146,6),(81,142,1),(81,143,2),(81,144,3),(81,146,4),(81,145,5),(81,147,6),(81,142,1),(81,143,2),(81,144,3),(81,147,4),(81,145,5),(81,146,6),(82,142,1),(82,143,2),(82,144,3),(82,145,4),(82,146,5),(82,147,6),(82,142,1),(82,143,2),(82,144,3),(82,145,4),(82,147,5),(82,146,6),(82,142,1),(82,143,2),(82,144,3),(82,146,4),(82,145,5),(82,147,6),(82,142,1),(82,143,2),(82,144,3),(82,147,4),(82,145,5),(82,146,6),(83,142,1),(83,143,2),(83,144,3),(83,145,4),(83,146,5),(83,147,6),(83,142,1),(83,143,2),(83,144,3),(83,145,4),(83,147,5),(83,146,6),(83,142,1),(83,143,2),(83,144,3),(83,146,4),(83,145,5),(83,147,6),(83,142,1),(83,143,2),(83,144,3),(83,147,4),(83,145,5),(83,146,6),(84,142,1),(84,143,2),(84,144,3),(84,145,4),(84,146,5),(84,147,6),(84,142,1),(84,143,2),(84,144,3),(84,145,4),(84,147,5),(84,146,6),(84,142,1),(84,143,2),(84,144,3),(84,146,4),(84,145,5),(84,147,6),(84,142,1),(84,143,2),(84,144,3),(84,147,4),(84,145,5),(84,146,6),(85,148,1),(85,149,2),(86,150,1),(86,151,2),(86,152,3),(86,153,4),(86,154,5),(86,155,6),(86,150,1),(86,151,2),(86,152,3),(86,153,4),(86,155,5),(86,154,6),(86,150,1),(86,151,2),(86,152,3),(86,154,4),(86,153,5),(86,155,6),(86,150,1),(86,151,2),(86,152,3),(86,155,4),(86,153,5),(86,154,6),(87,150,1),(87,151,2),(87,152,3),(87,153,4),(87,154,5),(87,155,6),(87,150,1),(87,151,2),(87,152,3),(87,153,4),(87,155,5),(87,154,6),(87,150,1),(87,151,2),(87,152,3),(87,154,4),(87,153,5),(87,155,6),(87,150,1),(87,151,2),(87,152,3),(87,155,4),(87,153,5),(87,154,6),(88,150,1),(88,151,2),(88,152,3),(88,153,4),(88,154,5),(88,155,6),(88,150,1),(88,151,2),(88,152,3),(88,153,4),(88,155,5),(88,154,6),(88,150,1),(88,151,2),(88,152,3),(88,154,4),(88,153,5),(88,155,6),(88,150,1),(88,151,2),(88,152,3),(88,155,4),(88,153,5),(88,154,6),(89,150,1),(89,151,2),(89,152,3),(89,153,4),(89,154,5),(89,155,6),(89,150,1),(89,151,2),(89,152,3),(89,153,4),(89,155,5),(89,154,6),(89,150,1),(89,151,2),(89,152,3),(89,154,4),(89,153,5),(89,155,6),(89,150,1),(89,151,2),(89,152,3),(89,155,4),(89,153,5),(89,154,6),(90,150,1),(90,151,2),(90,152,3),(90,153,4),(90,154,5),(90,155,6),(90,150,1),(90,151,2),(90,152,3),(90,153,4),(90,155,5),(90,154,6),(90,150,1),(90,151,2),(90,152,3),(90,154,4),(90,153,5),(90,155,6),(90,150,1),(90,151,2),(90,152,3),(90,155,4),(90,153,5),(90,154,6),(91,156,1),(91,157,2),(91,158,3),(91,157,1),(91,156,2),(91,158,3),(92,159,1),(92,160,2),(92,160,1),(92,159,2),(93,159,1),(93,160,2),(93,160,1),(93,159,2),(94,161,1),(94,162,2),(94,161,3),(95,164,1),(95,165,2),(95,166,3),(95,167,4),(95,168,5),(95,169,6),(95,164,1),(95,165,2),(95,166,3),(95,167,4),(95,169,5),(95,168,6),(95,164,1),(95,165,2),(95,166,3),(95,168,4),(95,167,5),(95,169,6),(95,164,1),(95,165,2),(95,166,3),(95,169,4),(95,167,5),(95,168,6),(96,164,1),(96,165,2),(96,166,3),(96,167,4),(96,168,5),(96,169,6),(96,164,1),(96,165,2),(96,166,3),(96,167,4),(96,169,5),(96,168,6),(96,164,1),(96,165,2),(96,166,3),(96,168,4),(96,167,5),(96,169,6),(96,164,1),(96,165,2),(96,166,3),(96,169,4),(96,167,5),(96,168,6),(97,164,1),(97,165,2),(97,166,3),(97,167,4),(97,168,5),(97,169,6),(97,164,1),(97,165,2),(97,166,3),(97,167,4),(97,169,5),(97,168,6),(97,164,1),(97,165,2),(97,166,3),(97,168,4),(97,167,5),(97,169,6),(97,164,1),(97,165,2),(97,166,3),(97,169,4),(97,167,5),(97,168,6),(98,164,1),(98,165,2),(98,166,3),(98,167,4),(98,168,5),(98,169,6),(98,164,1),(98,165,2),(98,166,3),(98,167,4),(98,169,5),(98,168,6),(98,164,1),(98,165,2),(98,166,3),(98,168,4),(98,167,5),(98,169,6),(98,164,1),(98,165,2),(98,166,3),(98,169,4),(98,167,5),(98,168,6),(99,164,1),(99,165,2),(99,166,3),(99,167,4),(99,168,5),(99,169,6),(99,164,1),(99,165,2),(99,166,3),(99,167,4),(99,169,5),(99,168,6),(99,164,1),(99,165,2),(99,166,3),(99,168,4),(99,167,5),(99,169,6),(99,164,1),(99,165,2),(99,166,3),(99,169,4),(99,167,5),(99,168,6),(100,170,1),(100,171,2),(100,172,3),(100,173,4),(100,174,5),(100,175,6),(100,170,1),(100,171,2),(100,172,3),(100,173,4),(100,175,5),(100,174,6),(100,170,1),(100,171,2),(100,172,3),(100,174,4),(100,173,5),(100,175,6),(100,170,1),(100,171,2),(100,172,3),(100,175,4),(100,173,5),(100,174,6),(101,170,1),(101,171,2),(101,172,3),(101,173,4),(101,174,5),(101,175,6),(101,170,1),(101,171,2),(101,172,3),(101,173,4),(101,175,5),(101,174,6),(101,170,1),(101,171,2),(101,172,3),(101,174,4),(101,173,5),(101,175,6),(101,170,1),(101,171,2),(101,172,3),(101,175,4),(101,173,5),(101,174,6),(102,170,1),(102,171,2),(102,172,3),(102,173,4),(102,174,5),(102,175,6),(102,170,1),(102,171,2),(102,172,3),(102,173,4),(102,175,5),(102,174,6),(102,170,1),(102,171,2),(102,172,3),(102,174,4),(102,173,5),(102,175,6),(102,170,1),(102,171,2),(102,172,3),(102,175,4),(102,173,5),(102,174,6),(103,170,1),(103,171,2),(103,172,3),(103,173,4),(103,174,5),(103,175,6),(103,170,1),(103,171,2),(103,172,3),(103,173,4),(103,175,5),(103,174,6),(103,170,1),(103,171,2),(103,172,3),(103,174,4),(103,173,5),(103,175,6),(103,170,1),(103,171,2),(103,172,3),(103,175,4),(103,173,5),(103,174,6),(104,170,1),(104,171,2),(104,172,3),(104,173,4),(104,174,5),(104,175,6),(104,170,1),(104,171,2),(104,172,3),(104,173,4),(104,175,5),(104,174,6),(104,170,1),(104,171,2),(104,172,3),(104,174,4),(104,173,5),(104,175,6),(104,170,1),(104,171,2),(104,172,3),(104,175,4),(104,173,5),(104,174,6),(105,177,1),(105,178,2),(105,179,3),(105,178,1),(105,177,2),(105,179,3),(106,176,1),(106,177,2),(106,177,1),(106,176,2),(107,181,1),(107,182,2),(107,183,3),(107,182,1),(107,181,2),(107,183,3),(108,180,1),(108,181,2),(108,181,1),(108,180,2),(109,184,1),(109,185,2),(109,186,3),(109,187,4),(109,188,5),(109,189,6),(109,184,1),(109,185,2),(109,186,3),(109,187,4),(109,189,5),(109,188,6),(109,184,1),(109,185,2),(109,186,3),(109,188,4),(109,187,5),(109,189,6),(109,184,1),(109,185,2),(109,186,3),(109,189,4),(109,187,5),(109,188,6),(110,184,1),(110,185,2),(110,186,3),(110,187,4),(110,188,5),(110,189,6),(110,184,1),(110,185,2),(110,186,3),(110,187,4),(110,189,5),(110,188,6),(110,184,1),(110,185,2),(110,186,3),(110,188,4),(110,187,5),(110,189,6),(110,184,1),(110,185,2),(110,186,3),(110,189,4),(110,187,5),(110,188,6),(111,184,1),(111,185,2),(111,186,3),(111,187,4),(111,188,5),(111,189,6),(111,184,1),(111,185,2),(111,186,3),(111,187,4),(111,189,5),(111,188,6),(111,184,1),(111,185,2),(111,186,3),(111,188,4),(111,187,5),(111,189,6),(111,184,1),(111,185,2),(111,186,3),(111,189,4),(111,187,5),(111,188,6),(112,184,1),(112,185,2),(112,186,3),(112,187,4),(112,188,5),(112,189,6),(112,184,1),(112,185,2),(112,186,3),(112,187,4),(112,189,5),(112,188,6),(112,184,1),(112,185,2),(112,186,3),(112,188,4),(112,187,5),(112,189,6),(112,184,1),(112,185,2),(112,186,3),(112,189,4),(112,187,5),(112,188,6),(113,184,1),(113,185,2),(113,186,3),(113,187,4),(113,188,5),(113,189,6),(113,184,1),(113,185,2),(113,186,3),(113,187,4),(113,189,5),(113,188,6),(113,184,1),(113,185,2),(113,186,3),(113,188,4),(113,187,5),(113,189,6),(113,184,1),(113,185,2),(113,186,3),(113,189,4),(113,187,5),(113,188,6),(114,191,1),(114,192,2),(114,193,3),(114,192,1),(114,191,2),(114,193,3),(115,190,1),(115,191,2),(115,191,1),(115,190,2),(116,194,1),(116,195,2),(116,196,3),(116,197,4),(116,198,5),(116,199,6),(116,194,1),(116,195,2),(116,196,3),(116,197,4),(116,199,5),(116,198,6),(116,194,1),(116,195,2),(116,196,3),(116,198,4),(116,197,5),(116,199,6),(116,194,1),(116,195,2),(116,196,3),(116,199,4),(116,197,5),(116,198,6),(117,194,1),(117,195,2),(117,196,3),(117,197,4),(117,198,5),(117,199,6),(117,194,1),(117,195,2),(117,196,3),(117,197,4),(117,199,5),(117,198,6),(117,194,1),(117,195,2),(117,196,3),(117,198,4),(117,197,5),(117,199,6),(117,194,1),(117,195,2),(117,196,3),(117,199,4),(117,197,5),(117,198,6),(118,194,1),(118,195,2),(118,196,3),(118,197,4),(118,198,5),(118,199,6),(118,194,1),(118,195,2),(118,196,3),(118,197,4),(118,199,5),(118,198,6),(118,194,1),(118,195,2),(118,196,3),(118,198,4),(118,197,5),(118,199,6),(118,194,1),(118,195,2),(118,196,3),(118,199,4),(118,197,5),(118,198,6),(119,194,1),(119,195,2),(119,196,3),(119,197,4),(119,198,5),(119,199,6),(119,194,1),(119,195,2),(119,196,3),(119,197,4),(119,199,5),(119,198,6),(119,194,1),(119,195,2),(119,196,3),(119,198,4),(119,197,5),(119,199,6),(119,194,1),(119,195,2),(119,196,3),(119,199,4),(119,197,5),(119,198,6),(120,194,1),(120,195,2),(120,196,3),(120,197,4),(120,198,5),(120,199,6),(120,194,1),(120,195,2),(120,196,3),(120,197,4),(120,199,5),(120,198,6),(120,194,1),(120,195,2),(120,196,3),(120,198,4),(120,197,5),(120,199,6),(120,194,1),(120,195,2),(120,196,3),(120,199,4),(120,197,5),(120,198,6),(121,200,1),(121,201,2),(121,202,3),(121,203,4),(121,204,5),(121,205,6),(121,200,1),(121,201,2),(121,202,3),(121,203,4),(121,205,5),(121,204,6),(121,200,1),(121,201,2),(121,202,3),(121,204,4),(121,203,5),(121,205,6),(121,200,1),(121,201,2),(121,202,3),(121,205,4),(121,203,5),(121,204,6),(122,200,1),(122,201,2),(122,202,3),(122,203,4),(122,204,5),(122,205,6),(122,200,1),(122,201,2),(122,202,3),(122,203,4),(122,205,5),(122,204,6),(122,200,1),(122,201,2),(122,202,3),(122,204,4),(122,203,5),(122,205,6),(122,200,1),(122,201,2),(122,202,3),(122,205,4),(122,203,5),(122,204,6),(123,200,1),(123,201,2),(123,202,3),(123,203,4),(123,204,5),(123,205,6),(123,200,1),(123,201,2),(123,202,3),(123,203,4),(123,205,5),(123,204,6),(123,200,1),(123,201,2),(123,202,3),(123,204,4),(123,203,5),(123,205,6),(123,200,1),(123,201,2),(123,202,3),(123,205,4),(123,203,5),(123,204,6),(124,200,1),(124,201,2),(124,202,3),(124,203,4),(124,204,5),(124,205,6),(124,200,1),(124,201,2),(124,202,3),(124,203,4),(124,205,5),(124,204,6),(124,200,1),(124,201,2),(124,202,3),(124,204,4),(124,203,5),(124,205,6),(124,200,1),(124,201,2),(124,202,3),(124,205,4),(124,203,5),(124,204,6),(125,200,1),(125,201,2),(125,202,3),(125,203,4),(125,204,5),(125,205,6),(125,200,1),(125,201,2),(125,202,3),(125,203,4),(125,205,5),(125,204,6),(125,200,1),(125,201,2),(125,202,3),(125,204,4),(125,203,5),(125,205,6),(125,200,1),(125,201,2),(125,202,3),(125,205,4),(125,203,5),(125,204,6),(126,200,1),(126,201,2),(126,202,3),(126,203,4),(126,204,5),(126,205,6),(126,200,1),(126,201,2),(126,202,3),(126,203,4),(126,205,5),(126,204,6),(126,200,1),(126,201,2),(126,202,3),(126,204,4),(126,203,5),(126,205,6),(126,200,1),(126,201,2),(126,202,3),(126,205,4),(126,203,5),(126,204,6),(127,200,1),(127,201,2),(127,202,3),(127,203,4),(127,204,5),(127,205,6),(127,200,1),(127,201,2),(127,202,3),(127,203,4),(127,205,5),(127,204,6),(127,200,1),(127,201,2),(127,202,3),(127,204,4),(127,203,5),(127,205,6),(127,200,1),(127,201,2),(127,202,3),(127,205,4),(127,203,5),(127,204,6),(128,200,1),(128,201,2),(128,202,3),(128,203,4),(128,204,5),(128,205,6),(128,200,1),(128,201,2),(128,202,3),(128,203,4),(128,205,5),(128,204,6),(128,200,1),(128,201,2),(128,202,3),(128,204,4),(128,203,5),(128,205,6),(128,200,1),(128,201,2),(128,202,3),(128,205,4),(128,203,5),(128,204,6),(129,200,1),(129,201,2),(129,202,3),(129,203,4),(129,204,5),(129,205,6),(129,200,1),(129,201,2),(129,202,3),(129,203,4),(129,205,5),(129,204,6),(129,200,1),(129,201,2),(129,202,3),(129,204,4),(129,203,5),(129,205,6),(129,200,1),(129,201,2),(129,202,3),(129,205,4),(129,203,5),(129,204,6),(130,200,1),(130,201,2),(130,202,3),(130,203,4),(130,204,5),(130,205,6),(130,200,1),(130,201,2),(130,202,3),(130,203,4),(130,205,5),(130,204,6),(130,200,1),(130,201,2),(130,202,3),(130,204,4),(130,203,5),(130,205,6),(130,200,1),(130,201,2),(130,202,3),(130,205,4),(130,203,5),(130,204,6),(131,207,1),(131,208,2),(131,208,1),(131,209,2),(131,206,1),(131,208,2),(132,207,1),(132,208,2),(132,208,1),(132,209,2),(132,206,1),(132,208,2),(133,211,1),(133,212,2),(133,212,1),(133,213,2),(133,210,1),(133,212,2),(134,211,1),(134,212,2),(134,212,1),(134,213,2),(134,210,1),(134,212,2),(135,214,1),(135,215,2),(135,216,3),(135,217,4),(135,218,5),(135,219,6),(135,214,1),(135,215,2),(135,216,3),(135,217,4),(135,219,5),(135,218,6),(135,214,1),(135,215,2),(135,216,3),(135,218,4),(135,217,5),(135,219,6),(135,214,1),(135,215,2),(135,216,3),(135,219,4),(135,217,5),(135,218,6),(136,214,1),(136,215,2),(136,216,3),(136,217,4),(136,218,5),(136,219,6),(136,214,1),(136,215,2),(136,216,3),(136,217,4),(136,219,5),(136,218,6),(136,214,1),(136,215,2),(136,216,3),(136,218,4),(136,217,5),(136,219,6),(136,214,1),(136,215,2),(136,216,3),(136,219,4),(136,217,5),(136,218,6),(137,214,1),(137,215,2),(137,216,3),(137,217,4),(137,218,5),(137,219,6),(137,214,1),(137,215,2),(137,216,3),(137,217,4),(137,219,5),(137,218,6),(137,214,1),(137,215,2),(137,216,3),(137,218,4),(137,217,5),(137,219,6),(137,214,1),(137,215,2),(137,216,3),(137,219,4),(137,217,5),(137,218,6),(138,214,1),(138,215,2),(138,216,3),(138,217,4),(138,218,5),(138,219,6),(138,214,1),(138,215,2),(138,216,3),(138,217,4),(138,219,5),(138,218,6),(138,214,1),(138,215,2),(138,216,3),(138,218,4),(138,217,5),(138,219,6),(138,214,1),(138,215,2),(138,216,3),(138,219,4),(138,217,5),(138,218,6),(139,214,1),(139,215,2),(139,216,3),(139,217,4),(139,218,5),(139,219,6),(139,214,1),(139,215,2),(139,216,3),(139,217,4),(139,219,5),(139,218,6),(139,214,1),(139,215,2),(139,216,3),(139,218,4),(139,217,5),(139,219,6),(139,214,1),(139,215,2),(139,216,3),(139,219,4),(139,217,5),(139,218,6),(140,220,1),(140,221,2),(140,222,3),(140,223,4),(140,224,5),(140,225,6),(140,220,1),(140,221,2),(140,222,3),(140,223,4),(140,225,5),(140,224,6),(140,220,1),(140,221,2),(140,222,3),(140,224,4),(140,223,5),(140,225,6),(140,220,1),(140,221,2),(140,222,3),(140,225,4),(140,223,5),(140,224,6),(141,220,1),(141,221,2),(141,222,3),(141,223,4),(141,224,5),(141,225,6),(141,220,1),(141,221,2),(141,222,3),(141,223,4),(141,225,5),(141,224,6),(141,220,1),(141,221,2),(141,222,3),(141,224,4),(141,223,5),(141,225,6),(141,220,1),(141,221,2),(141,222,3),(141,225,4),(141,223,5),(141,224,6),(142,220,1),(142,221,2),(142,222,3),(142,223,4),(142,224,5),(142,225,6),(142,220,1),(142,221,2),(142,222,3),(142,223,4),(142,225,5),(142,224,6),(142,220,1),(142,221,2),(142,222,3),(142,224,4),(142,223,5),(142,225,6),(142,220,1),(142,221,2),(142,222,3),(142,225,4),(142,223,5),(142,224,6),(143,220,1),(143,221,2),(143,222,3),(143,223,4),(143,224,5),(143,225,6),(143,220,1),(143,221,2),(143,222,3),(143,223,4),(143,225,5),(143,224,6),(143,220,1),(143,221,2),(143,222,3),(143,224,4),(143,223,5),(143,225,6),(143,220,1),(143,221,2),(143,222,3),(143,225,4),(143,223,5),(143,224,6),(144,220,1),(144,221,2),(144,222,3),(144,223,4),(144,224,5),(144,225,6),(144,220,1),(144,221,2),(144,222,3),(144,223,4),(144,225,5),(144,224,6),(144,220,1),(144,221,2),(144,222,3),(144,224,4),(144,223,5),(144,225,6),(144,220,1),(144,221,2),(144,222,3),(144,225,4),(144,223,5),(144,224,6),(145,226,1),(145,227,2),(145,228,3),(145,229,4),(145,230,5),(145,231,6),(145,226,1),(145,227,2),(145,228,3),(145,229,4),(145,231,5),(145,230,6),(145,226,1),(145,227,2),(145,228,3),(145,230,4),(145,229,5),(145,231,6),(145,226,1),(145,227,2),(145,228,3),(145,231,4),(145,229,5),(145,230,6),(146,226,1),(146,227,2),(146,228,3),(146,229,4),(146,230,5),(146,231,6),(146,226,1),(146,227,2),(146,228,3),(146,229,4),(146,231,5),(146,230,6),(146,226,1),(146,227,2),(146,228,3),(146,230,4),(146,229,5),(146,231,6),(146,226,1),(146,227,2),(146,228,3),(146,231,4),(146,229,5),(146,230,6),(147,226,1),(147,227,2),(147,228,3),(147,229,4),(147,230,5),(147,231,6),(147,226,1),(147,227,2),(147,228,3),(147,229,4),(147,231,5),(147,230,6),(147,226,1),(147,227,2),(147,228,3),(147,230,4),(147,229,5),(147,231,6),(147,226,1),(147,227,2),(147,228,3),(147,231,4),(147,229,5),(147,230,6),(148,226,1),(148,227,2),(148,228,3),(148,229,4),(148,230,5),(148,231,6),(148,226,1),(148,227,2),(148,228,3),(148,229,4),(148,231,5),(148,230,6),(148,226,1),(148,227,2),(148,228,3),(148,230,4),(148,229,5),(148,231,6),(148,226,1),(148,227,2),(148,228,3),(148,231,4),(148,229,5),(148,230,6),(149,226,1),(149,227,2),(149,228,3),(149,229,4),(149,230,5),(149,231,6),(149,226,1),(149,227,2),(149,228,3),(149,229,4),(149,231,5),(149,230,6),(149,226,1),(149,227,2),(149,228,3),(149,230,4),(149,229,5),(149,231,6),(149,226,1),(149,227,2),(149,228,3),(149,231,4),(149,229,5),(149,230,6),(150,232,1),(150,233,2),(150,234,3),(150,235,4),(150,236,5),(150,237,6),(150,232,1),(150,233,2),(150,234,3),(150,235,4),(150,237,5),(150,236,6),(150,232,1),(150,233,2),(150,234,3),(150,236,4),(150,235,5),(150,237,6),(150,232,1),(150,233,2),(150,234,3),(150,237,4),(150,235,5),(150,236,6),(151,232,1),(151,233,2),(151,234,3),(151,235,4),(151,236,5),(151,237,6),(151,232,1),(151,233,2),(151,234,3),(151,235,4),(151,237,5),(151,236,6),(151,232,1),(151,233,2),(151,234,3),(151,236,4),(151,235,5),(151,237,6),(151,232,1),(151,233,2),(151,234,3),(151,237,4),(151,235,5),(151,236,6),(152,232,1),(152,233,2),(152,234,3),(152,235,4),(152,236,5),(152,237,6),(152,232,1),(152,233,2),(152,234,3),(152,235,4),(152,237,5),(152,236,6),(152,232,1),(152,233,2),(152,234,3),(152,236,4),(152,235,5),(152,237,6),(152,232,1),(152,233,2),(152,234,3),(152,237,4),(152,235,5),(152,236,6),(153,232,1),(153,233,2),(153,234,3),(153,235,4),(153,236,5),(153,237,6),(153,232,1),(153,233,2),(153,234,3),(153,235,4),(153,237,5),(153,236,6),(153,232,1),(153,233,2),(153,234,3),(153,236,4),(153,235,5),(153,237,6),(153,232,1),(153,233,2),(153,234,3),(153,237,4),(153,235,5),(153,236,6),(154,232,1),(154,233,2),(154,234,3),(154,235,4),(154,236,5),(154,237,6),(154,232,1),(154,233,2),(154,234,3),(154,235,4),(154,237,5),(154,236,6),(154,232,1),(154,233,2),(154,234,3),(154,236,4),(154,235,5),(154,237,6),(154,232,1),(154,233,2),(154,234,3),(154,237,4),(154,235,5),(154,236,6),(155,239,1),(155,240,2),(155,240,1),(155,241,2),(155,238,1),(155,240,2),(156,239,1),(156,240,2),(156,240,1),(156,241,2),(156,238,1),(156,240,2),(157,243,1),(157,244,2),(157,244,1),(157,245,2),(157,242,1),(157,244,2),(158,243,1),(158,244,2),(158,244,1),(158,245,2),(158,242,1),(158,244,2),(159,246,1),(159,247,2),(159,248,3),(159,246,1),(159,248,2),(159,249,3),(160,246,1),(160,247,2),(160,248,3),(160,246,1),(160,248,2),(160,249,3),(161,246,1),(161,247,2),(161,248,3),(161,246,1),(161,248,2),(161,249,3),(162,246,1),(162,247,2),(162,248,3),(162,246,1),(162,248,2),(162,249,3),(163,246,1),(163,247,2),(163,248,3),(163,246,1),(163,248,2),(163,249,3),(164,250,1),(164,251,2),(164,252,3),(164,253,4),(164,254,5),(164,255,6),(164,250,1),(164,251,2),(164,252,3),(164,253,4),(164,255,5),(164,254,6),(164,250,1),(164,251,2),(164,252,3),(164,254,4),(164,253,5),(164,255,6),(164,250,1),(164,251,2),(164,252,3),(164,255,4),(164,253,5),(164,254,6),(165,250,1),(165,251,2),(165,252,3),(165,253,4),(165,254,5),(165,255,6),(165,250,1),(165,251,2),(165,252,3),(165,253,4),(165,255,5),(165,254,6),(165,250,1),(165,251,2),(165,252,3),(165,254,4),(165,253,5),(165,255,6),(165,250,1),(165,251,2),(165,252,3),(165,255,4),(165,253,5),(165,254,6),(166,250,1),(166,251,2),(166,252,3),(166,253,4),(166,254,5),(166,255,6),(166,250,1),(166,251,2),(166,252,3),(166,253,4),(166,255,5),(166,254,6),(166,250,1),(166,251,2),(166,252,3),(166,254,4),(166,253,5),(166,255,6),(166,250,1),(166,251,2),(166,252,3),(166,255,4),(166,253,5),(166,254,6),(167,250,1),(167,251,2),(167,252,3),(167,253,4),(167,254,5),(167,255,6),(167,250,1),(167,251,2),(167,252,3),(167,253,4),(167,255,5),(167,254,6),(167,250,1),(167,251,2),(167,252,3),(167,254,4),(167,253,5),(167,255,6),(167,250,1),(167,251,2),(167,252,3),(167,255,4),(167,253,5),(167,254,6),(168,250,1),(168,251,2),(168,252,3),(168,253,4),(168,254,5),(168,255,6),(168,250,1),(168,251,2),(168,252,3),(168,253,4),(168,255,5),(168,254,6),(168,250,1),(168,251,2),(168,252,3),(168,254,4),(168,253,5),(168,255,6),(168,250,1),(168,251,2),(168,252,3),(168,255,4),(168,253,5),(168,254,6),(169,257,1),(169,258,2),(169,259,3),(169,257,1),(169,258,2),(169,260,3),(170,257,1),(170,258,2),(170,259,3),(170,257,1),(170,258,2),(170,260,3),(171,257,1),(171,258,2),(171,259,3),(171,257,1),(171,258,2),(171,260,3),(172,261,1),(172,262,2),(172,263,3),(172,262,1),(172,261,2),(172,263,3),(172,263,1),(172,262,2),(172,261,3),(173,261,1),(173,262,2),(173,263,3),(173,262,1),(173,261,2),(173,263,3),(173,263,1),(173,262,2),(173,261,3),(174,265,1),(174,266,2),(174,267,3),(174,266,1),(174,265,2),(174,267,3),(174,267,1),(174,266,2),(174,265,3),(175,265,1),(175,266,2),(175,267,3),(175,266,1),(175,265,2),(175,267,3),(175,267,1),(175,266,2),(175,265,3),(176,265,1),(176,266,2),(176,267,3),(176,266,1),(176,265,2),(176,267,3),(176,267,1),(176,266,2),(176,265,3),(177,269,1),(177,270,2),(177,271,3),(177,272,4),(177,273,5),(177,274,6),(177,269,1),(177,270,2),(177,271,3),(177,272,4),(177,274,5),(177,273,6),(177,269,1),(177,270,2),(177,271,3),(177,273,4),(177,272,5),(177,274,6),(177,269,1),(177,270,2),(177,271,3),(177,274,4),(177,272,5),(177,273,6),(178,269,1),(178,270,2),(178,271,3),(178,272,4),(178,273,5),(178,274,6),(178,269,1),(178,270,2),(178,271,3),(178,272,4),(178,274,5),(178,273,6),(178,269,1),(178,270,2),(178,271,3),(178,273,4),(178,272,5),(178,274,6),(178,269,1),(178,270,2),(178,271,3),(178,274,4),(178,272,5),(178,273,6),(179,269,1),(179,270,2),(179,271,3),(179,272,4),(179,273,5),(179,274,6),(179,269,1),(179,270,2),(179,271,3),(179,272,4),(179,274,5),(179,273,6),(179,269,1),(179,270,2),(179,271,3),(179,273,4),(179,272,5),(179,274,6),(179,269,1),(179,270,2),(179,271,3),(179,274,4),(179,272,5),(179,273,6),(180,269,1),(180,270,2),(180,271,3),(180,272,4),(180,273,5),(180,274,6),(180,269,1),(180,270,2),(180,271,3),(180,272,4),(180,274,5),(180,273,6),(180,269,1),(180,270,2),(180,271,3),(180,273,4),(180,272,5),(180,274,6),(180,269,1),(180,270,2),(180,271,3),(180,274,4),(180,272,5),(180,273,6),(181,269,1),(181,270,2),(181,271,3),(181,272,4),(181,273,5),(181,274,6),(181,269,1),(181,270,2),(181,271,3),(181,272,4),(181,274,5),(181,273,6),(181,269,1),(181,270,2),(181,271,3),(181,273,4),(181,272,5),(181,274,6),(181,269,1),(181,270,2),(181,271,3),(181,274,4),(181,272,5),(181,273,6),(182,269,1),(182,270,2),(182,271,3),(182,272,4),(182,273,5),(182,274,6),(182,269,1),(182,270,2),(182,271,3),(182,272,4),(182,274,5),(182,273,6),(182,269,1),(182,270,2),(182,271,3),(182,273,4),(182,272,5),(182,274,6),(182,269,1),(182,270,2),(182,271,3),(182,274,4),(182,272,5),(182,273,6),(183,269,1),(183,270,2),(183,271,3),(183,272,4),(183,273,5),(183,274,6),(183,269,1),(183,270,2),(183,271,3),(183,272,4),(183,274,5),(183,273,6),(183,269,1),(183,270,2),(183,271,3),(183,273,4),(183,272,5),(183,274,6),(183,269,1),(183,270,2),(183,271,3),(183,274,4),(183,272,5),(183,273,6),(184,269,1),(184,270,2),(184,271,3),(184,272,4),(184,273,5),(184,274,6),(184,269,1),(184,270,2),(184,271,3),(184,272,4),(184,274,5),(184,273,6),(184,269,1),(184,270,2),(184,271,3),(184,273,4),(184,272,5),(184,274,6),(184,269,1),(184,270,2),(184,271,3),(184,274,4),(184,272,5),(184,273,6),(185,269,1),(185,270,2),(185,271,3),(185,272,4),(185,273,5),(185,274,6),(185,269,1),(185,270,2),(185,271,3),(185,272,4),(185,274,5),(185,273,6),(185,269,1),(185,270,2),(185,271,3),(185,273,4),(185,272,5),(185,274,6),(185,269,1),(185,270,2),(185,271,3),(185,274,4),(185,272,5),(185,273,6),(186,269,1),(186,270,2),(186,271,3),(186,272,4),(186,273,5),(186,274,6),(186,269,1),(186,270,2),(186,271,3),(186,272,4),(186,274,5),(186,273,6),(186,269,1),(186,270,2),(186,271,3),(186,273,4),(186,272,5),(186,274,6),(186,269,1),(186,270,2),(186,271,3),(186,274,4),(186,272,5),(186,273,6),(187,275,1),(187,276,2),(187,277,3),(187,278,4),(187,279,5),(187,280,6),(187,275,1),(187,276,2),(187,277,3),(187,278,4),(187,280,5),(187,279,6),(187,275,1),(187,276,2),(187,277,3),(187,279,4),(187,278,5),(187,280,6),(187,275,1),(187,276,2),(187,277,3),(187,280,4),(187,278,5),(187,279,6),(188,275,1),(188,276,2),(188,277,3),(188,278,4),(188,279,5),(188,280,6),(188,275,1),(188,276,2),(188,277,3),(188,278,4),(188,280,5),(188,279,6),(188,275,1),(188,276,2),(188,277,3),(188,279,4),(188,278,5),(188,280,6),(188,275,1),(188,276,2),(188,277,3),(188,280,4),(188,278,5),(188,279,6),(189,275,1),(189,276,2),(189,277,3),(189,278,4),(189,279,5),(189,280,6),(189,275,1),(189,276,2),(189,277,3),(189,278,4),(189,280,5),(189,279,6),(189,275,1),(189,276,2),(189,277,3),(189,279,4),(189,278,5),(189,280,6),(189,275,1),(189,276,2),(189,277,3),(189,280,4),(189,278,5),(189,279,6),(190,275,1),(190,276,2),(190,277,3),(190,278,4),(190,279,5),(190,280,6),(190,275,1),(190,276,2),(190,277,3),(190,278,4),(190,280,5),(190,279,6),(190,275,1),(190,276,2),(190,277,3),(190,279,4),(190,278,5),(190,280,6),(190,275,1),(190,276,2),(190,277,3),(190,280,4),(190,278,5),(190,279,6),(191,275,1),(191,276,2),(191,277,3),(191,278,4),(191,279,5),(191,280,6),(191,275,1),(191,276,2),(191,277,3),(191,278,4),(191,280,5),(191,279,6),(191,275,1),(191,276,2),(191,277,3),(191,279,4),(191,278,5),(191,280,6),(191,275,1),(191,276,2),(191,277,3),(191,280,4),(191,278,5),(191,279,6),(192,275,1),(192,276,2),(192,277,3),(192,278,4),(192,279,5),(192,280,6),(192,275,1),(192,276,2),(192,277,3),(192,278,4),(192,280,5),(192,279,6),(192,275,1),(192,276,2),(192,277,3),(192,279,4),(192,278,5),(192,280,6),(192,275,1),(192,276,2),(192,277,3),(192,280,4),(192,278,5),(192,279,6),(193,275,1),(193,276,2),(193,277,3),(193,278,4),(193,279,5),(193,280,6),(193,275,1),(193,276,2),(193,277,3),(193,278,4),(193,280,5),(193,279,6),(193,275,1),(193,276,2),(193,277,3),(193,279,4),(193,278,5),(193,280,6),(193,275,1),(193,276,2),(193,277,3),(193,280,4),(193,278,5),(193,279,6),(194,275,1),(194,276,2),(194,277,3),(194,278,4),(194,279,5),(194,280,6),(194,275,1),(194,276,2),(194,277,3),(194,278,4),(194,280,5),(194,279,6),(194,275,1),(194,276,2),(194,277,3),(194,279,4),(194,278,5),(194,280,6),(194,275,1),(194,276,2),(194,277,3),(194,280,4),(194,278,5),(194,279,6),(195,275,1),(195,276,2),(195,277,3),(195,278,4),(195,279,5),(195,280,6),(195,275,1),(195,276,2),(195,277,3),(195,278,4),(195,280,5),(195,279,6),(195,275,1),(195,276,2),(195,277,3),(195,279,4),(195,278,5),(195,280,6),(195,275,1),(195,276,2),(195,277,3),(195,280,4),(195,278,5),(195,279,6),(196,275,1),(196,276,2),(196,277,3),(196,278,4),(196,279,5),(196,280,6),(196,275,1),(196,276,2),(196,277,3),(196,278,4),(196,280,5),(196,279,6),(196,275,1),(196,276,2),(196,277,3),(196,279,4),(196,278,5),(196,280,6),(196,275,1),(196,276,2),(196,277,3),(196,280,4),(196,278,5),(196,279,6),(197,281,1),(197,282,2),(197,283,3),(197,284,4),(197,285,5),(197,286,6),(197,281,1),(197,282,2),(197,283,3),(197,284,4),(197,286,5),(197,285,6),(197,281,1),(197,282,2),(197,283,3),(197,285,4),(197,284,5),(197,286,6),(197,281,1),(197,282,2),(197,283,3),(197,286,4),(197,284,5),(197,285,6),(198,281,1),(198,282,2),(198,283,3),(198,284,4),(198,285,5),(198,286,6),(198,281,1),(198,282,2),(198,283,3),(198,284,4),(198,286,5),(198,285,6),(198,281,1),(198,282,2),(198,283,3),(198,285,4),(198,284,5),(198,286,6),(198,281,1),(198,282,2),(198,283,3),(198,286,4),(198,284,5),(198,285,6),(199,281,1),(199,282,2),(199,283,3),(199,284,4),(199,285,5),(199,286,6),(199,281,1),(199,282,2),(199,283,3),(199,284,4),(199,286,5),(199,285,6),(199,281,1),(199,282,2),(199,283,3),(199,285,4),(199,284,5),(199,286,6),(199,281,1),(199,282,2),(199,283,3),(199,286,4),(199,284,5),(199,285,6),(200,281,1),(200,282,2),(200,283,3),(200,284,4),(200,285,5),(200,286,6),(200,281,1),(200,282,2),(200,283,3),(200,284,4),(200,286,5),(200,285,6),(200,281,1),(200,282,2),(200,283,3),(200,285,4),(200,284,5),(200,286,6),(200,281,1),(200,282,2),(200,283,3),(200,286,4),(200,284,5),(200,285,6),(201,281,1),(201,282,2),(201,283,3),(201,284,4),(201,285,5),(201,286,6),(201,281,1),(201,282,2),(201,283,3),(201,284,4),(201,286,5),(201,285,6),(201,281,1),(201,282,2),(201,283,3),(201,285,4),(201,284,5),(201,286,6),(201,281,1),(201,282,2),(201,283,3),(201,286,4),(201,284,5),(201,285,6),(202,281,1),(202,282,2),(202,283,3),(202,284,4),(202,285,5),(202,286,6),(202,281,1),(202,282,2),(202,283,3),(202,284,4),(202,286,5),(202,285,6),(202,281,1),(202,282,2),(202,283,3),(202,285,4),(202,284,5),(202,286,6),(202,281,1),(202,282,2),(202,283,3),(202,286,4),(202,284,5),(202,285,6),(203,281,1),(203,282,2),(203,283,3),(203,284,4),(203,285,5),(203,286,6),(203,281,1),(203,282,2),(203,283,3),(203,284,4),(203,286,5),(203,285,6),(203,281,1),(203,282,2),(203,283,3),(203,285,4),(203,284,5),(203,286,6),(203,281,1),(203,282,2),(203,283,3),(203,286,4),(203,284,5),(203,285,6),(204,281,1),(204,282,2),(204,283,3),(204,284,4),(204,285,5),(204,286,6),(204,281,1),(204,282,2),(204,283,3),(204,284,4),(204,286,5),(204,285,6),(204,281,1),(204,282,2),(204,283,3),(204,285,4),(204,284,5),(204,286,6),(204,281,1),(204,282,2),(204,283,3),(204,286,4),(204,284,5),(204,285,6),(205,281,1),(205,282,2),(205,283,3),(205,284,4),(205,285,5),(205,286,6),(205,281,1),(205,282,2),(205,283,3),(205,284,4),(205,286,5),(205,285,6),(205,281,1),(205,282,2),(205,283,3),(205,285,4),(205,284,5),(205,286,6),(205,281,1),(205,282,2),(205,283,3),(205,286,4),(205,284,5),(205,285,6),(206,281,1),(206,282,2),(206,283,3),(206,284,4),(206,285,5),(206,286,6),(206,281,1),(206,282,2),(206,283,3),(206,284,4),(206,286,5),(206,285,6),(206,281,1),(206,282,2),(206,283,3),(206,285,4),(206,284,5),(206,286,6),(206,281,1),(206,282,2),(206,283,3),(206,286,4),(206,284,5),(206,285,6),(207,287,1),(207,288,2),(207,289,3),(207,290,4),(207,291,5),(207,292,6),(207,287,1),(207,288,2),(207,289,3),(207,290,4),(207,292,5),(207,291,6),(207,287,1),(207,288,2),(207,289,3),(207,291,4),(207,290,5),(207,292,6),(207,287,1),(207,288,2),(207,289,3),(207,292,4),(207,290,5),(207,291,6),(208,287,1),(208,288,2),(208,289,3),(208,290,4),(208,291,5),(208,292,6),(208,287,1),(208,288,2),(208,289,3),(208,290,4),(208,292,5),(208,291,6),(208,287,1),(208,288,2),(208,289,3),(208,291,4),(208,290,5),(208,292,6),(208,287,1),(208,288,2),(208,289,3),(208,292,4),(208,290,5),(208,291,6),(209,287,1),(209,288,2),(209,289,3),(209,290,4),(209,291,5),(209,292,6),(209,287,1),(209,288,2),(209,289,3),(209,290,4),(209,292,5),(209,291,6),(209,287,1),(209,288,2),(209,289,3),(209,291,4),(209,290,5),(209,292,6),(209,287,1),(209,288,2),(209,289,3),(209,292,4),(209,290,5),(209,291,6),(210,287,1),(210,288,2),(210,289,3),(210,290,4),(210,291,5),(210,292,6),(210,287,1),(210,288,2),(210,289,3),(210,290,4),(210,292,5),(210,291,6),(210,287,1),(210,288,2),(210,289,3),(210,291,4),(210,290,5),(210,292,6),(210,287,1),(210,288,2),(210,289,3),(210,292,4),(210,290,5),(210,291,6),(211,287,1),(211,288,2),(211,289,3),(211,290,4),(211,291,5),(211,292,6),(211,287,1),(211,288,2),(211,289,3),(211,290,4),(211,292,5),(211,291,6),(211,287,1),(211,288,2),(211,289,3),(211,291,4),(211,290,5),(211,292,6),(211,287,1),(211,288,2),(211,289,3),(211,292,4),(211,290,5),(211,291,6),(212,287,1),(212,288,2),(212,289,3),(212,290,4),(212,291,5),(212,292,6),(212,287,1),(212,288,2),(212,289,3),(212,290,4),(212,292,5),(212,291,6),(212,287,1),(212,288,2),(212,289,3),(212,291,4),(212,290,5),(212,292,6),(212,287,1),(212,288,2),(212,289,3),(212,292,4),(212,290,5),(212,291,6),(213,287,1),(213,288,2),(213,289,3),(213,290,4),(213,291,5),(213,292,6),(213,287,1),(213,288,2),(213,289,3),(213,290,4),(213,292,5),(213,291,6),(213,287,1),(213,288,2),(213,289,3),(213,291,4),(213,290,5),(213,292,6),(213,287,1),(213,288,2),(213,289,3),(213,292,4),(213,290,5),(213,291,6),(214,287,1),(214,288,2),(214,289,3),(214,290,4),(214,291,5),(214,292,6),(214,287,1),(214,288,2),(214,289,3),(214,290,4),(214,292,5),(214,291,6),(214,287,1),(214,288,2),(214,289,3),(214,291,4),(214,290,5),(214,292,6),(214,287,1),(214,288,2),(214,289,3),(214,292,4),(214,290,5),(214,291,6),(215,287,1),(215,288,2),(215,289,3),(215,290,4),(215,291,5),(215,292,6),(215,287,1),(215,288,2),(215,289,3),(215,290,4),(215,292,5),(215,291,6),(215,287,1),(215,288,2),(215,289,3),(215,291,4),(215,290,5),(215,292,6),(215,287,1),(215,288,2),(215,289,3),(215,292,4),(215,290,5),(215,291,6),(216,287,1),(216,288,2),(216,289,3),(216,290,4),(216,291,5),(216,292,6),(216,287,1),(216,288,2),(216,289,3),(216,290,4),(216,292,5),(216,291,6),(216,287,1),(216,288,2),(216,289,3),(216,291,4),(216,290,5),(216,292,6),(216,287,1),(216,288,2),(216,289,3),(216,292,4),(216,290,5),(216,291,6),(217,293,1),(217,294,2),(217,295,3),(217,296,4),(217,297,5),(217,298,6),(217,293,1),(217,294,2),(217,295,3),(217,296,4),(217,298,5),(217,297,6),(217,293,1),(217,294,2),(217,295,3),(217,297,4),(217,296,5),(217,298,6),(217,293,1),(217,294,2),(217,295,3),(217,298,4),(217,296,5),(217,297,6),(218,293,1),(218,294,2),(218,295,3),(218,296,4),(218,297,5),(218,298,6),(218,293,1),(218,294,2),(218,295,3),(218,296,4),(218,298,5),(218,297,6),(218,293,1),(218,294,2),(218,295,3),(218,297,4),(218,296,5),(218,298,6),(218,293,1),(218,294,2),(218,295,3),(218,298,4),(218,296,5),(218,297,6),(219,293,1),(219,294,2),(219,295,3),(219,296,4),(219,297,5),(219,298,6),(219,293,1),(219,294,2),(219,295,3),(219,296,4),(219,298,5),(219,297,6),(219,293,1),(219,294,2),(219,295,3),(219,297,4),(219,296,5),(219,298,6),(219,293,1),(219,294,2),(219,295,3),(219,298,4),(219,296,5),(219,297,6),(220,293,1),(220,294,2),(220,295,3),(220,296,4),(220,297,5),(220,298,6),(220,293,1),(220,294,2),(220,295,3),(220,296,4),(220,298,5),(220,297,6),(220,293,1),(220,294,2),(220,295,3),(220,297,4),(220,296,5),(220,298,6),(220,293,1),(220,294,2),(220,295,3),(220,298,4),(220,296,5),(220,297,6),(221,293,1),(221,294,2),(221,295,3),(221,296,4),(221,297,5),(221,298,6),(221,293,1),(221,294,2),(221,295,3),(221,296,4),(221,298,5),(221,297,6),(221,293,1),(221,294,2),(221,295,3),(221,297,4),(221,296,5),(221,298,6),(221,293,1),(221,294,2),(221,295,3),(221,298,4),(221,296,5),(221,297,6),(222,293,1),(222,294,2),(222,295,3),(222,296,4),(222,297,5),(222,298,6),(222,293,1),(222,294,2),(222,295,3),(222,296,4),(222,298,5),(222,297,6),(222,293,1),(222,294,2),(222,295,3),(222,297,4),(222,296,5),(222,298,6),(222,293,1),(222,294,2),(222,295,3),(222,298,4),(222,296,5),(222,297,6),(223,293,1),(223,294,2),(223,295,3),(223,296,4),(223,297,5),(223,298,6),(223,293,1),(223,294,2),(223,295,3),(223,296,4),(223,298,5),(223,297,6),(223,293,1),(223,294,2),(223,295,3),(223,297,4),(223,296,5),(223,298,6),(223,293,1),(223,294,2),(223,295,3),(223,298,4),(223,296,5),(223,297,6),(224,293,1),(224,294,2),(224,295,3),(224,296,4),(224,297,5),(224,298,6),(224,293,1),(224,294,2),(224,295,3),(224,296,4),(224,298,5),(224,297,6),(224,293,1),(224,294,2),(224,295,3),(224,297,4),(224,296,5),(224,298,6),(224,293,1),(224,294,2),(224,295,3),(224,298,4),(224,296,5),(224,297,6),(225,293,1),(225,294,2),(225,295,3),(225,296,4),(225,297,5),(225,298,6),(225,293,1),(225,294,2),(225,295,3),(225,296,4),(225,298,5),(225,297,6),(225,293,1),(225,294,2),(225,295,3),(225,297,4),(225,296,5),(225,298,6),(225,293,1),(225,294,2),(225,295,3),(225,298,4),(225,296,5),(225,297,6),(226,293,1),(226,294,2),(226,295,3),(226,296,4),(226,297,5),(226,298,6),(226,293,1),(226,294,2),(226,295,3),(226,296,4),(226,298,5),(226,297,6),(226,293,1),(226,294,2),(226,295,3),(226,297,4),(226,296,5),(226,298,6),(226,293,1),(226,294,2),(226,295,3),(226,298,4),(226,296,5),(226,297,6),(227,299,1),(227,300,2),(227,301,3),(227,302,4),(227,303,5),(227,304,6),(227,299,1),(227,300,2),(227,301,3),(227,302,4),(227,304,5),(227,303,6),(227,299,1),(227,300,2),(227,301,3),(227,303,4),(227,302,5),(227,304,6),(227,299,1),(227,300,2),(227,301,3),(227,304,4),(227,302,5),(227,303,6),(228,299,1),(228,300,2),(228,301,3),(228,302,4),(228,303,5),(228,304,6),(228,299,1),(228,300,2),(228,301,3),(228,302,4),(228,304,5),(228,303,6),(228,299,1),(228,300,2),(228,301,3),(228,303,4),(228,302,5),(228,304,6),(228,299,1),(228,300,2),(228,301,3),(228,304,4),(228,302,5),(228,303,6),(229,299,1),(229,300,2),(229,301,3),(229,302,4),(229,303,5),(229,304,6),(229,299,1),(229,300,2),(229,301,3),(229,302,4),(229,304,5),(229,303,6),(229,299,1),(229,300,2),(229,301,3),(229,303,4),(229,302,5),(229,304,6),(229,299,1),(229,300,2),(229,301,3),(229,304,4),(229,302,5),(229,303,6),(230,299,1),(230,300,2),(230,301,3),(230,302,4),(230,303,5),(230,304,6),(230,299,1),(230,300,2),(230,301,3),(230,302,4),(230,304,5),(230,303,6),(230,299,1),(230,300,2),(230,301,3),(230,303,4),(230,302,5),(230,304,6),(230,299,1),(230,300,2),(230,301,3),(230,304,4),(230,302,5),(230,303,6),(231,299,1),(231,300,2),(231,301,3),(231,302,4),(231,303,5),(231,304,6),(231,299,1),(231,300,2),(231,301,3),(231,302,4),(231,304,5),(231,303,6),(231,299,1),(231,300,2),(231,301,3),(231,303,4),(231,302,5),(231,304,6),(231,299,1),(231,300,2),(231,301,3),(231,304,4),(231,302,5),(231,303,6),(232,299,1),(232,300,2),(232,301,3),(232,302,4),(232,303,5),(232,304,6),(232,299,1),(232,300,2),(232,301,3),(232,302,4),(232,304,5),(232,303,6),(232,299,1),(232,300,2),(232,301,3),(232,303,4),(232,302,5),(232,304,6),(232,299,1),(232,300,2),(232,301,3),(232,304,4),(232,302,5),(232,303,6),(233,299,1),(233,300,2),(233,301,3),(233,302,4),(233,303,5),(233,304,6),(233,299,1),(233,300,2),(233,301,3),(233,302,4),(233,304,5),(233,303,6),(233,299,1),(233,300,2),(233,301,3),(233,303,4),(233,302,5),(233,304,6),(233,299,1),(233,300,2),(233,301,3),(233,304,4),(233,302,5),(233,303,6),(234,299,1),(234,300,2),(234,301,3),(234,302,4),(234,303,5),(234,304,6),(234,299,1),(234,300,2),(234,301,3),(234,302,4),(234,304,5),(234,303,6),(234,299,1),(234,300,2),(234,301,3),(234,303,4),(234,302,5),(234,304,6),(234,299,1),(234,300,2),(234,301,3),(234,304,4),(234,302,5),(234,303,6),(235,299,1),(235,300,2),(235,301,3),(235,302,4),(235,303,5),(235,304,6),(235,299,1),(235,300,2),(235,301,3),(235,302,4),(235,304,5),(235,303,6),(235,299,1),(235,300,2),(235,301,3),(235,303,4),(235,302,5),(235,304,6),(235,299,1),(235,300,2),(235,301,3),(235,304,4),(235,302,5),(235,303,6),(236,299,1),(236,300,2),(236,301,3),(236,302,4),(236,303,5),(236,304,6),(236,299,1),(236,300,2),(236,301,3),(236,302,4),(236,304,5),(236,303,6),(236,299,1),(236,300,2),(236,301,3),(236,303,4),(236,302,5),(236,304,6),(236,299,1),(236,300,2),(236,301,3),(236,304,4),(236,302,5),(236,303,6),(237,305,1),(237,306,2),(237,307,3),(237,308,4),(237,309,5),(237,310,6),(237,305,1),(237,306,2),(237,307,3),(237,308,4),(237,310,5),(237,309,6),(237,305,1),(237,306,2),(237,307,3),(237,309,4),(237,308,5),(237,310,6),(237,305,1),(237,306,2),(237,307,3),(237,310,4),(237,308,5),(237,309,6),(238,305,1),(238,306,2),(238,307,3),(238,308,4),(238,309,5),(238,310,6),(238,305,1),(238,306,2),(238,307,3),(238,308,4),(238,310,5),(238,309,6),(238,305,1),(238,306,2),(238,307,3),(238,309,4),(238,308,5),(238,310,6),(238,305,1),(238,306,2),(238,307,3),(238,310,4),(238,308,5),(238,309,6),(239,305,1),(239,306,2),(239,307,3),(239,308,4),(239,309,5),(239,310,6),(239,305,1),(239,306,2),(239,307,3),(239,308,4),(239,310,5),(239,309,6),(239,305,1),(239,306,2),(239,307,3),(239,309,4),(239,308,5),(239,310,6),(239,305,1),(239,306,2),(239,307,3),(239,310,4),(239,308,5),(239,309,6),(240,305,1),(240,306,2),(240,307,3),(240,308,4),(240,309,5),(240,310,6),(240,305,1),(240,306,2),(240,307,3),(240,308,4),(240,310,5),(240,309,6),(240,305,1),(240,306,2),(240,307,3),(240,309,4),(240,308,5),(240,310,6),(240,305,1),(240,306,2),(240,307,3),(240,310,4),(240,308,5),(240,309,6),(241,305,1),(241,306,2),(241,307,3),(241,308,4),(241,309,5),(241,310,6),(241,305,1),(241,306,2),(241,307,3),(241,308,4),(241,310,5),(241,309,6),(241,305,1),(241,306,2),(241,307,3),(241,309,4),(241,308,5),(241,310,6),(241,305,1),(241,306,2),(241,307,3),(241,310,4),(241,308,5),(241,309,6),(242,305,1),(242,306,2),(242,307,3),(242,308,4),(242,309,5),(242,310,6),(242,305,1),(242,306,2),(242,307,3),(242,308,4),(242,310,5),(242,309,6),(242,305,1),(242,306,2),(242,307,3),(242,309,4),(242,308,5),(242,310,6),(242,305,1),(242,306,2),(242,307,3),(242,310,4),(242,308,5),(242,309,6),(243,305,1),(243,306,2),(243,307,3),(243,308,4),(243,309,5),(243,310,6),(243,305,1),(243,306,2),(243,307,3),(243,308,4),(243,310,5),(243,309,6),(243,305,1),(243,306,2),(243,307,3),(243,309,4),(243,308,5),(243,310,6),(243,305,1),(243,306,2),(243,307,3),(243,310,4),(243,308,5),(243,309,6),(244,305,1),(244,306,2),(244,307,3),(244,308,4),(244,309,5),(244,310,6),(244,305,1),(244,306,2),(244,307,3),(244,308,4),(244,310,5),(244,309,6),(244,305,1),(244,306,2),(244,307,3),(244,309,4),(244,308,5),(244,310,6),(244,305,1),(244,306,2),(244,307,3),(244,310,4),(244,308,5),(244,309,6),(245,305,1),(245,306,2),(245,307,3),(245,308,4),(245,309,5),(245,310,6),(245,305,1),(245,306,2),(245,307,3),(245,308,4),(245,310,5),(245,309,6),(245,305,1),(245,306,2),(245,307,3),(245,309,4),(245,308,5),(245,310,6),(245,305,1),(245,306,2),(245,307,3),(245,310,4),(245,308,5),(245,309,6),(246,305,1),(246,306,2),(246,307,3),(246,308,4),(246,309,5),(246,310,6),(246,305,1),(246,306,2),(246,307,3),(246,308,4),(246,310,5),(246,309,6),(246,305,1),(246,306,2),(246,307,3),(246,309,4),(246,308,5),(246,310,6),(246,305,1),(246,306,2),(246,307,3),(246,310,4),(246,308,5),(246,309,6),(247,311,1),(248,311,1),(249,311,1),(250,315,1),(250,316,2),(250,317,3),(251,315,1),(251,316,2),(251,317,3),(252,315,1),(252,316,2),(252,317,3),(253,318,1),(253,319,2),(253,320,3),(253,318,1),(253,319,2),(253,320,3),(254,318,1),(254,319,2),(254,320,3),(254,318,1),(254,319,2),(254,320,3),(255,318,1),(255,319,2),(255,320,3),(255,318,1),(255,319,2),(255,320,3),(256,324,1),(256,325,2),(256,326,3),(256,324,1),(256,325,2),(256,326,3),(257,324,1),(257,325,2),(257,326,3),(257,324,1),(257,325,2),(257,326,3),(258,324,1),(258,325,2),(258,326,3),(258,324,1),(258,325,2),(258,326,3),(259,330,1),(259,331,2),(259,332,3),(259,330,1),(259,331,2),(259,332,3),(260,330,1),(260,331,2),(260,332,3),(260,330,1),(260,331,2),(260,332,3),(261,330,1),(261,331,2),(261,332,3),(261,330,1),(261,331,2),(261,332,3),(262,346,1),(262,342,2),(262,343,3),(262,344,1),(262,342,2),(262,343,3),(263,346,1),(263,342,2),(263,343,3),(263,344,1),(263,342,2),(263,343,3),(264,346,1),(264,342,2),(264,343,3),(264,344,1),(264,342,2),(264,343,3),(265,346,1),(265,342,2),(265,343,3),(265,344,1),(265,342,2),(265,343,3),(266,348,1),(266,349,2),(266,350,3),(266,348,1),(266,349,2),(266,350,3),(267,348,1),(267,349,2),(267,350,3),(267,348,1),(267,349,2),(267,350,3),(268,348,1),(268,349,2),(268,350,3),(268,348,1),(268,349,2),(268,350,3),(269,354,1),(269,355,2),(269,356,3),(269,355,1),(269,356,2),(269,357,3),(269,356,1),(269,355,2),(269,357,3),(270,354,1),(270,355,2),(270,356,3),(270,355,1),(270,356,2),(270,357,3),(270,356,1),(270,355,2),(270,357,3),(271,354,1),(271,355,2),(271,356,3),(271,355,1),(271,356,2),(271,357,3),(271,356,1),(271,355,2),(271,357,3),(272,354,1),(272,355,2),(272,356,3),(272,355,1),(272,356,2),(272,357,3),(272,356,1),(272,355,2),(272,357,3),(273,358,1),(273,359,2),(273,360,3),(273,359,1),(273,360,2),(273,361,3),(273,360,1),(273,359,2),(273,361,3),(274,358,1),(274,359,2),(274,360,3),(274,359,1),(274,360,2),(274,361,3),(274,360,1),(274,359,2),(274,361,3),(275,358,1),(275,359,2),(275,360,3),(275,359,1),(275,360,2),(275,361,3),(275,360,1),(275,359,2),(275,361,3),(276,358,1),(276,359,2),(276,360,3),(276,359,1),(276,360,2),(276,361,3),(276,360,1),(276,359,2),(276,361,3),(277,362,1),(277,363,2),(277,364,3),(277,363,1),(277,364,2),(277,365,3),(277,364,1),(277,363,2),(277,365,3),(278,362,1),(278,363,2),(278,364,3),(278,363,1),(278,364,2),(278,365,3),(278,364,1),(278,363,2),(278,365,3),(279,362,1),(279,363,2),(279,364,3),(279,363,1),(279,364,2),(279,365,3),(279,364,1),(279,363,2),(279,365,3),(280,362,1),(280,363,2),(280,364,3),(280,363,1),(280,364,2),(280,365,3),(280,364,1),(280,363,2),(280,365,3),(281,366,1),(281,367,2),(281,368,3),(281,367,1),(281,368,2),(281,369,3),(281,368,1),(281,367,2),(281,369,3),(282,366,1),(282,367,2),(282,368,3),(282,367,1),(282,368,2),(282,369,3),(282,368,1),(282,367,2),(282,369,3),(283,366,1),(283,367,2),(283,368,3),(283,367,1),(283,368,2),(283,369,3),(283,368,1),(283,367,2),(283,369,3),(284,366,1),(284,367,2),(284,368,3),(284,367,1),(284,368,2),(284,369,3),(284,368,1),(284,367,2),(284,369,3),(285,370,1),(285,371,2),(285,372,3),(285,373,4),(285,370,1),(285,373,2),(285,372,3),(285,371,4),(286,370,1),(286,371,2),(286,372,3),(286,373,4),(286,370,1),(286,373,2),(286,372,3),(286,371,4),(287,370,1),(287,371,2),(287,372,3),(287,373,4),(287,370,1),(287,373,2),(287,372,3),(287,371,4),(288,370,1),(288,371,2),(288,372,3),(288,373,4),(288,370,1),(288,373,2),(288,372,3),(288,371,4),(289,374,1),(289,375,2),(289,376,3),(289,377,4),(290,374,1),(290,375,2),(290,376,3),(290,377,4),(291,374,1),(291,375,2),(291,376,3),(291,377,4),(292,374,1),(292,375,2),(292,376,3),(292,377,4),(293,378,1),(293,379,2),(293,380,3),(293,381,4),(294,378,1),(294,379,2),(294,380,3),(294,381,4),(295,378,1),(295,379,2),(295,380,3),(295,381,4),(296,378,1),(296,379,2),(296,380,3),(296,381,4),(297,382,1),(297,383,2),(297,384,3),(297,385,4),(298,382,1),(298,383,2),(298,384,3),(298,385,4),(299,382,1),(299,383,2),(299,384,3),(299,385,4),(300,382,1),(300,383,2),(300,384,3),(300,385,4),(301,386,1),(301,387,2),(301,388,3),(301,389,4),(302,386,1),(302,387,2),(302,388,3),(302,389,4),(303,386,1),(303,387,2),(303,388,3),(303,389,4),(304,386,1),(304,387,2),(304,388,3),(304,389,4),(305,390,1),(305,391,2),(305,392,3),(305,393,4),(305,394,5),(305,395,6),(305,390,1),(305,391,2),(305,392,3),(305,393,4),(305,395,5),(305,394,6),(305,390,1),(305,391,2),(305,392,3),(305,394,4),(305,393,5),(305,395,6),(305,390,1),(305,391,2),(305,392,3),(305,395,4),(305,393,5),(305,394,6),(305,390,1),(305,392,2),(305,391,3),(305,393,4),(305,394,5),(305,395,6),(305,390,1),(305,392,2),(305,391,3),(305,393,4),(305,395,5),(305,394,6),(305,390,1),(305,392,2),(305,391,3),(305,394,4),(305,393,5),(305,395,6),(305,390,1),(305,392,2),(305,391,3),(305,395,4),(305,393,5),(305,394,6),(305,391,1),(305,390,2),(305,392,3),(305,393,4),(305,394,5),(305,395,6),(305,391,1),(305,390,2),(305,392,3),(305,393,4),(305,395,5),(305,394,6),(305,391,1),(305,390,2),(305,392,3),(305,394,4),(305,393,5),(305,395,6),(305,391,1),(305,390,2),(305,392,3),(305,395,4),(305,393,5),(305,394,6),(305,391,1),(305,392,2),(305,390,3),(305,393,4),(305,394,5),(305,395,6),(305,391,1),(305,392,2),(305,390,3),(305,393,4),(305,395,5),(305,394,6),(305,391,1),(305,392,2),(305,390,3),(305,394,4),(305,393,5),(305,395,6),(305,391,1),(305,392,2),(305,390,3),(305,395,4),(305,393,5),(305,394,6),(305,392,1),(305,390,2),(305,391,3),(305,393,4),(305,394,5),(305,395,6),(305,392,1),(305,390,2),(305,391,3),(305,393,4),(305,395,5),(305,394,6),(305,392,1),(305,390,2),(305,391,3),(305,394,4),(305,393,5),(305,395,6),(305,392,1),(305,390,2),(305,391,3),(305,395,4),(305,393,5),(305,394,6),(305,392,1),(305,391,2),(305,390,3),(305,393,4),(305,394,5),(305,395,6),(305,392,1),(305,391,2),(305,390,3),(305,393,4),(305,395,5),(305,394,6),(305,392,1),(305,391,2),(305,390,3),(305,394,4),(305,393,5),(305,395,6),(305,392,1),(305,391,2),(305,390,3),(305,395,4),(305,393,5),(305,394,6),(306,390,1),(306,391,2),(306,392,3),(306,393,4),(306,394,5),(306,395,6),(306,390,1),(306,391,2),(306,392,3),(306,393,4),(306,395,5),(306,394,6),(306,390,1),(306,391,2),(306,392,3),(306,394,4),(306,393,5),(306,395,6),(306,390,1),(306,391,2),(306,392,3),(306,395,4),(306,393,5),(306,394,6),(306,390,1),(306,392,2),(306,391,3),(306,393,4),(306,394,5),(306,395,6),(306,390,1),(306,392,2),(306,391,3),(306,393,4),(306,395,5),(306,394,6),(306,390,1),(306,392,2),(306,391,3),(306,394,4),(306,393,5),(306,395,6),(306,390,1),(306,392,2),(306,391,3),(306,395,4),(306,393,5),(306,394,6),(306,391,1),(306,390,2),(306,392,3),(306,393,4),(306,394,5),(306,395,6),(306,391,1),(306,390,2),(306,392,3),(306,393,4),(306,395,5),(306,394,6),(306,391,1),(306,390,2),(306,392,3),(306,394,4),(306,393,5),(306,395,6),(306,391,1),(306,390,2),(306,392,3),(306,395,4),(306,393,5),(306,394,6),(306,391,1),(306,392,2),(306,390,3),(306,393,4),(306,394,5),(306,395,6),(306,391,1),(306,392,2),(306,390,3),(306,393,4),(306,395,5),(306,394,6),(306,391,1),(306,392,2),(306,390,3),(306,394,4),(306,393,5),(306,395,6),(306,391,1),(306,392,2),(306,390,3),(306,395,4),(306,393,5),(306,394,6),(306,392,1),(306,390,2),(306,391,3),(306,393,4),(306,394,5),(306,395,6),(306,392,1),(306,390,2),(306,391,3),(306,393,4),(306,395,5),(306,394,6),(306,392,1),(306,390,2),(306,391,3),(306,394,4),(306,393,5),(306,395,6),(306,392,1),(306,390,2),(306,391,3),(306,395,4),(306,393,5),(306,394,6),(306,392,1),(306,391,2),(306,390,3),(306,393,4),(306,394,5),(306,395,6),(306,392,1),(306,391,2),(306,390,3),(306,393,4),(306,395,5),(306,394,6),(306,392,1),(306,391,2),(306,390,3),(306,394,4),(306,393,5),(306,395,6),(306,392,1),(306,391,2),(306,390,3),(306,395,4),(306,393,5),(306,394,6),(307,390,1),(307,391,2),(307,392,3),(307,393,4),(307,394,5),(307,395,6),(307,390,1),(307,391,2),(307,392,3),(307,393,4),(307,395,5),(307,394,6),(307,390,1),(307,391,2),(307,392,3),(307,394,4),(307,393,5),(307,395,6),(307,390,1),(307,391,2),(307,392,3),(307,395,4),(307,393,5),(307,394,6),(307,390,1),(307,392,2),(307,391,3),(307,393,4),(307,394,5),(307,395,6),(307,390,1),(307,392,2),(307,391,3),(307,393,4),(307,395,5),(307,394,6),(307,390,1),(307,392,2),(307,391,3),(307,394,4),(307,393,5),(307,395,6),(307,390,1),(307,392,2),(307,391,3),(307,395,4),(307,393,5),(307,394,6),(307,391,1),(307,390,2),(307,392,3),(307,393,4),(307,394,5),(307,395,6),(307,391,1),(307,390,2),(307,392,3),(307,393,4),(307,395,5),(307,394,6),(307,391,1),(307,390,2),(307,392,3),(307,394,4),(307,393,5),(307,395,6),(307,391,1),(307,390,2),(307,392,3),(307,395,4),(307,393,5),(307,394,6),(307,391,1),(307,392,2),(307,390,3),(307,393,4),(307,394,5),(307,395,6),(307,391,1),(307,392,2),(307,390,3),(307,393,4),(307,395,5),(307,394,6),(307,391,1),(307,392,2),(307,390,3),(307,394,4),(307,393,5),(307,395,6),(307,391,1),(307,392,2),(307,390,3),(307,395,4),(307,393,5),(307,394,6),(307,392,1),(307,390,2),(307,391,3),(307,393,4),(307,394,5),(307,395,6),(307,392,1),(307,390,2),(307,391,3),(307,393,4),(307,395,5),(307,394,6),(307,392,1),(307,390,2),(307,391,3),(307,394,4),(307,393,5),(307,395,6),(307,392,1),(307,390,2),(307,391,3),(307,395,4),(307,393,5),(307,394,6),(307,392,1),(307,391,2),(307,390,3),(307,393,4),(307,394,5),(307,395,6),(307,392,1),(307,391,2),(307,390,3),(307,393,4),(307,395,5),(307,394,6),(307,392,1),(307,391,2),(307,390,3),(307,394,4),(307,393,5),(307,395,6),(307,392,1),(307,391,2),(307,390,3),(307,395,4),(307,393,5),(307,394,6),(308,390,1),(308,391,2),(308,392,3),(308,393,4),(308,394,5),(308,395,6),(308,390,1),(308,391,2),(308,392,3),(308,393,4),(308,395,5),(308,394,6),(308,390,1),(308,391,2),(308,392,3),(308,394,4),(308,393,5),(308,395,6),(308,390,1),(308,391,2),(308,392,3),(308,395,4),(308,393,5),(308,394,6),(308,390,1),(308,392,2),(308,391,3),(308,393,4),(308,394,5),(308,395,6),(308,390,1),(308,392,2),(308,391,3),(308,393,4),(308,395,5),(308,394,6),(308,390,1),(308,392,2),(308,391,3),(308,394,4),(308,393,5),(308,395,6),(308,390,1),(308,392,2),(308,391,3),(308,395,4),(308,393,5),(308,394,6),(308,391,1),(308,390,2),(308,392,3),(308,393,4),(308,394,5),(308,395,6),(308,391,1),(308,390,2),(308,392,3),(308,393,4),(308,395,5),(308,394,6),(308,391,1),(308,390,2),(308,392,3),(308,394,4),(308,393,5),(308,395,6),(308,391,1),(308,390,2),(308,392,3),(308,395,4),(308,393,5),(308,394,6),(308,391,1),(308,392,2),(308,390,3),(308,393,4),(308,394,5),(308,395,6),(308,391,1),(308,392,2),(308,390,3),(308,393,4),(308,395,5),(308,394,6),(308,391,1),(308,392,2),(308,390,3),(308,394,4),(308,393,5),(308,395,6),(308,391,1),(308,392,2),(308,390,3),(308,395,4),(308,393,5),(308,394,6),(308,392,1),(308,390,2),(308,391,3),(308,393,4),(308,394,5),(308,395,6),(308,392,1),(308,390,2),(308,391,3),(308,393,4),(308,395,5),(308,394,6),(308,392,1),(308,390,2),(308,391,3),(308,394,4),(308,393,5),(308,395,6),(308,392,1),(308,390,2),(308,391,3),(308,395,4),(308,393,5),(308,394,6),(308,392,1),(308,391,2),(308,390,3),(308,393,4),(308,394,5),(308,395,6),(308,392,1),(308,391,2),(308,390,3),(308,393,4),(308,395,5),(308,394,6),(308,392,1),(308,391,2),(308,390,3),(308,394,4),(308,393,5),(308,395,6),(308,392,1),(308,391,2),(308,390,3),(308,395,4),(308,393,5),(308,394,6),(309,390,1),(309,391,2),(309,392,3),(309,393,4),(309,394,5),(309,395,6),(309,390,1),(309,391,2),(309,392,3),(309,393,4),(309,395,5),(309,394,6),(309,390,1),(309,391,2),(309,392,3),(309,394,4),(309,393,5),(309,395,6),(309,390,1),(309,391,2),(309,392,3),(309,395,4),(309,393,5),(309,394,6),(309,390,1),(309,392,2),(309,391,3),(309,393,4),(309,394,5),(309,395,6),(309,390,1),(309,392,2),(309,391,3),(309,393,4),(309,395,5),(309,394,6),(309,390,1),(309,392,2),(309,391,3),(309,394,4),(309,393,5),(309,395,6),(309,390,1),(309,392,2),(309,391,3),(309,395,4),(309,393,5),(309,394,6),(309,391,1),(309,390,2),(309,392,3),(309,393,4),(309,394,5),(309,395,6),(309,391,1),(309,390,2),(309,392,3),(309,393,4),(309,395,5),(309,394,6),(309,391,1),(309,390,2),(309,392,3),(309,394,4),(309,393,5),(309,395,6),(309,391,1),(309,390,2),(309,392,3),(309,395,4),(309,393,5),(309,394,6),(309,391,1),(309,392,2),(309,390,3),(309,393,4),(309,394,5),(309,395,6),(309,391,1),(309,392,2),(309,390,3),(309,393,4),(309,395,5),(309,394,6),(309,391,1),(309,392,2),(309,390,3),(309,394,4),(309,393,5),(309,395,6),(309,391,1),(309,392,2),(309,390,3),(309,395,4),(309,393,5),(309,394,6),(309,392,1),(309,390,2),(309,391,3),(309,393,4),(309,394,5),(309,395,6),(309,392,1),(309,390,2),(309,391,3),(309,393,4),(309,395,5),(309,394,6),(309,392,1),(309,390,2),(309,391,3),(309,394,4),(309,393,5),(309,395,6),(309,392,1),(309,390,2),(309,391,3),(309,395,4),(309,393,5),(309,394,6),(309,392,1),(309,391,2),(309,390,3),(309,393,4),(309,394,5),(309,395,6),(309,392,1),(309,391,2),(309,390,3),(309,393,4),(309,395,5),(309,394,6),(309,392,1),(309,391,2),(309,390,3),(309,394,4),(309,393,5),(309,395,6),(309,392,1),(309,391,2),(309,390,3),(309,395,4),(309,393,5),(309,394,6),(310,396,1),(310,397,2),(310,398,3),(310,399,4),(310,400,5),(310,401,6),(310,396,1),(310,397,2),(310,398,3),(310,399,4),(310,401,5),(310,400,6),(310,396,1),(310,397,2),(310,398,3),(310,400,4),(310,399,5),(310,401,6),(310,396,1),(310,397,2),(310,398,3),(310,401,4),(310,399,5),(310,400,6),(310,396,1),(310,398,2),(310,397,3),(310,399,4),(310,400,5),(310,401,6),(310,396,1),(310,398,2),(310,397,3),(310,399,4),(310,401,5),(310,400,6),(310,396,1),(310,398,2),(310,397,3),(310,400,4),(310,399,5),(310,401,6),(310,396,1),(310,398,2),(310,397,3),(310,401,4),(310,399,5),(310,400,6),(310,397,1),(310,396,2),(310,398,3),(310,399,4),(310,400,5),(310,401,6),(310,397,1),(310,396,2),(310,398,3),(310,399,4),(310,401,5),(310,400,6),(310,397,1),(310,396,2),(310,398,3),(310,400,4),(310,399,5),(310,401,6),(310,397,1),(310,396,2),(310,398,3),(310,401,4),(310,399,5),(310,400,6),(310,397,1),(310,398,2),(310,396,3),(310,399,4),(310,400,5),(310,401,6),(310,397,1),(310,398,2),(310,396,3),(310,399,4),(310,401,5),(310,400,6),(310,397,1),(310,398,2),(310,396,3),(310,400,4),(310,399,5),(310,401,6),(310,397,1),(310,398,2),(310,396,3),(310,401,4),(310,399,5),(310,400,6),(310,398,1),(310,396,2),(310,397,3),(310,399,4),(310,400,5),(310,401,6),(310,398,1),(310,396,2),(310,397,3),(310,399,4),(310,401,5),(310,400,6),(310,398,1),(310,396,2),(310,397,3),(310,400,4),(310,399,5),(310,401,6),(310,398,1),(310,396,2),(310,397,3),(310,401,4),(310,399,5),(310,400,6),(310,398,1),(310,397,2),(310,396,3),(310,399,4),(310,400,5),(310,401,6),(310,398,1),(310,397,2),(310,396,3),(310,399,4),(310,401,5),(310,400,6),(310,398,1),(310,397,2),(310,396,3),(310,400,4),(310,399,5),(310,401,6),(310,398,1),(310,397,2),(310,396,3),(310,401,4),(310,399,5),(310,400,6),(311,396,1),(311,397,2),(311,398,3),(311,399,4),(311,400,5),(311,401,6),(311,396,1),(311,397,2),(311,398,3),(311,399,4),(311,401,5),(311,400,6),(311,396,1),(311,397,2),(311,398,3),(311,400,4),(311,399,5),(311,401,6),(311,396,1),(311,397,2),(311,398,3),(311,401,4),(311,399,5),(311,400,6),(311,396,1),(311,398,2),(311,397,3),(311,399,4),(311,400,5),(311,401,6),(311,396,1),(311,398,2),(311,397,3),(311,399,4),(311,401,5),(311,400,6),(311,396,1),(311,398,2),(311,397,3),(311,400,4),(311,399,5),(311,401,6),(311,396,1),(311,398,2),(311,397,3),(311,401,4),(311,399,5),(311,400,6),(311,397,1),(311,396,2),(311,398,3),(311,399,4),(311,400,5),(311,401,6),(311,397,1),(311,396,2),(311,398,3),(311,399,4),(311,401,5),(311,400,6),(311,397,1),(311,396,2),(311,398,3),(311,400,4),(311,399,5),(311,401,6),(311,397,1),(311,396,2),(311,398,3),(311,401,4),(311,399,5),(311,400,6),(311,397,1),(311,398,2),(311,396,3),(311,399,4),(311,400,5),(311,401,6),(311,397,1),(311,398,2),(311,396,3),(311,399,4),(311,401,5),(311,400,6),(311,397,1),(311,398,2),(311,396,3),(311,400,4),(311,399,5),(311,401,6),(311,397,1),(311,398,2),(311,396,3),(311,401,4),(311,399,5),(311,400,6),(311,398,1),(311,396,2),(311,397,3),(311,399,4),(311,400,5),(311,401,6),(311,398,1),(311,396,2),(311,397,3),(311,399,4),(311,401,5),(311,400,6),(311,398,1),(311,396,2),(311,397,3),(311,400,4),(311,399,5),(311,401,6),(311,398,1),(311,396,2),(311,397,3),(311,401,4),(311,399,5),(311,400,6),(311,398,1),(311,397,2),(311,396,3),(311,399,4),(311,400,5),(311,401,6),(311,398,1),(311,397,2),(311,396,3),(311,399,4),(311,401,5),(311,400,6),(311,398,1),(311,397,2),(311,396,3),(311,400,4),(311,399,5),(311,401,6),(311,398,1),(311,397,2),(311,396,3),(311,401,4),(311,399,5),(311,400,6),(312,396,1),(312,397,2),(312,398,3),(312,399,4),(312,400,5),(312,401,6),(312,396,1),(312,397,2),(312,398,3),(312,399,4),(312,401,5),(312,400,6),(312,396,1),(312,397,2),(312,398,3),(312,400,4),(312,399,5),(312,401,6),(312,396,1),(312,397,2),(312,398,3),(312,401,4),(312,399,5),(312,400,6),(312,396,1),(312,398,2),(312,397,3),(312,399,4),(312,400,5),(312,401,6),(312,396,1),(312,398,2),(312,397,3),(312,399,4),(312,401,5),(312,400,6),(312,396,1),(312,398,2),(312,397,3),(312,400,4),(312,399,5),(312,401,6),(312,396,1),(312,398,2),(312,397,3),(312,401,4),(312,399,5),(312,400,6),(312,397,1),(312,396,2),(312,398,3),(312,399,4),(312,400,5),(312,401,6),(312,397,1),(312,396,2),(312,398,3),(312,399,4),(312,401,5),(312,400,6),(312,397,1),(312,396,2),(312,398,3),(312,400,4),(312,399,5),(312,401,6),(312,397,1),(312,396,2),(312,398,3),(312,401,4),(312,399,5),(312,400,6),(312,397,1),(312,398,2),(312,396,3),(312,399,4),(312,400,5),(312,401,6),(312,397,1),(312,398,2),(312,396,3),(312,399,4),(312,401,5),(312,400,6),(312,397,1),(312,398,2),(312,396,3),(312,400,4),(312,399,5),(312,401,6),(312,397,1),(312,398,2),(312,396,3),(312,401,4),(312,399,5),(312,400,6),(312,398,1),(312,396,2),(312,397,3),(312,399,4),(312,400,5),(312,401,6),(312,398,1),(312,396,2),(312,397,3),(312,399,4),(312,401,5),(312,400,6),(312,398,1),(312,396,2),(312,397,3),(312,400,4),(312,399,5),(312,401,6),(312,398,1),(312,396,2),(312,397,3),(312,401,4),(312,399,5),(312,400,6),(312,398,1),(312,397,2),(312,396,3),(312,399,4),(312,400,5),(312,401,6),(312,398,1),(312,397,2),(312,396,3),(312,399,4),(312,401,5),(312,400,6),(312,398,1),(312,397,2),(312,396,3),(312,400,4),(312,399,5),(312,401,6),(312,398,1),(312,397,2),(312,396,3),(312,401,4),(312,399,5),(312,400,6),(313,396,1),(313,397,2),(313,398,3),(313,399,4),(313,400,5),(313,401,6),(313,396,1),(313,397,2),(313,398,3),(313,399,4),(313,401,5),(313,400,6),(313,396,1),(313,397,2),(313,398,3),(313,400,4),(313,399,5),(313,401,6),(313,396,1),(313,397,2),(313,398,3),(313,401,4),(313,399,5),(313,400,6),(313,396,1),(313,398,2),(313,397,3),(313,399,4),(313,400,5),(313,401,6),(313,396,1),(313,398,2),(313,397,3),(313,399,4),(313,401,5),(313,400,6),(313,396,1),(313,398,2),(313,397,3),(313,400,4),(313,399,5),(313,401,6),(313,396,1),(313,398,2),(313,397,3),(313,401,4),(313,399,5),(313,400,6),(313,397,1),(313,396,2),(313,398,3),(313,399,4),(313,400,5),(313,401,6),(313,397,1),(313,396,2),(313,398,3),(313,399,4),(313,401,5),(313,400,6),(313,397,1),(313,396,2),(313,398,3),(313,400,4),(313,399,5),(313,401,6),(313,397,1),(313,396,2),(313,398,3),(313,401,4),(313,399,5),(313,400,6),(313,397,1),(313,398,2),(313,396,3),(313,399,4),(313,400,5),(313,401,6),(313,397,1),(313,398,2),(313,396,3),(313,399,4),(313,401,5),(313,400,6),(313,397,1),(313,398,2),(313,396,3),(313,400,4),(313,399,5),(313,401,6),(313,397,1),(313,398,2),(313,396,3),(313,401,4),(313,399,5),(313,400,6),(313,398,1),(313,396,2),(313,397,3),(313,399,4),(313,400,5),(313,401,6),(313,398,1),(313,396,2),(313,397,3),(313,399,4),(313,401,5),(313,400,6),(313,398,1),(313,396,2),(313,397,3),(313,400,4),(313,399,5),(313,401,6),(313,398,1),(313,396,2),(313,397,3),(313,401,4),(313,399,5),(313,400,6),(313,398,1),(313,397,2),(313,396,3),(313,399,4),(313,400,5),(313,401,6),(313,398,1),(313,397,2),(313,396,3),(313,399,4),(313,401,5),(313,400,6),(313,398,1),(313,397,2),(313,396,3),(313,400,4),(313,399,5),(313,401,6),(313,398,1),(313,397,2),(313,396,3),(313,401,4),(313,399,5),(313,400,6),(314,396,1),(314,397,2),(314,398,3),(314,399,4),(314,400,5),(314,401,6),(314,396,1),(314,397,2),(314,398,3),(314,399,4),(314,401,5),(314,400,6),(314,396,1),(314,397,2),(314,398,3),(314,400,4),(314,399,5),(314,401,6),(314,396,1),(314,397,2),(314,398,3),(314,401,4),(314,399,5),(314,400,6),(314,396,1),(314,398,2),(314,397,3),(314,399,4),(314,400,5),(314,401,6),(314,396,1),(314,398,2),(314,397,3),(314,399,4),(314,401,5),(314,400,6),(314,396,1),(314,398,2),(314,397,3),(314,400,4),(314,399,5),(314,401,6),(314,396,1),(314,398,2),(314,397,3),(314,401,4),(314,399,5),(314,400,6),(314,397,1),(314,396,2),(314,398,3),(314,399,4),(314,400,5),(314,401,6),(314,397,1),(314,396,2),(314,398,3),(314,399,4),(314,401,5),(314,400,6),(314,397,1),(314,396,2),(314,398,3),(314,400,4),(314,399,5),(314,401,6),(314,397,1),(314,396,2),(314,398,3),(314,401,4),(314,399,5),(314,400,6),(314,397,1),(314,398,2),(314,396,3),(314,399,4),(314,400,5),(314,401,6),(314,397,1),(314,398,2),(314,396,3),(314,399,4),(314,401,5),(314,400,6),(314,397,1),(314,398,2),(314,396,3),(314,400,4),(314,399,5),(314,401,6),(314,397,1),(314,398,2),(314,396,3),(314,401,4),(314,399,5),(314,400,6),(314,398,1),(314,396,2),(314,397,3),(314,399,4),(314,400,5),(314,401,6),(314,398,1),(314,396,2),(314,397,3),(314,399,4),(314,401,5),(314,400,6),(314,398,1),(314,396,2),(314,397,3),(314,400,4),(314,399,5),(314,401,6),(314,398,1),(314,396,2),(314,397,3),(314,401,4),(314,399,5),(314,400,6),(314,398,1),(314,397,2),(314,396,3),(314,399,4),(314,400,5),(314,401,6),(314,398,1),(314,397,2),(314,396,3),(314,399,4),(314,401,5),(314,400,6),(314,398,1),(314,397,2),(314,396,3),(314,400,4),(314,399,5),(314,401,6),(314,398,1),(314,397,2),(314,396,3),(314,401,4),(314,399,5),(314,400,6),(315,402,1),(315,403,2),(315,404,3),(315,405,4),(315,406,5),(315,407,6),(315,402,1),(315,403,2),(315,404,3),(315,405,4),(315,407,5),(315,406,6),(315,402,1),(315,403,2),(315,404,3),(315,406,4),(315,405,5),(315,407,6),(315,402,1),(315,403,2),(315,404,3),(315,407,4),(315,405,5),(315,406,6),(315,402,1),(315,404,2),(315,403,3),(315,405,4),(315,406,5),(315,407,6),(315,402,1),(315,404,2),(315,403,3),(315,405,4),(315,407,5),(315,406,6),(315,402,1),(315,404,2),(315,403,3),(315,406,4),(315,405,5),(315,407,6),(315,402,1),(315,404,2),(315,403,3),(315,407,4),(315,405,5),(315,406,6),(315,403,1),(315,402,2),(315,404,3),(315,405,4),(315,406,5),(315,407,6),(315,403,1),(315,402,2),(315,404,3),(315,405,4),(315,407,5),(315,406,6),(315,403,1),(315,402,2),(315,404,3),(315,406,4),(315,405,5),(315,407,6),(315,403,1),(315,402,2),(315,404,3),(315,407,4),(315,405,5),(315,406,6),(315,403,1),(315,404,2),(315,402,3),(315,405,4),(315,406,5),(315,407,6),(315,403,1),(315,404,2),(315,402,3),(315,405,4),(315,407,5),(315,406,6),(315,403,1),(315,404,2),(315,402,3),(315,406,4),(315,405,5),(315,407,6),(315,403,1),(315,404,2),(315,402,3),(315,407,4),(315,405,5),(315,406,6),(315,404,1),(315,402,2),(315,403,3),(315,405,4),(315,406,5),(315,407,6),(315,404,1),(315,402,2),(315,403,3),(315,405,4),(315,407,5),(315,406,6),(315,404,1),(315,402,2),(315,403,3),(315,406,4),(315,405,5),(315,407,6),(315,404,1),(315,402,2),(315,403,3),(315,407,4),(315,405,5),(315,406,6),(315,404,1),(315,403,2),(315,402,3),(315,405,4),(315,406,5),(315,407,6),(315,404,1),(315,403,2),(315,402,3),(315,405,4),(315,407,5),(315,406,6),(315,404,1),(315,403,2),(315,402,3),(315,406,4),(315,405,5),(315,407,6),(315,404,1),(315,403,2),(315,402,3),(315,407,4),(315,405,5),(315,406,6),(316,402,1),(316,403,2),(316,404,3),(316,405,4),(316,406,5),(316,407,6),(316,402,1),(316,403,2),(316,404,3),(316,405,4),(316,407,5),(316,406,6),(316,402,1),(316,403,2),(316,404,3),(316,406,4),(316,405,5),(316,407,6),(316,402,1),(316,403,2),(316,404,3),(316,407,4),(316,405,5),(316,406,6),(316,402,1),(316,404,2),(316,403,3),(316,405,4),(316,406,5),(316,407,6),(316,402,1),(316,404,2),(316,403,3),(316,405,4),(316,407,5),(316,406,6),(316,402,1),(316,404,2),(316,403,3),(316,406,4),(316,405,5),(316,407,6),(316,402,1),(316,404,2),(316,403,3),(316,407,4),(316,405,5),(316,406,6),(316,403,1),(316,402,2),(316,404,3),(316,405,4),(316,406,5),(316,407,6),(316,403,1),(316,402,2),(316,404,3),(316,405,4),(316,407,5),(316,406,6),(316,403,1),(316,402,2),(316,404,3),(316,406,4),(316,405,5),(316,407,6),(316,403,1),(316,402,2),(316,404,3),(316,407,4),(316,405,5),(316,406,6),(316,403,1),(316,404,2),(316,402,3),(316,405,4),(316,406,5),(316,407,6),(316,403,1),(316,404,2),(316,402,3),(316,405,4),(316,407,5),(316,406,6),(316,403,1),(316,404,2),(316,402,3),(316,406,4),(316,405,5),(316,407,6),(316,403,1),(316,404,2),(316,402,3),(316,407,4),(316,405,5),(316,406,6),(316,404,1),(316,402,2),(316,403,3),(316,405,4),(316,406,5),(316,407,6),(316,404,1),(316,402,2),(316,403,3),(316,405,4),(316,407,5),(316,406,6),(316,404,1),(316,402,2),(316,403,3),(316,406,4),(316,405,5),(316,407,6),(316,404,1),(316,402,2),(316,403,3),(316,407,4),(316,405,5),(316,406,6),(316,404,1),(316,403,2),(316,402,3),(316,405,4),(316,406,5),(316,407,6),(316,404,1),(316,403,2),(316,402,3),(316,405,4),(316,407,5),(316,406,6),(316,404,1),(316,403,2),(316,402,3),(316,406,4),(316,405,5),(316,407,6),(316,404,1),(316,403,2),(316,402,3),(316,407,4),(316,405,5),(316,406,6),(317,402,1),(317,403,2),(317,404,3),(317,405,4),(317,406,5),(317,407,6),(317,402,1),(317,403,2),(317,404,3),(317,405,4),(317,407,5),(317,406,6),(317,402,1),(317,403,2),(317,404,3),(317,406,4),(317,405,5),(317,407,6),(317,402,1),(317,403,2),(317,404,3),(317,407,4),(317,405,5),(317,406,6),(317,402,1),(317,404,2),(317,403,3),(317,405,4),(317,406,5),(317,407,6),(317,402,1),(317,404,2),(317,403,3),(317,405,4),(317,407,5),(317,406,6),(317,402,1),(317,404,2),(317,403,3),(317,406,4),(317,405,5),(317,407,6),(317,402,1),(317,404,2),(317,403,3),(317,407,4),(317,405,5),(317,406,6),(317,403,1),(317,402,2),(317,404,3),(317,405,4),(317,406,5),(317,407,6),(317,403,1),(317,402,2),(317,404,3),(317,405,4),(317,407,5),(317,406,6),(317,403,1),(317,402,2),(317,404,3),(317,406,4),(317,405,5),(317,407,6),(317,403,1),(317,402,2),(317,404,3),(317,407,4),(317,405,5),(317,406,6),(317,403,1),(317,404,2),(317,402,3),(317,405,4),(317,406,5),(317,407,6),(317,403,1),(317,404,2),(317,402,3),(317,405,4),(317,407,5),(317,406,6),(317,403,1),(317,404,2),(317,402,3),(317,406,4),(317,405,5),(317,407,6),(317,403,1),(317,404,2),(317,402,3),(317,407,4),(317,405,5),(317,406,6),(317,404,1),(317,402,2),(317,403,3),(317,405,4),(317,406,5),(317,407,6),(317,404,1),(317,402,2),(317,403,3),(317,405,4),(317,407,5),(317,406,6),(317,404,1),(317,402,2),(317,403,3),(317,406,4),(317,405,5),(317,407,6),(317,404,1),(317,402,2),(317,403,3),(317,407,4),(317,405,5),(317,406,6),(317,404,1),(317,403,2),(317,402,3),(317,405,4),(317,406,5),(317,407,6),(317,404,1),(317,403,2),(317,402,3),(317,405,4),(317,407,5),(317,406,6),(317,404,1),(317,403,2),(317,402,3),(317,406,4),(317,405,5),(317,407,6),(317,404,1),(317,403,2),(317,402,3),(317,407,4),(317,405,5),(317,406,6),(318,402,1),(318,403,2),(318,404,3),(318,405,4),(318,406,5),(318,407,6),(318,402,1),(318,403,2),(318,404,3),(318,405,4),(318,407,5),(318,406,6),(318,402,1),(318,403,2),(318,404,3),(318,406,4),(318,405,5),(318,407,6),(318,402,1),(318,403,2),(318,404,3),(318,407,4),(318,405,5),(318,406,6),(318,402,1),(318,404,2),(318,403,3),(318,405,4),(318,406,5),(318,407,6),(318,402,1),(318,404,2),(318,403,3),(318,405,4),(318,407,5),(318,406,6),(318,402,1),(318,404,2),(318,403,3),(318,406,4),(318,405,5),(318,407,6),(318,402,1),(318,404,2),(318,403,3),(318,407,4),(318,405,5),(318,406,6),(318,403,1),(318,402,2),(318,404,3),(318,405,4),(318,406,5),(318,407,6),(318,403,1),(318,402,2),(318,404,3),(318,405,4),(318,407,5),(318,406,6),(318,403,1),(318,402,2),(318,404,3),(318,406,4),(318,405,5),(318,407,6),(318,403,1),(318,402,2),(318,404,3),(318,407,4),(318,405,5),(318,406,6),(318,403,1),(318,404,2),(318,402,3),(318,405,4),(318,406,5),(318,407,6),(318,403,1),(318,404,2),(318,402,3),(318,405,4),(318,407,5),(318,406,6),(318,403,1),(318,404,2),(318,402,3),(318,406,4),(318,405,5),(318,407,6),(318,403,1),(318,404,2),(318,402,3),(318,407,4),(318,405,5),(318,406,6),(318,404,1),(318,402,2),(318,403,3),(318,405,4),(318,406,5),(318,407,6),(318,404,1),(318,402,2),(318,403,3),(318,405,4),(318,407,5),(318,406,6),(318,404,1),(318,402,2),(318,403,3),(318,406,4),(318,405,5),(318,407,6),(318,404,1),(318,402,2),(318,403,3),(318,407,4),(318,405,5),(318,406,6),(318,404,1),(318,403,2),(318,402,3),(318,405,4),(318,406,5),(318,407,6),(318,404,1),(318,403,2),(318,402,3),(318,405,4),(318,407,5),(318,406,6),(318,404,1),(318,403,2),(318,402,3),(318,406,4),(318,405,5),(318,407,6),(318,404,1),(318,403,2),(318,402,3),(318,407,4),(318,405,5),(318,406,6),(319,402,1),(319,403,2),(319,404,3),(319,405,4),(319,406,5),(319,407,6),(319,402,1),(319,403,2),(319,404,3),(319,405,4),(319,407,5),(319,406,6),(319,402,1),(319,403,2),(319,404,3),(319,406,4),(319,405,5),(319,407,6),(319,402,1),(319,403,2),(319,404,3),(319,407,4),(319,405,5),(319,406,6),(319,402,1),(319,404,2),(319,403,3),(319,405,4),(319,406,5),(319,407,6),(319,402,1),(319,404,2),(319,403,3),(319,405,4),(319,407,5),(319,406,6),(319,402,1),(319,404,2),(319,403,3),(319,406,4),(319,405,5),(319,407,6),(319,402,1),(319,404,2),(319,403,3),(319,407,4),(319,405,5),(319,406,6),(319,403,1),(319,402,2),(319,404,3),(319,405,4),(319,406,5),(319,407,6),(319,403,1),(319,402,2),(319,404,3),(319,405,4),(319,407,5),(319,406,6),(319,403,1),(319,402,2),(319,404,3),(319,406,4),(319,405,5),(319,407,6),(319,403,1),(319,402,2),(319,404,3),(319,407,4),(319,405,5),(319,406,6),(319,403,1),(319,404,2),(319,402,3),(319,405,4),(319,406,5),(319,407,6),(319,403,1),(319,404,2),(319,402,3),(319,405,4),(319,407,5),(319,406,6),(319,403,1),(319,404,2),(319,402,3),(319,406,4),(319,405,5),(319,407,6),(319,403,1),(319,404,2),(319,402,3),(319,407,4),(319,405,5),(319,406,6),(319,404,1),(319,402,2),(319,403,3),(319,405,4),(319,406,5),(319,407,6),(319,404,1),(319,402,2),(319,403,3),(319,405,4),(319,407,5),(319,406,6),(319,404,1),(319,402,2),(319,403,3),(319,406,4),(319,405,5),(319,407,6),(319,404,1),(319,402,2),(319,403,3),(319,407,4),(319,405,5),(319,406,6),(319,404,1),(319,403,2),(319,402,3),(319,405,4),(319,406,5),(319,407,6),(319,404,1),(319,403,2),(319,402,3),(319,405,4),(319,407,5),(319,406,6),(319,404,1),(319,403,2),(319,402,3),(319,406,4),(319,405,5),(319,407,6),(319,404,1),(319,403,2),(319,402,3),(319,407,4),(319,405,5),(319,406,6),(320,408,1),(320,409,2),(320,410,3),(320,411,4),(320,412,5),(320,413,6),(320,408,1),(320,409,2),(320,410,3),(320,411,4),(320,413,5),(320,412,6),(320,408,1),(320,409,2),(320,410,3),(320,412,4),(320,411,5),(320,413,6),(320,408,1),(320,409,2),(320,410,3),(320,413,4),(320,411,5),(320,412,6),(320,408,1),(320,410,2),(320,409,3),(320,411,4),(320,412,5),(320,413,6),(320,408,1),(320,410,2),(320,409,3),(320,411,4),(320,413,5),(320,412,6),(320,408,1),(320,410,2),(320,409,3),(320,412,4),(320,411,5),(320,413,6),(320,408,1),(320,410,2),(320,409,3),(320,413,4),(320,411,5),(320,412,6),(320,409,1),(320,408,2),(320,410,3),(320,411,4),(320,412,5),(320,413,6),(320,409,1),(320,408,2),(320,410,3),(320,411,4),(320,413,5),(320,412,6),(320,409,1),(320,408,2),(320,410,3),(320,412,4),(320,411,5),(320,413,6),(320,409,1),(320,408,2),(320,410,3),(320,413,4),(320,411,5),(320,412,6),(320,409,1),(320,410,2),(320,408,3),(320,411,4),(320,412,5),(320,413,6),(320,409,1),(320,410,2),(320,408,3),(320,411,4),(320,413,5),(320,412,6),(320,409,1),(320,410,2),(320,408,3),(320,412,4),(320,411,5),(320,413,6),(320,409,1),(320,410,2),(320,408,3),(320,413,4),(320,411,5),(320,412,6),(320,410,1),(320,408,2),(320,409,3),(320,411,4),(320,412,5),(320,413,6),(320,410,1),(320,408,2),(320,409,3),(320,411,4),(320,413,5),(320,412,6),(320,410,1),(320,408,2),(320,409,3),(320,412,4),(320,411,5),(320,413,6),(320,410,1),(320,408,2),(320,409,3),(320,413,4),(320,411,5),(320,412,6),(320,410,1),(320,409,2),(320,408,3),(320,411,4),(320,412,5),(320,413,6),(320,410,1),(320,409,2),(320,408,3),(320,411,4),(320,413,5),(320,412,6),(320,410,1),(320,409,2),(320,408,3),(320,412,4),(320,411,5),(320,413,6),(320,410,1),(320,409,2),(320,408,3),(320,413,4),(320,411,5),(320,412,6),(321,408,1),(321,409,2),(321,410,3),(321,411,4),(321,412,5),(321,413,6),(321,408,1),(321,409,2),(321,410,3),(321,411,4),(321,413,5),(321,412,6),(321,408,1),(321,409,2),(321,410,3),(321,412,4),(321,411,5),(321,413,6),(321,408,1),(321,409,2),(321,410,3),(321,413,4),(321,411,5),(321,412,6),(321,408,1),(321,410,2),(321,409,3),(321,411,4),(321,412,5),(321,413,6),(321,408,1),(321,410,2),(321,409,3),(321,411,4),(321,413,5),(321,412,6),(321,408,1),(321,410,2),(321,409,3),(321,412,4),(321,411,5),(321,413,6),(321,408,1),(321,410,2),(321,409,3),(321,413,4),(321,411,5),(321,412,6),(321,409,1),(321,408,2),(321,410,3),(321,411,4),(321,412,5),(321,413,6),(321,409,1),(321,408,2),(321,410,3),(321,411,4),(321,413,5),(321,412,6),(321,409,1),(321,408,2),(321,410,3),(321,412,4),(321,411,5),(321,413,6),(321,409,1),(321,408,2),(321,410,3),(321,413,4),(321,411,5),(321,412,6),(321,409,1),(321,410,2),(321,408,3),(321,411,4),(321,412,5),(321,413,6),(321,409,1),(321,410,2),(321,408,3),(321,411,4),(321,413,5),(321,412,6),(321,409,1),(321,410,2),(321,408,3),(321,412,4),(321,411,5),(321,413,6),(321,409,1),(321,410,2),(321,408,3),(321,413,4),(321,411,5),(321,412,6),(321,410,1),(321,408,2),(321,409,3),(321,411,4),(321,412,5),(321,413,6),(321,410,1),(321,408,2),(321,409,3),(321,411,4),(321,413,5),(321,412,6),(321,410,1),(321,408,2),(321,409,3),(321,412,4),(321,411,5),(321,413,6),(321,410,1),(321,408,2),(321,409,3),(321,413,4),(321,411,5),(321,412,6),(321,410,1),(321,409,2),(321,408,3),(321,411,4),(321,412,5),(321,413,6),(321,410,1),(321,409,2),(321,408,3),(321,411,4),(321,413,5),(321,412,6),(321,410,1),(321,409,2),(321,408,3),(321,412,4),(321,411,5),(321,413,6),(321,410,1),(321,409,2),(321,408,3),(321,413,4),(321,411,5),(321,412,6),(322,408,1),(322,409,2),(322,410,3),(322,411,4),(322,412,5),(322,413,6),(322,408,1),(322,409,2),(322,410,3),(322,411,4),(322,413,5),(322,412,6),(322,408,1),(322,409,2),(322,410,3),(322,412,4),(322,411,5),(322,413,6),(322,408,1),(322,409,2),(322,410,3),(322,413,4),(322,411,5),(322,412,6),(322,408,1),(322,410,2),(322,409,3),(322,411,4),(322,412,5),(322,413,6),(322,408,1),(322,410,2),(322,409,3),(322,411,4),(322,413,5),(322,412,6),(322,408,1),(322,410,2),(322,409,3),(322,412,4),(322,411,5),(322,413,6),(322,408,1),(322,410,2),(322,409,3),(322,413,4),(322,411,5),(322,412,6),(322,409,1),(322,408,2),(322,410,3),(322,411,4),(322,412,5),(322,413,6),(322,409,1),(322,408,2),(322,410,3),(322,411,4),(322,413,5),(322,412,6),(322,409,1),(322,408,2),(322,410,3),(322,412,4),(322,411,5),(322,413,6),(322,409,1),(322,408,2),(322,410,3),(322,413,4),(322,411,5),(322,412,6),(322,409,1),(322,410,2),(322,408,3),(322,411,4),(322,412,5),(322,413,6),(322,409,1),(322,410,2),(322,408,3),(322,411,4),(322,413,5),(322,412,6),(322,409,1),(322,410,2),(322,408,3),(322,412,4),(322,411,5),(322,413,6),(322,409,1),(322,410,2),(322,408,3),(322,413,4),(322,411,5),(322,412,6),(322,410,1),(322,408,2),(322,409,3),(322,411,4),(322,412,5),(322,413,6),(322,410,1),(322,408,2),(322,409,3),(322,411,4),(322,413,5),(322,412,6),(322,410,1),(322,408,2),(322,409,3),(322,412,4),(322,411,5),(322,413,6),(322,410,1),(322,408,2),(322,409,3),(322,413,4),(322,411,5),(322,412,6),(322,410,1),(322,409,2),(322,408,3),(322,411,4),(322,412,5),(322,413,6),(322,410,1),(322,409,2),(322,408,3),(322,411,4),(322,413,5),(322,412,6),(322,410,1),(322,409,2),(322,408,3),(322,412,4),(322,411,5),(322,413,6),(322,410,1),(322,409,2),(322,408,3),(322,413,4),(322,411,5),(322,412,6),(323,408,1),(323,409,2),(323,410,3),(323,411,4),(323,412,5),(323,413,6),(323,408,1),(323,409,2),(323,410,3),(323,411,4),(323,413,5),(323,412,6),(323,408,1),(323,409,2),(323,410,3),(323,412,4),(323,411,5),(323,413,6),(323,408,1),(323,409,2),(323,410,3),(323,413,4),(323,411,5),(323,412,6),(323,408,1),(323,410,2),(323,409,3),(323,411,4),(323,412,5),(323,413,6),(323,408,1),(323,410,2),(323,409,3),(323,411,4),(323,413,5),(323,412,6),(323,408,1),(323,410,2),(323,409,3),(323,412,4),(323,411,5),(323,413,6),(323,408,1),(323,410,2),(323,409,3),(323,413,4),(323,411,5),(323,412,6),(323,409,1),(323,408,2),(323,410,3),(323,411,4),(323,412,5),(323,413,6),(323,409,1),(323,408,2),(323,410,3),(323,411,4),(323,413,5),(323,412,6),(323,409,1),(323,408,2),(323,410,3),(323,412,4),(323,411,5),(323,413,6),(323,409,1),(323,408,2),(323,410,3),(323,413,4),(323,411,5),(323,412,6),(323,409,1),(323,410,2),(323,408,3),(323,411,4),(323,412,5),(323,413,6),(323,409,1),(323,410,2),(323,408,3),(323,411,4),(323,413,5),(323,412,6),(323,409,1),(323,410,2),(323,408,3),(323,412,4),(323,411,5),(323,413,6),(323,409,1),(323,410,2),(323,408,3),(323,413,4),(323,411,5),(323,412,6),(323,410,1),(323,408,2),(323,409,3),(323,411,4),(323,412,5),(323,413,6),(323,410,1),(323,408,2),(323,409,3),(323,411,4),(323,413,5),(323,412,6),(323,410,1),(323,408,2),(323,409,3),(323,412,4),(323,411,5),(323,413,6),(323,410,1),(323,408,2),(323,409,3),(323,413,4),(323,411,5),(323,412,6),(323,410,1),(323,409,2),(323,408,3),(323,411,4),(323,412,5),(323,413,6),(323,410,1),(323,409,2),(323,408,3),(323,411,4),(323,413,5),(323,412,6),(323,410,1),(323,409,2),(323,408,3),(323,412,4),(323,411,5),(323,413,6),(323,410,1),(323,409,2),(323,408,3),(323,413,4),(323,411,5),(323,412,6),(324,408,1),(324,409,2),(324,410,3),(324,411,4),(324,412,5),(324,413,6),(324,408,1),(324,409,2),(324,410,3),(324,411,4),(324,413,5),(324,412,6),(324,408,1),(324,409,2),(324,410,3),(324,412,4),(324,411,5),(324,413,6),(324,408,1),(324,409,2),(324,410,3),(324,413,4),(324,411,5),(324,412,6),(324,408,1),(324,410,2),(324,409,3),(324,411,4),(324,412,5),(324,413,6),(324,408,1),(324,410,2),(324,409,3),(324,411,4),(324,413,5),(324,412,6),(324,408,1),(324,410,2),(324,409,3),(324,412,4),(324,411,5),(324,413,6),(324,408,1),(324,410,2),(324,409,3),(324,413,4),(324,411,5),(324,412,6),(324,409,1),(324,408,2),(324,410,3),(324,411,4),(324,412,5),(324,413,6),(324,409,1),(324,408,2),(324,410,3),(324,411,4),(324,413,5),(324,412,6),(324,409,1),(324,408,2),(324,410,3),(324,412,4),(324,411,5),(324,413,6),(324,409,1),(324,408,2),(324,410,3),(324,413,4),(324,411,5),(324,412,6),(324,409,1),(324,410,2),(324,408,3),(324,411,4),(324,412,5),(324,413,6),(324,409,1),(324,410,2),(324,408,3),(324,411,4),(324,413,5),(324,412,6),(324,409,1),(324,410,2),(324,408,3),(324,412,4),(324,411,5),(324,413,6),(324,409,1),(324,410,2),(324,408,3),(324,413,4),(324,411,5),(324,412,6),(324,410,1),(324,408,2),(324,409,3),(324,411,4),(324,412,5),(324,413,6),(324,410,1),(324,408,2),(324,409,3),(324,411,4),(324,413,5),(324,412,6),(324,410,1),(324,408,2),(324,409,3),(324,412,4),(324,411,5),(324,413,6),(324,410,1),(324,408,2),(324,409,3),(324,413,4),(324,411,5),(324,412,6),(324,410,1),(324,409,2),(324,408,3),(324,411,4),(324,412,5),(324,413,6),(324,410,1),(324,409,2),(324,408,3),(324,411,4),(324,413,5),(324,412,6),(324,410,1),(324,409,2),(324,408,3),(324,412,4),(324,411,5),(324,413,6),(324,410,1),(324,409,2),(324,408,3),(324,413,4),(324,411,5),(324,412,6),(325,414,1),(325,415,2),(325,416,3),(325,417,4),(325,418,5),(325,419,6),(325,414,1),(325,415,2),(325,416,3),(325,417,4),(325,419,5),(325,418,6),(325,414,1),(325,415,2),(325,416,3),(325,418,4),(325,417,5),(325,419,6),(325,414,1),(325,415,2),(325,416,3),(325,419,4),(325,417,5),(325,418,6),(325,414,1),(325,416,2),(325,415,3),(325,417,4),(325,418,5),(325,419,6),(325,414,1),(325,416,2),(325,415,3),(325,417,4),(325,419,5),(325,418,6),(325,414,1),(325,416,2),(325,415,3),(325,418,4),(325,417,5),(325,419,6),(325,414,1),(325,416,2),(325,415,3),(325,419,4),(325,417,5),(325,418,6),(325,415,1),(325,414,2),(325,416,3),(325,417,4),(325,418,5),(325,419,6),(325,415,1),(325,414,2),(325,416,3),(325,417,4),(325,419,5),(325,418,6),(325,415,1),(325,414,2),(325,416,3),(325,418,4),(325,417,5),(325,419,6),(325,415,1),(325,414,2),(325,416,3),(325,419,4),(325,417,5),(325,418,6),(325,415,1),(325,416,2),(325,414,3),(325,417,4),(325,418,5),(325,419,6),(325,415,1),(325,416,2),(325,414,3),(325,417,4),(325,419,5),(325,418,6),(325,415,1),(325,416,2),(325,414,3),(325,418,4),(325,417,5),(325,419,6),(325,415,1),(325,416,2),(325,414,3),(325,419,4),(325,417,5),(325,418,6),(325,416,1),(325,414,2),(325,415,3),(325,417,4),(325,418,5),(325,419,6),(325,416,1),(325,414,2),(325,415,3),(325,417,4),(325,419,5),(325,418,6),(325,416,1),(325,414,2),(325,415,3),(325,418,4),(325,417,5),(325,419,6),(325,416,1),(325,414,2),(325,415,3),(325,419,4),(325,417,5),(325,418,6),(325,416,1),(325,415,2),(325,414,3),(325,417,4),(325,418,5),(325,419,6),(325,416,1),(325,415,2),(325,414,3),(325,417,4),(325,419,5),(325,418,6),(325,416,1),(325,415,2),(325,414,3),(325,418,4),(325,417,5),(325,419,6),(325,416,1),(325,415,2),(325,414,3),(325,419,4),(325,417,5),(325,418,6),(326,414,1),(326,415,2),(326,416,3),(326,417,4),(326,418,5),(326,419,6),(326,414,1),(326,415,2),(326,416,3),(326,417,4),(326,419,5),(326,418,6),(326,414,1),(326,415,2),(326,416,3),(326,418,4),(326,417,5),(326,419,6),(326,414,1),(326,415,2),(326,416,3),(326,419,4),(326,417,5),(326,418,6),(326,414,1),(326,416,2),(326,415,3),(326,417,4),(326,418,5),(326,419,6),(326,414,1),(326,416,2),(326,415,3),(326,417,4),(326,419,5),(326,418,6),(326,414,1),(326,416,2),(326,415,3),(326,418,4),(326,417,5),(326,419,6),(326,414,1),(326,416,2),(326,415,3),(326,419,4),(326,417,5),(326,418,6),(326,415,1),(326,414,2),(326,416,3),(326,417,4),(326,418,5),(326,419,6),(326,415,1),(326,414,2),(326,416,3),(326,417,4),(326,419,5),(326,418,6),(326,415,1),(326,414,2),(326,416,3),(326,418,4),(326,417,5),(326,419,6),(326,415,1),(326,414,2),(326,416,3),(326,419,4),(326,417,5),(326,418,6),(326,415,1),(326,416,2),(326,414,3),(326,417,4),(326,418,5),(326,419,6),(326,415,1),(326,416,2),(326,414,3),(326,417,4),(326,419,5),(326,418,6),(326,415,1),(326,416,2),(326,414,3),(326,418,4),(326,417,5),(326,419,6),(326,415,1),(326,416,2),(326,414,3),(326,419,4),(326,417,5),(326,418,6),(326,416,1),(326,414,2),(326,415,3),(326,417,4),(326,418,5),(326,419,6),(326,416,1),(326,414,2),(326,415,3),(326,417,4),(326,419,5),(326,418,6),(326,416,1),(326,414,2),(326,415,3),(326,418,4),(326,417,5),(326,419,6),(326,416,1),(326,414,2),(326,415,3),(326,419,4),(326,417,5),(326,418,6),(326,416,1),(326,415,2),(326,414,3),(326,417,4),(326,418,5),(326,419,6),(326,416,1),(326,415,2),(326,414,3),(326,417,4),(326,419,5),(326,418,6),(326,416,1),(326,415,2),(326,414,3),(326,418,4),(326,417,5),(326,419,6),(326,416,1),(326,415,2),(326,414,3),(326,419,4),(326,417,5),(326,418,6),(327,414,1),(327,415,2),(327,416,3),(327,417,4),(327,418,5),(327,419,6),(327,414,1),(327,415,2),(327,416,3),(327,417,4),(327,419,5),(327,418,6),(327,414,1),(327,415,2),(327,416,3),(327,418,4),(327,417,5),(327,419,6),(327,414,1),(327,415,2),(327,416,3),(327,419,4),(327,417,5),(327,418,6),(327,414,1),(327,416,2),(327,415,3),(327,417,4),(327,418,5),(327,419,6),(327,414,1),(327,416,2),(327,415,3),(327,417,4),(327,419,5),(327,418,6),(327,414,1),(327,416,2),(327,415,3),(327,418,4),(327,417,5),(327,419,6),(327,414,1),(327,416,2),(327,415,3),(327,419,4),(327,417,5),(327,418,6),(327,415,1),(327,414,2),(327,416,3),(327,417,4),(327,418,5),(327,419,6),(327,415,1),(327,414,2),(327,416,3),(327,417,4),(327,419,5),(327,418,6),(327,415,1),(327,414,2),(327,416,3),(327,418,4),(327,417,5),(327,419,6),(327,415,1),(327,414,2),(327,416,3),(327,419,4),(327,417,5),(327,418,6),(327,415,1),(327,416,2),(327,414,3),(327,417,4),(327,418,5),(327,419,6),(327,415,1),(327,416,2),(327,414,3),(327,417,4),(327,419,5),(327,418,6),(327,415,1),(327,416,2),(327,414,3),(327,418,4),(327,417,5),(327,419,6),(327,415,1),(327,416,2),(327,414,3),(327,419,4),(327,417,5),(327,418,6),(327,416,1),(327,414,2),(327,415,3),(327,417,4),(327,418,5),(327,419,6),(327,416,1),(327,414,2),(327,415,3),(327,417,4),(327,419,5),(327,418,6),(327,416,1),(327,414,2),(327,415,3),(327,418,4),(327,417,5),(327,419,6),(327,416,1),(327,414,2),(327,415,3),(327,419,4),(327,417,5),(327,418,6),(327,416,1),(327,415,2),(327,414,3),(327,417,4),(327,418,5),(327,419,6),(327,416,1),(327,415,2),(327,414,3),(327,417,4),(327,419,5),(327,418,6),(327,416,1),(327,415,2),(327,414,3),(327,418,4),(327,417,5),(327,419,6),(327,416,1),(327,415,2),(327,414,3),(327,419,4),(327,417,5),(327,418,6),(328,414,1),(328,415,2),(328,416,3),(328,417,4),(328,418,5),(328,419,6),(328,414,1),(328,415,2),(328,416,3),(328,417,4),(328,419,5),(328,418,6),(328,414,1),(328,415,2),(328,416,3),(328,418,4),(328,417,5),(328,419,6),(328,414,1),(328,415,2),(328,416,3),(328,419,4),(328,417,5),(328,418,6),(328,414,1),(328,416,2),(328,415,3),(328,417,4),(328,418,5),(328,419,6),(328,414,1),(328,416,2),(328,415,3),(328,417,4),(328,419,5),(328,418,6),(328,414,1),(328,416,2),(328,415,3),(328,418,4),(328,417,5),(328,419,6),(328,414,1),(328,416,2),(328,415,3),(328,419,4),(328,417,5),(328,418,6),(328,415,1),(328,414,2),(328,416,3),(328,417,4),(328,418,5),(328,419,6),(328,415,1),(328,414,2),(328,416,3),(328,417,4),(328,419,5),(328,418,6),(328,415,1),(328,414,2),(328,416,3),(328,418,4),(328,417,5),(328,419,6),(328,415,1),(328,414,2),(328,416,3),(328,419,4),(328,417,5),(328,418,6),(328,415,1),(328,416,2),(328,414,3),(328,417,4),(328,418,5),(328,419,6),(328,415,1),(328,416,2),(328,414,3),(328,417,4),(328,419,5),(328,418,6),(328,415,1),(328,416,2),(328,414,3),(328,418,4),(328,417,5),(328,419,6),(328,415,1),(328,416,2),(328,414,3),(328,419,4),(328,417,5),(328,418,6),(328,416,1),(328,414,2),(328,415,3),(328,417,4),(328,418,5),(328,419,6),(328,416,1),(328,414,2),(328,415,3),(328,417,4),(328,419,5),(328,418,6),(328,416,1),(328,414,2),(328,415,3),(328,418,4),(328,417,5),(328,419,6),(328,416,1),(328,414,2),(328,415,3),(328,419,4),(328,417,5),(328,418,6),(328,416,1),(328,415,2),(328,414,3),(328,417,4),(328,418,5),(328,419,6),(328,416,1),(328,415,2),(328,414,3),(328,417,4),(328,419,5),(328,418,6),(328,416,1),(328,415,2),(328,414,3),(328,418,4),(328,417,5),(328,419,6),(328,416,1),(328,415,2),(328,414,3),(328,419,4),(328,417,5),(328,418,6),(329,414,1),(329,415,2),(329,416,3),(329,417,4),(329,418,5),(329,419,6),(329,414,1),(329,415,2),(329,416,3),(329,417,4),(329,419,5),(329,418,6),(329,414,1),(329,415,2),(329,416,3),(329,418,4),(329,417,5),(329,419,6),(329,414,1),(329,415,2),(329,416,3),(329,419,4),(329,417,5),(329,418,6),(329,414,1),(329,416,2),(329,415,3),(329,417,4),(329,418,5),(329,419,6),(329,414,1),(329,416,2),(329,415,3),(329,417,4),(329,419,5),(329,418,6),(329,414,1),(329,416,2),(329,415,3),(329,418,4),(329,417,5),(329,419,6),(329,414,1),(329,416,2),(329,415,3),(329,419,4),(329,417,5),(329,418,6),(329,415,1),(329,414,2),(329,416,3),(329,417,4),(329,418,5),(329,419,6),(329,415,1),(329,414,2),(329,416,3),(329,417,4),(329,419,5),(329,418,6),(329,415,1),(329,414,2),(329,416,3),(329,418,4),(329,417,5),(329,419,6),(329,415,1),(329,414,2),(329,416,3),(329,419,4),(329,417,5),(329,418,6),(329,415,1),(329,416,2),(329,414,3),(329,417,4),(329,418,5),(329,419,6),(329,415,1),(329,416,2),(329,414,3),(329,417,4),(329,419,5),(329,418,6),(329,415,1),(329,416,2),(329,414,3),(329,418,4),(329,417,5),(329,419,6),(329,415,1),(329,416,2),(329,414,3),(329,419,4),(329,417,5),(329,418,6),(329,416,1),(329,414,2),(329,415,3),(329,417,4),(329,418,5),(329,419,6),(329,416,1),(329,414,2),(329,415,3),(329,417,4),(329,419,5),(329,418,6),(329,416,1),(329,414,2),(329,415,3),(329,418,4),(329,417,5),(329,419,6),(329,416,1),(329,414,2),(329,415,3),(329,419,4),(329,417,5),(329,418,6),(329,416,1),(329,415,2),(329,414,3),(329,417,4),(329,418,5),(329,419,6),(329,416,1),(329,415,2),(329,414,3),(329,417,4),(329,419,5),(329,418,6),(329,416,1),(329,415,2),(329,414,3),(329,418,4),(329,417,5),(329,419,6),(329,416,1),(329,415,2),(329,414,3),(329,419,4),(329,417,5),(329,418,6),(330,420,1),(330,421,2),(330,422,3),(330,423,4),(330,424,5),(330,425,6),(330,420,1),(330,421,2),(330,422,3),(330,423,4),(330,425,5),(330,424,6),(330,420,1),(330,421,2),(330,422,3),(330,424,4),(330,423,5),(330,425,6),(330,420,1),(330,421,2),(330,422,3),(330,425,4),(330,423,5),(330,424,6),(330,420,1),(330,422,2),(330,421,3),(330,423,4),(330,424,5),(330,425,6),(330,420,1),(330,422,2),(330,421,3),(330,423,4),(330,425,5),(330,424,6),(330,420,1),(330,422,2),(330,421,3),(330,424,4),(330,423,5),(330,425,6),(330,420,1),(330,422,2),(330,421,3),(330,425,4),(330,423,5),(330,424,6),(330,421,1),(330,420,2),(330,422,3),(330,423,4),(330,424,5),(330,425,6),(330,421,1),(330,420,2),(330,422,3),(330,423,4),(330,425,5),(330,424,6),(330,421,1),(330,420,2),(330,422,3),(330,424,4),(330,423,5),(330,425,6),(330,421,1),(330,420,2),(330,422,3),(330,425,4),(330,423,5),(330,424,6),(330,421,1),(330,422,2),(330,420,3),(330,423,4),(330,424,5),(330,425,6),(330,421,1),(330,422,2),(330,420,3),(330,423,4),(330,425,5),(330,424,6),(330,421,1),(330,422,2),(330,420,3),(330,424,4),(330,423,5),(330,425,6),(330,421,1),(330,422,2),(330,420,3),(330,425,4),(330,423,5),(330,424,6),(330,422,1),(330,420,2),(330,421,3),(330,423,4),(330,424,5),(330,425,6),(330,422,1),(330,420,2),(330,421,3),(330,423,4),(330,425,5),(330,424,6),(330,422,1),(330,420,2),(330,421,3),(330,424,4),(330,423,5),(330,425,6),(330,422,1),(330,420,2),(330,421,3),(330,425,4),(330,423,5),(330,424,6),(330,422,1),(330,421,2),(330,420,3),(330,423,4),(330,424,5),(330,425,6),(330,422,1),(330,421,2),(330,420,3),(330,423,4),(330,425,5),(330,424,6),(330,422,1),(330,421,2),(330,420,3),(330,424,4),(330,423,5),(330,425,6),(330,422,1),(330,421,2),(330,420,3),(330,425,4),(330,423,5),(330,424,6),(331,420,1),(331,421,2),(331,422,3),(331,423,4),(331,424,5),(331,425,6),(331,420,1),(331,421,2),(331,422,3),(331,423,4),(331,425,5),(331,424,6),(331,420,1),(331,421,2),(331,422,3),(331,424,4),(331,423,5),(331,425,6),(331,420,1),(331,421,2),(331,422,3),(331,425,4),(331,423,5),(331,424,6),(331,420,1),(331,422,2),(331,421,3),(331,423,4),(331,424,5),(331,425,6),(331,420,1),(331,422,2),(331,421,3),(331,423,4),(331,425,5),(331,424,6),(331,420,1),(331,422,2),(331,421,3),(331,424,4),(331,423,5),(331,425,6),(331,420,1),(331,422,2),(331,421,3),(331,425,4),(331,423,5),(331,424,6),(331,421,1),(331,420,2),(331,422,3),(331,423,4),(331,424,5),(331,425,6),(331,421,1),(331,420,2),(331,422,3),(331,423,4),(331,425,5),(331,424,6),(331,421,1),(331,420,2),(331,422,3),(331,424,4),(331,423,5),(331,425,6),(331,421,1),(331,420,2),(331,422,3),(331,425,4),(331,423,5),(331,424,6),(331,421,1),(331,422,2),(331,420,3),(331,423,4),(331,424,5),(331,425,6),(331,421,1),(331,422,2),(331,420,3),(331,423,4),(331,425,5),(331,424,6),(331,421,1),(331,422,2),(331,420,3),(331,424,4),(331,423,5),(331,425,6),(331,421,1),(331,422,2),(331,420,3),(331,425,4),(331,423,5),(331,424,6),(331,422,1),(331,420,2),(331,421,3),(331,423,4),(331,424,5),(331,425,6),(331,422,1),(331,420,2),(331,421,3),(331,423,4),(331,425,5),(331,424,6),(331,422,1),(331,420,2),(331,421,3),(331,424,4),(331,423,5),(331,425,6),(331,422,1),(331,420,2),(331,421,3),(331,425,4),(331,423,5),(331,424,6),(331,422,1),(331,421,2),(331,420,3),(331,423,4),(331,424,5),(331,425,6),(331,422,1),(331,421,2),(331,420,3),(331,423,4),(331,425,5),(331,424,6),(331,422,1),(331,421,2),(331,420,3),(331,424,4),(331,423,5),(331,425,6),(331,422,1),(331,421,2),(331,420,3),(331,425,4),(331,423,5),(331,424,6),(332,420,1),(332,421,2),(332,422,3),(332,423,4),(332,424,5),(332,425,6),(332,420,1),(332,421,2),(332,422,3),(332,423,4),(332,425,5),(332,424,6),(332,420,1),(332,421,2),(332,422,3),(332,424,4),(332,423,5),(332,425,6),(332,420,1),(332,421,2),(332,422,3),(332,425,4),(332,423,5),(332,424,6),(332,420,1),(332,422,2),(332,421,3),(332,423,4),(332,424,5),(332,425,6),(332,420,1),(332,422,2),(332,421,3),(332,423,4),(332,425,5),(332,424,6),(332,420,1),(332,422,2),(332,421,3),(332,424,4),(332,423,5),(332,425,6),(332,420,1),(332,422,2),(332,421,3),(332,425,4),(332,423,5),(332,424,6),(332,421,1),(332,420,2),(332,422,3),(332,423,4),(332,424,5),(332,425,6),(332,421,1),(332,420,2),(332,422,3),(332,423,4),(332,425,5),(332,424,6),(332,421,1),(332,420,2),(332,422,3),(332,424,4),(332,423,5),(332,425,6),(332,421,1),(332,420,2),(332,422,3),(332,425,4),(332,423,5),(332,424,6),(332,421,1),(332,422,2),(332,420,3),(332,423,4),(332,424,5),(332,425,6),(332,421,1),(332,422,2),(332,420,3),(332,423,4),(332,425,5),(332,424,6),(332,421,1),(332,422,2),(332,420,3),(332,424,4),(332,423,5),(332,425,6),(332,421,1),(332,422,2),(332,420,3),(332,425,4),(332,423,5),(332,424,6),(332,422,1),(332,420,2),(332,421,3),(332,423,4),(332,424,5),(332,425,6),(332,422,1),(332,420,2),(332,421,3),(332,423,4),(332,425,5),(332,424,6),(332,422,1),(332,420,2),(332,421,3),(332,424,4),(332,423,5),(332,425,6),(332,422,1),(332,420,2),(332,421,3),(332,425,4),(332,423,5),(332,424,6),(332,422,1),(332,421,2),(332,420,3),(332,423,4),(332,424,5),(332,425,6),(332,422,1),(332,421,2),(332,420,3),(332,423,4),(332,425,5),(332,424,6),(332,422,1),(332,421,2),(332,420,3),(332,424,4),(332,423,5),(332,425,6),(332,422,1),(332,421,2),(332,420,3),(332,425,4),(332,423,5),(332,424,6),(333,420,1),(333,421,2),(333,422,3),(333,423,4),(333,424,5),(333,425,6),(333,420,1),(333,421,2),(333,422,3),(333,423,4),(333,425,5),(333,424,6),(333,420,1),(333,421,2),(333,422,3),(333,424,4),(333,423,5),(333,425,6),(333,420,1),(333,421,2),(333,422,3),(333,425,4),(333,423,5),(333,424,6),(333,420,1),(333,422,2),(333,421,3),(333,423,4),(333,424,5),(333,425,6),(333,420,1),(333,422,2),(333,421,3),(333,423,4),(333,425,5),(333,424,6),(333,420,1),(333,422,2),(333,421,3),(333,424,4),(333,423,5),(333,425,6),(333,420,1),(333,422,2),(333,421,3),(333,425,4),(333,423,5),(333,424,6),(333,421,1),(333,420,2),(333,422,3),(333,423,4),(333,424,5),(333,425,6),(333,421,1),(333,420,2),(333,422,3),(333,423,4),(333,425,5),(333,424,6),(333,421,1),(333,420,2),(333,422,3),(333,424,4),(333,423,5),(333,425,6),(333,421,1),(333,420,2),(333,422,3),(333,425,4),(333,423,5),(333,424,6),(333,421,1),(333,422,2),(333,420,3),(333,423,4),(333,424,5),(333,425,6),(333,421,1),(333,422,2),(333,420,3),(333,423,4),(333,425,5),(333,424,6),(333,421,1),(333,422,2),(333,420,3),(333,424,4),(333,423,5),(333,425,6),(333,421,1),(333,422,2),(333,420,3),(333,425,4),(333,423,5),(333,424,6),(333,422,1),(333,420,2),(333,421,3),(333,423,4),(333,424,5),(333,425,6),(333,422,1),(333,420,2),(333,421,3),(333,423,4),(333,425,5),(333,424,6),(333,422,1),(333,420,2),(333,421,3),(333,424,4),(333,423,5),(333,425,6),(333,422,1),(333,420,2),(333,421,3),(333,425,4),(333,423,5),(333,424,6),(333,422,1),(333,421,2),(333,420,3),(333,423,4),(333,424,5),(333,425,6),(333,422,1),(333,421,2),(333,420,3),(333,423,4),(333,425,5),(333,424,6),(333,422,1),(333,421,2),(333,420,3),(333,424,4),(333,423,5),(333,425,6),(333,422,1),(333,421,2),(333,420,3),(333,425,4),(333,423,5),(333,424,6),(334,420,1),(334,421,2),(334,422,3),(334,423,4),(334,424,5),(334,425,6),(334,420,1),(334,421,2),(334,422,3),(334,423,4),(334,425,5),(334,424,6),(334,420,1),(334,421,2),(334,422,3),(334,424,4),(334,423,5),(334,425,6),(334,420,1),(334,421,2),(334,422,3),(334,425,4),(334,423,5),(334,424,6),(334,420,1),(334,422,2),(334,421,3),(334,423,4),(334,424,5),(334,425,6),(334,420,1),(334,422,2),(334,421,3),(334,423,4),(334,425,5),(334,424,6),(334,420,1),(334,422,2),(334,421,3),(334,424,4),(334,423,5),(334,425,6),(334,420,1),(334,422,2),(334,421,3),(334,425,4),(334,423,5),(334,424,6),(334,421,1),(334,420,2),(334,422,3),(334,423,4),(334,424,5),(334,425,6),(334,421,1),(334,420,2),(334,422,3),(334,423,4),(334,425,5),(334,424,6),(334,421,1),(334,420,2),(334,422,3),(334,424,4),(334,423,5),(334,425,6),(334,421,1),(334,420,2),(334,422,3),(334,425,4),(334,423,5),(334,424,6),(334,421,1),(334,422,2),(334,420,3),(334,423,4),(334,424,5),(334,425,6),(334,421,1),(334,422,2),(334,420,3),(334,423,4),(334,425,5),(334,424,6),(334,421,1),(334,422,2),(334,420,3),(334,424,4),(334,423,5),(334,425,6),(334,421,1),(334,422,2),(334,420,3),(334,425,4),(334,423,5),(334,424,6),(334,422,1),(334,420,2),(334,421,3),(334,423,4),(334,424,5),(334,425,6),(334,422,1),(334,420,2),(334,421,3),(334,423,4),(334,425,5),(334,424,6),(334,422,1),(334,420,2),(334,421,3),(334,424,4),(334,423,5),(334,425,6),(334,422,1),(334,420,2),(334,421,3),(334,425,4),(334,423,5),(334,424,6),(334,422,1),(334,421,2),(334,420,3),(334,423,4),(334,424,5),(334,425,6),(334,422,1),(334,421,2),(334,420,3),(334,423,4),(334,425,5),(334,424,6),(334,422,1),(334,421,2),(334,420,3),(334,424,4),(334,423,5),(334,425,6),(334,422,1),(334,421,2),(334,420,3),(334,425,4),(334,423,5),(334,424,6),(335,426,1),(335,427,2),(335,428,3),(335,429,4),(335,430,5),(335,431,6),(335,426,1),(335,427,2),(335,428,3),(335,429,4),(335,431,5),(335,430,6),(335,426,1),(335,427,2),(335,428,3),(335,430,4),(335,429,5),(335,431,6),(335,426,1),(335,427,2),(335,428,3),(335,431,4),(335,429,5),(335,430,6),(335,426,1),(335,428,2),(335,427,3),(335,429,4),(335,430,5),(335,431,6),(335,426,1),(335,428,2),(335,427,3),(335,429,4),(335,431,5),(335,430,6),(335,426,1),(335,428,2),(335,427,3),(335,430,4),(335,429,5),(335,431,6),(335,426,1),(335,428,2),(335,427,3),(335,431,4),(335,429,5),(335,430,6),(335,427,1),(335,426,2),(335,428,3),(335,429,4),(335,430,5),(335,431,6),(335,427,1),(335,426,2),(335,428,3),(335,429,4),(335,431,5),(335,430,6),(335,427,1),(335,426,2),(335,428,3),(335,430,4),(335,429,5),(335,431,6),(335,427,1),(335,426,2),(335,428,3),(335,431,4),(335,429,5),(335,430,6),(335,427,1),(335,428,2),(335,426,3),(335,429,4),(335,430,5),(335,431,6),(335,427,1),(335,428,2),(335,426,3),(335,429,4),(335,431,5),(335,430,6),(335,427,1),(335,428,2),(335,426,3),(335,430,4),(335,429,5),(335,431,6),(335,427,1),(335,428,2),(335,426,3),(335,431,4),(335,429,5),(335,430,6),(335,428,1),(335,426,2),(335,427,3),(335,429,4),(335,430,5),(335,431,6),(335,428,1),(335,426,2),(335,427,3),(335,429,4),(335,431,5),(335,430,6),(335,428,1),(335,426,2),(335,427,3),(335,430,4),(335,429,5),(335,431,6),(335,428,1),(335,426,2),(335,427,3),(335,431,4),(335,429,5),(335,430,6),(335,428,1),(335,427,2),(335,426,3),(335,429,4),(335,430,5),(335,431,6),(335,428,1),(335,427,2),(335,426,3),(335,429,4),(335,431,5),(335,430,6),(335,428,1),(335,427,2),(335,426,3),(335,430,4),(335,429,5),(335,431,6),(335,428,1),(335,427,2),(335,426,3),(335,431,4),(335,429,5),(335,430,6),(336,426,1),(336,427,2),(336,428,3),(336,429,4),(336,430,5),(336,431,6),(336,426,1),(336,427,2),(336,428,3),(336,429,4),(336,431,5),(336,430,6),(336,426,1),(336,427,2),(336,428,3),(336,430,4),(336,429,5),(336,431,6),(336,426,1),(336,427,2),(336,428,3),(336,431,4),(336,429,5),(336,430,6),(336,426,1),(336,428,2),(336,427,3),(336,429,4),(336,430,5),(336,431,6),(336,426,1),(336,428,2),(336,427,3),(336,429,4),(336,431,5),(336,430,6),(336,426,1),(336,428,2),(336,427,3),(336,430,4),(336,429,5),(336,431,6),(336,426,1),(336,428,2),(336,427,3),(336,431,4),(336,429,5),(336,430,6),(336,427,1),(336,426,2),(336,428,3),(336,429,4),(336,430,5),(336,431,6),(336,427,1),(336,426,2),(336,428,3),(336,429,4),(336,431,5),(336,430,6),(336,427,1),(336,426,2),(336,428,3),(336,430,4),(336,429,5),(336,431,6),(336,427,1),(336,426,2),(336,428,3),(336,431,4),(336,429,5),(336,430,6),(336,427,1),(336,428,2),(336,426,3),(336,429,4),(336,430,5),(336,431,6),(336,427,1),(336,428,2),(336,426,3),(336,429,4),(336,431,5),(336,430,6),(336,427,1),(336,428,2),(336,426,3),(336,430,4),(336,429,5),(336,431,6),(336,427,1),(336,428,2),(336,426,3),(336,431,4),(336,429,5),(336,430,6),(336,428,1),(336,426,2),(336,427,3),(336,429,4),(336,430,5),(336,431,6),(336,428,1),(336,426,2),(336,427,3),(336,429,4),(336,431,5),(336,430,6),(336,428,1),(336,426,2),(336,427,3),(336,430,4),(336,429,5),(336,431,6),(336,428,1),(336,426,2),(336,427,3),(336,431,4),(336,429,5),(336,430,6),(336,428,1),(336,427,2),(336,426,3),(336,429,4),(336,430,5),(336,431,6),(336,428,1),(336,427,2),(336,426,3),(336,429,4),(336,431,5),(336,430,6),(336,428,1),(336,427,2),(336,426,3),(336,430,4),(336,429,5),(336,431,6),(336,428,1),(336,427,2),(336,426,3),(336,431,4),(336,429,5),(336,430,6),(337,426,1),(337,427,2),(337,428,3),(337,429,4),(337,430,5),(337,431,6),(337,426,1),(337,427,2),(337,428,3),(337,429,4),(337,431,5),(337,430,6),(337,426,1),(337,427,2),(337,428,3),(337,430,4),(337,429,5),(337,431,6),(337,426,1),(337,427,2),(337,428,3),(337,431,4),(337,429,5),(337,430,6),(337,426,1),(337,428,2),(337,427,3),(337,429,4),(337,430,5),(337,431,6),(337,426,1),(337,428,2),(337,427,3),(337,429,4),(337,431,5),(337,430,6),(337,426,1),(337,428,2),(337,427,3),(337,430,4),(337,429,5),(337,431,6),(337,426,1),(337,428,2),(337,427,3),(337,431,4),(337,429,5),(337,430,6),(337,427,1),(337,426,2),(337,428,3),(337,429,4),(337,430,5),(337,431,6),(337,427,1),(337,426,2),(337,428,3),(337,429,4),(337,431,5),(337,430,6),(337,427,1),(337,426,2),(337,428,3),(337,430,4),(337,429,5),(337,431,6),(337,427,1),(337,426,2),(337,428,3),(337,431,4),(337,429,5),(337,430,6),(337,427,1),(337,428,2),(337,426,3),(337,429,4),(337,430,5),(337,431,6),(337,427,1),(337,428,2),(337,426,3),(337,429,4),(337,431,5),(337,430,6),(337,427,1),(337,428,2),(337,426,3),(337,430,4),(337,429,5),(337,431,6),(337,427,1),(337,428,2),(337,426,3),(337,431,4),(337,429,5),(337,430,6),(337,428,1),(337,426,2),(337,427,3),(337,429,4),(337,430,5),(337,431,6),(337,428,1),(337,426,2),(337,427,3),(337,429,4),(337,431,5),(337,430,6),(337,428,1),(337,426,2),(337,427,3),(337,430,4),(337,429,5),(337,431,6),(337,428,1),(337,426,2),(337,427,3),(337,431,4),(337,429,5),(337,430,6),(337,428,1),(337,427,2),(337,426,3),(337,429,4),(337,430,5),(337,431,6),(337,428,1),(337,427,2),(337,426,3),(337,429,4),(337,431,5),(337,430,6),(337,428,1),(337,427,2),(337,426,3),(337,430,4),(337,429,5),(337,431,6),(337,428,1),(337,427,2),(337,426,3),(337,431,4),(337,429,5),(337,430,6),(338,426,1),(338,427,2),(338,428,3),(338,429,4),(338,430,5),(338,431,6),(338,426,1),(338,427,2),(338,428,3),(338,429,4),(338,431,5),(338,430,6),(338,426,1),(338,427,2),(338,428,3),(338,430,4),(338,429,5),(338,431,6),(338,426,1),(338,427,2),(338,428,3),(338,431,4),(338,429,5),(338,430,6),(338,426,1),(338,428,2),(338,427,3),(338,429,4),(338,430,5),(338,431,6),(338,426,1),(338,428,2),(338,427,3),(338,429,4),(338,431,5),(338,430,6),(338,426,1),(338,428,2),(338,427,3),(338,430,4),(338,429,5),(338,431,6),(338,426,1),(338,428,2),(338,427,3),(338,431,4),(338,429,5),(338,430,6),(338,427,1),(338,426,2),(338,428,3),(338,429,4),(338,430,5),(338,431,6),(338,427,1),(338,426,2),(338,428,3),(338,429,4),(338,431,5),(338,430,6),(338,427,1),(338,426,2),(338,428,3),(338,430,4),(338,429,5),(338,431,6),(338,427,1),(338,426,2),(338,428,3),(338,431,4),(338,429,5),(338,430,6),(338,427,1),(338,428,2),(338,426,3),(338,429,4),(338,430,5),(338,431,6),(338,427,1),(338,428,2),(338,426,3),(338,429,4),(338,431,5),(338,430,6),(338,427,1),(338,428,2),(338,426,3),(338,430,4),(338,429,5),(338,431,6),(338,427,1),(338,428,2),(338,426,3),(338,431,4),(338,429,5),(338,430,6),(338,428,1),(338,426,2),(338,427,3),(338,429,4),(338,430,5),(338,431,6),(338,428,1),(338,426,2),(338,427,3),(338,429,4),(338,431,5),(338,430,6),(338,428,1),(338,426,2),(338,427,3),(338,430,4),(338,429,5),(338,431,6),(338,428,1),(338,426,2),(338,427,3),(338,431,4),(338,429,5),(338,430,6),(338,428,1),(338,427,2),(338,426,3),(338,429,4),(338,430,5),(338,431,6),(338,428,1),(338,427,2),(338,426,3),(338,429,4),(338,431,5),(338,430,6),(338,428,1),(338,427,2),(338,426,3),(338,430,4),(338,429,5),(338,431,6),(338,428,1),(338,427,2),(338,426,3),(338,431,4),(338,429,5),(338,430,6),(339,426,1),(339,427,2),(339,428,3),(339,429,4),(339,430,5),(339,431,6),(339,426,1),(339,427,2),(339,428,3),(339,429,4),(339,431,5),(339,430,6),(339,426,1),(339,427,2),(339,428,3),(339,430,4),(339,429,5),(339,431,6),(339,426,1),(339,427,2),(339,428,3),(339,431,4),(339,429,5),(339,430,6),(339,426,1),(339,428,2),(339,427,3),(339,429,4),(339,430,5),(339,431,6),(339,426,1),(339,428,2),(339,427,3),(339,429,4),(339,431,5),(339,430,6),(339,426,1),(339,428,2),(339,427,3),(339,430,4),(339,429,5),(339,431,6),(339,426,1),(339,428,2),(339,427,3),(339,431,4),(339,429,5),(339,430,6),(339,427,1),(339,426,2),(339,428,3),(339,429,4),(339,430,5),(339,431,6),(339,427,1),(339,426,2),(339,428,3),(339,429,4),(339,431,5),(339,430,6),(339,427,1),(339,426,2),(339,428,3),(339,430,4),(339,429,5),(339,431,6),(339,427,1),(339,426,2),(339,428,3),(339,431,4),(339,429,5),(339,430,6),(339,427,1),(339,428,2),(339,426,3),(339,429,4),(339,430,5),(339,431,6),(339,427,1),(339,428,2),(339,426,3),(339,429,4),(339,431,5),(339,430,6),(339,427,1),(339,428,2),(339,426,3),(339,430,4),(339,429,5),(339,431,6),(339,427,1),(339,428,2),(339,426,3),(339,431,4),(339,429,5),(339,430,6),(339,428,1),(339,426,2),(339,427,3),(339,429,4),(339,430,5),(339,431,6),(339,428,1),(339,426,2),(339,427,3),(339,429,4),(339,431,5),(339,430,6),(339,428,1),(339,426,2),(339,427,3),(339,430,4),(339,429,5),(339,431,6),(339,428,1),(339,426,2),(339,427,3),(339,431,4),(339,429,5),(339,430,6),(339,428,1),(339,427,2),(339,426,3),(339,429,4),(339,430,5),(339,431,6),(339,428,1),(339,427,2),(339,426,3),(339,429,4),(339,431,5),(339,430,6),(339,428,1),(339,427,2),(339,426,3),(339,430,4),(339,429,5),(339,431,6),(339,428,1),(339,427,2),(339,426,3),(339,431,4),(339,429,5),(339,430,6);
/*!40000 ALTER TABLE `component_operation_mapping` ENABLE KEYS */;
UNLOCK TABLES;

--
-- Table structure for table `component_processing_state`
--

DROP TABLE IF EXISTS `component_processing_state`;
/*!40101 SET @saved_cs_client     = @@character_set_client */;
/*!40101 SET character_set_client = utf8 */;
CREATE TABLE `component_processing_state` (
  `componentId` int(11) NOT NULL,
  `simulationId` int(11) NOT NULL,
  `sequenceNum` int(11) NOT NULL,
  `operationId` int(11) NOT NULL,
  `start_time` bigint(14) NOT NULL,
  `end_time` bigint(14) DEFAULT NULL,
  `assemblyId` int(11) NOT NULL,
  `status` varchar(45) NOT NULL,
  `failWaitTime` int(11) DEFAULT NULL,
  `actualOperationTime` int(11) NOT NULL,
  `version` int(11) NOT NULL,
  PRIMARY KEY (`componentId`,`simulationId`,`assemblyId`,`operationId`,`sequenceNum`,`start_time`)
) ENGINE=InnoDB DEFAULT CHARSET=utf8;
/*!40101 SET character_set_client = @saved_cs_client */;

--
-- Dumping data for table `component_processing_state`
--

LOCK TABLES `component_processing_state` WRITE;
/*!40000 ALTER TABLE `component_processing_state` DISABLE KEYS */;
/*!40000 ALTER TABLE `component_processing_state` ENABLE KEYS */;
UNLOCK TABLES;

--
-- Table structure for table `component_state`
--

DROP TABLE IF EXISTS `component_state`;
/*!40101 SET @saved_cs_client     = @@character_set_client */;
/*!40101 SET character_set_client = utf8 */;
CREATE TABLE `component_state` (
  `name` varchar(255) NOT NULL,
  PRIMARY KEY (`name`),
  UNIQUE KEY `name_UNIQUE1` (`name`)
) ENGINE=InnoDB DEFAULT CHARSET=utf8;
/*!40101 SET character_set_client = @saved_cs_client */;

--
-- Dumping data for table `component_state`
--

LOCK TABLES `component_state` WRITE;
/*!40000 ALTER TABLE `component_state` DISABLE KEYS */;
/*!40000 ALTER TABLE `component_state` ENABLE KEYS */;
UNLOCK TABLES;

--
-- Table structure for table `simulation`
--

DROP TABLE IF EXISTS `simulation`;
/*!40101 SET @saved_cs_client     = @@character_set_client */;
/*!40101 SET character_set_client = utf8 */;
CREATE TABLE `simulation` (
  `id` int(11) NOT NULL AUTO_INCREMENT,
  `name` varchar(255) NOT NULL,
  `desc` varchar(500) DEFAULT NULL,
  `starttime` bigint(22) DEFAULT NULL,
  `endtime` bigint(22) DEFAULT NULL,
  `version` int(11) NOT NULL,
  PRIMARY KEY (`id`)
) ENGINE=InnoDB AUTO_INCREMENT=17 DEFAULT CHARSET=utf8;
/*!40101 SET character_set_client = @saved_cs_client */;

--
-- Dumping data for table `simulation`
--

LOCK TABLES `simulation` WRITE;
/*!40000 ALTER TABLE `simulation` DISABLE KEYS */;
/*!40000 ALTER TABLE `simulation` ENABLE KEYS */;
UNLOCK TABLES;

--
-- Table structure for table `simulationA2ATransportTime`
--

DROP TABLE IF EXISTS `simulationA2ATransportTime`;
/*!40101 SET @saved_cs_client     = @@character_set_client */;
/*!40101 SET character_set_client = utf8 */;
CREATE TABLE `simulationA2ATransportTime` (
  `assemblyId1` int(11) NOT NULL,
  `assemblyId2` int(11) NOT NULL,
  `simulationId` int(11) NOT NULL,
  `transportTime` int(11) NOT NULL,
  PRIMARY KEY (`assemblyId1`,`simulationId`,`assemblyId2`),
  KEY `fk_new_table_2_idx` (`assemblyId2`),
  KEY `fk_new_table_4_idx` (`simulationId`),
  CONSTRAINT `fk_new_table_1` FOREIGN KEY (`assemblyId1`) REFERENCES `Assembly` (`id`) ON DELETE CASCADE ON UPDATE CASCADE,
  CONSTRAINT `fk_new_table_2` FOREIGN KEY (`assemblyId2`) REFERENCES `Assembly` (`id`) ON DELETE CASCADE ON UPDATE CASCADE,
  CONSTRAINT `fk_new_table_4` FOREIGN KEY (`simulationId`) REFERENCES `simulation` (`id`) ON DELETE CASCADE ON UPDATE CASCADE
) ENGINE=InnoDB DEFAULT CHARSET=latin1;
/*!40101 SET character_set_client = @saved_cs_client */;

--
-- Dumping data for table `simulationA2ATransportTime`
--

LOCK TABLES `simulationA2ATransportTime` WRITE;
/*!40000 ALTER TABLE `simulationA2ATransportTime` DISABLE KEYS */;
/*!40000 ALTER TABLE `simulationA2ATransportTime` ENABLE KEYS */;
UNLOCK TABLES;

--
-- Table structure for table `simulationC2ATransportTime`
--

DROP TABLE IF EXISTS `simulationC2ATransportTime`;
/*!40101 SET @saved_cs_client     = @@character_set_client */;
/*!40101 SET character_set_client = utf8 */;
CREATE TABLE `simulationC2ATransportTime` (
  `assemblyId` int(11) NOT NULL,
  `componentId` int(11) NOT NULL,
  `simulationId` int(11) NOT NULL,
  `transportTime` int(11) DEFAULT NULL,
  PRIMARY KEY (`assemblyId`,`componentId`,`simulationId`),
  KEY `fk_simulationC2ATransportTime_2_idx` (`componentId`),
  KEY `fk_simulationC2ATransportTime_3_idx` (`simulationId`),
  CONSTRAINT `fk_simulationC2ATransportTime_1` FOREIGN KEY (`assemblyId`) REFERENCES `Assembly` (`id`) ON DELETE CASCADE ON UPDATE CASCADE,
  CONSTRAINT `fk_simulationC2ATransportTime_2` FOREIGN KEY (`componentId`) REFERENCES `Component` (`id`) ON DELETE CASCADE ON UPDATE CASCADE,
  CONSTRAINT `fk_simulationC2ATransportTime_3` FOREIGN KEY (`simulationId`) REFERENCES `simulation` (`id`) ON DELETE CASCADE ON UPDATE CASCADE
) ENGINE=InnoDB DEFAULT CHARSET=latin1;
/*!40101 SET character_set_client = @saved_cs_client */;

--
-- Dumping data for table `simulationC2ATransportTime`
--

LOCK TABLES `simulationC2ATransportTime` WRITE;
/*!40000 ALTER TABLE `simulationC2ATransportTime` DISABLE KEYS */;
/*!40000 ALTER TABLE `simulationC2ATransportTime` ENABLE KEYS */;
UNLOCK TABLES;

--
-- Table structure for table `simulationJson`
--

DROP TABLE IF EXISTS `simulationJson`;
/*!40101 SET @saved_cs_client     = @@character_set_client */;
/*!40101 SET character_set_client = utf8 */;
CREATE TABLE `simulationJson` (
  `simulationId` int(11) NOT NULL,
  `jsonData` blob,
  PRIMARY KEY (`simulationId`),
  UNIQUE KEY `simulationId_UNIQUE` (`simulationId`),
  CONSTRAINT `fk_simulationJson_1` FOREIGN KEY (`simulationId`) REFERENCES `simulation` (`id`) ON DELETE CASCADE ON UPDATE CASCADE
) ENGINE=InnoDB DEFAULT CHARSET=latin1;
/*!40101 SET character_set_client = @saved_cs_client */;

--
-- Dumping data for table `simulationJson`
--

LOCK TABLES `simulationJson` WRITE;
/*!40000 ALTER TABLE `simulationJson` DISABLE KEYS */;
/*!40000 ALTER TABLE `simulationJson` ENABLE KEYS */;
UNLOCK TABLES;

--
-- Table structure for table `simulation_component_mapping`
--

DROP TABLE IF EXISTS `simulation_component_mapping`;
/*!40101 SET @saved_cs_client     = @@character_set_client */;
/*!40101 SET character_set_client = utf8 */;
CREATE TABLE `simulation_component_mapping` (
  `simulation_id` int(11) NOT NULL,
  `component_id` int(11) NOT NULL,
  `url` varchar(255) DEFAULT NULL,
  KEY `fk_simulation_component_mapping_1_idx` (`component_id`),
  KEY `fk_simulation_component_mapping_2_idx` (`simulation_id`),
  CONSTRAINT `fk_simulation_component_mapping_1` FOREIGN KEY (`component_id`) REFERENCES `Component` (`id`) ON DELETE CASCADE ON UPDATE CASCADE,
  CONSTRAINT `fk_simulation_component_mapping_2` FOREIGN KEY (`simulation_id`) REFERENCES `simulation` (`id`) ON DELETE CASCADE ON UPDATE CASCADE
) ENGINE=InnoDB DEFAULT CHARSET=utf8;
/*!40101 SET character_set_client = @saved_cs_client */;

--
-- Dumping data for table `simulation_component_mapping`
--

LOCK TABLES `simulation_component_mapping` WRITE;
/*!40000 ALTER TABLE `simulation_component_mapping` DISABLE KEYS */;
/*!40000 ALTER TABLE `simulation_component_mapping` ENABLE KEYS */;
UNLOCK TABLES;
/*!40103 SET TIME_ZONE=@OLD_TIME_ZONE */;

/*!40101 SET SQL_MODE=@OLD_SQL_MODE */;
/*!40014 SET FOREIGN_KEY_CHECKS=@OLD_FOREIGN_KEY_CHECKS */;
/*!40014 SET UNIQUE_CHECKS=@OLD_UNIQUE_CHECKS */;
/*!40101 SET CHARACTER_SET_CLIENT=@OLD_CHARACTER_SET_CLIENT */;
/*!40101 SET CHARACTER_SET_RESULTS=@OLD_CHARACTER_SET_RESULTS */;
/*!40101 SET COLLATION_CONNECTION=@OLD_COLLATION_CONNECTION */;
/*!40111 SET SQL_NOTES=@OLD_SQL_NOTES */;

-- Dump completed on 2017-11-01 17:42:57